,Ticker,Date,Open,High,Low,Close,Volume,Target,Close_lag_1,Close_lag_2,Close_lag_3,Daily Return,Return_lag_1,Return_lag_2,MA_7,MA_30,STD_7,STD_30,Volume_lag_1,Volume_avg_7,Volume_change,30D RV,MA_ratio,HL_ratio,CO_ratio
30,AAPL,2010-08-10,33.276,33.353,32.984,33.221,125925550,-0.0355498028355557,33.52,33.307,33.513,-0.8920047732697056,0.6395052091151987,-0.6146868379434678,33.47342857142857,32.832566666666665,0.1554593806999935,0.6693995087381295,84312659.0,109584416.28571428,0.4935544850981392,1.5980989009352091,1.0195190924690192,1.011187242299297,0.9983471571102294
31,AAPL,2010-08-11,32.676,32.742,31.992,32.04,172348213,0.0064294631710362,33.221,33.52,33.307,-3.5549802835555755,-0.8920047732697056,0.6395052091151987,33.26028571428571,32.80703333333334,0.5595062449117514,0.6848778639332311,125925550.0,117217140.0,0.3686516596512781,1.5132629218633984,1.013815707636443,1.02344336084021,0.9805361733382298
32,AAPL,2010-08-12,31.579,32.412,31.521,32.246,148982213,-0.0107300130248714,32.04,33.221,33.52,0.6429463171036209,-3.5549802835555755,-0.8920047732697056,33.07485714285714,32.808166666666665,0.656490525083053,0.6838866655114473,172348213.0,121909327.42857143,-0.1355743676901367,1.481790974122719,1.0081287832660712,1.0282668697059103,1.0211216314639475
33,AAPL,2010-08-13,32.146,32.259,31.898,31.9,98812016,-0.0058307210031347,32.246,32.04,33.221,-1.073001302487142,0.6429463171036209,-3.5549802835555755,32.821000000000005,32.81073333333333,0.7248549280143465,0.6801963171651666,148982213.0,119283633.57142857,-0.3367529317073575,1.4781629585869185,1.0003129057361313,1.011317323970155,0.99234741491943
34,AAPL,2010-08-16,31.725,32.02,31.582,31.714,88596378,0.0174370940278743,31.9,32.246,32.04,-0.5830721003134753,-1.073001302487142,0.6429463171036209,32.564,32.813766666666666,0.7568278095665846,0.6748992611076685,98812016.0,120424793.28571428,-0.1033845721759183,1.4775006951568137,0.9923883573256348,1.0138686593629282,0.999653270291568
35,AAPL,2010-08-17,32.03,32.609,31.911,32.267,117743597,0.0043697895682894,31.714,31.9,32.246,1.74370940278743,-0.5830721003134753,-1.073001302487142,32.41542857142857,32.827933333333334,0.6853679929164396,0.6580478933064492,88596378.0,119531518.0,0.3289888329294905,1.506183587563812,0.987434336553684,1.0218733352135627,1.0073993131439276
36,AAPL,2010-08-18,32.342,32.614,32.219,32.408,94319941,-0.0125586274993829,32.267,31.714,31.9,0.4369789568289484,1.74370940278743,-0.5830721003134753,32.25657142857143,32.80403333333333,0.486775737940628,0.6599044592986905,117743597.0,120961129.71428572,-0.1989378326874115,1.3092638509624115,0.9833111404564508,1.0122598466743224,1.0020406901242966
37,AAPL,2010-08-19,32.372,32.461,31.847,32.001,118845562,-0.0009999687509764,32.408,32.267,31.714,-1.2558627499382968,0.4369789568289484,1.74370940278743,32.08228571428571,32.769,0.2395375504910767,0.674033100589024,94319941.0,119949702.85714284,0.2600258305929177,1.327040578192943,0.9790437826691604,1.01927968097466,0.98853947856172
38,AAPL,2010-08-20,31.933,32.516,31.887,31.969,106898327,-0.0153586286715254,32.001,32.408,32.267,-0.0999968750976409,-1.2558627499382968,0.4369789568289484,32.07214285714286,32.7264,0.2431031527092355,0.6831057675464103,118845562.0,110599719.14285716,-0.1005273970600602,1.3206494108105642,0.9800082764111806,1.0197259071094802,1.0011273604108604
39,AAPL,2010-08-23,32.241,32.272,31.406,31.478,115245205,-0.0238897007433763,31.969,32.001,32.408,-1.5358628671525487,-0.0999968750976409,-1.2558627499382968,31.96242857142857,32.67733333333334,0.3144078334175408,0.7184430164015024,106898327.0,105780146.57142857,0.0780824006721827,1.3386752662895196,0.978122304087295,1.027574348850538,0.9763344809404176
40,AAPL,2010-08-24,31.12,31.12,30.564,30.726,167541735,0.0123673761635099,31.478,31.969,32.001,-2.3889700743376374,-1.5358628671525487,-0.0999968750976409,31.794714285714285,32.6266,0.5658438283619118,0.7990254667729442,115245205.0,115598677.85714284,0.4537848667977118,1.3526628599486556,0.9745028377371312,1.0181913362125377,0.9873393316195372
41,AAPL,2010-08-25,30.726,31.246,30.379,31.106,166163230,-0.0107374783000064,30.726,31.478,31.969,1.236737616350991,-2.3889700743376374,-1.5358628671525487,31.70785714285714,32.584633333333336,0.6239763426529101,0.8449803704446504,167541735.0,126679656.71428572,-0.0082278305163785,1.3733872727208207,0.973092341365116,1.0285394515948516,1.01236737616351
42,AAPL,2010-08-26,31.435,31.471,30.772,30.772,129747353,0.0055569998700117,31.106,30.726,31.478,-1.0737478300006489,1.236737616350991,-2.3889700743376374,31.49428571428572,32.53703333333333,0.6557409839984555,0.9054525819505492,166163230.0,128394479.0,-0.219157252780895,1.3826916926286696,0.96795197618772,1.0227154556089952,0.9789088595514552
43,AAPL,2010-08-27,30.932,31.07,30.168,30.943,152871506,0.0036518760301198,30.772,31.106,30.726,0.5556999870011792,-1.0737478300006489,1.236737616350991,31.285,32.50166666666667,0.5388902176387045,0.9467691097233965,129747353.0,136758988.2857143,0.1782244682864551,1.3854743098521838,0.9625660222552688,1.029899230973217,1.0003556187766716
44,AAPL,2010-08-30,30.83,31.471,30.821,31.056,106719439,0.002447192168985,30.943,30.772,31.106,0.3651876030119849,0.5556999870011792,-1.0737478300006489,31.15,32.488566666666664,0.4386771781922223,0.9643914888042908,152871506.0,135026685.0,-0.3019010423041165,1.352880676638355,0.9587988389761734,1.0210895168878362,1.0073305222186184
45,AAPL,2010-08-31,30.963,31.32,30.78,31.132,117131468,0.0297764358216625,31.056,30.943,30.772,0.2447192168985035,0.3651876030119849,0.5556999870011792,31.030428571428576,32.450966666666666,0.253017691833942,0.9951103727843374,106719439.0,136488562.2857143,0.0975645027519307,1.261530089917374,0.9562250915410402,1.0175438596491229,1.0054581274424312
46,AAPL,2010-09-01,31.696,32.202,31.541,32.059,194067146,0.0072990423905923,31.132,31.056,30.943,2.977643582166256,0.2447192168985035,0.3651876030119849,31.11342857142857,32.434400000000004,0.4460051782744701,0.9974358020997338,117131468.0,147748839.57142857,0.6568318430022579,1.370778261168769,0.9592725184195968,1.020956849814527,1.0114525492175668
47,AAPL,2010-09-02,32.192,32.293,31.833,32.293,115606232,0.0261976279689097,32.059,31.132,31.056,0.7299042390592314,2.977643582166256,0.2447192168985035,31.33728571428572,32.40513333333333,0.5893538027042232,0.987912907418297,194067146.0,140329482.0,-0.4042977681549456,1.3302016653449704,0.967046961107573,1.014450413093331,1.003137425447316
48,AAPL,2010-09-03,32.647,33.141,32.591,33.139,145073927,-0.0037116388545219,32.293,32.059,31.132,2.6197627968909787,0.7299042390592314,2.977643582166256,31.627714285714287,32.400166666666664,0.8837672608942905,0.9836868047732736,115606232.0,137316724.42857143,0.2548971148891004,1.4172272834615838,0.9761589997699897,1.0168758246141572,1.0150702974239594
49,AAPL,2010-09-07,32.852,33.237,32.817,33.016,95518506,0.0198085776593168,33.139,32.293,32.059,-0.371163885452197,2.6197627968909787,0.7299042390592314,31.948285714285717,32.3939,0.9275411427147562,0.978976888529988,145073927.0,132426889.14285716,-0.341587368762686,1.4181074402895362,0.986243882776872,1.0127982448121402,1.0049920857177643
50,AAPL,2010-09-08,33.263,33.856,33.181,33.67,146586649,0.0005643005643005,33.016,33.139,32.293,1.9808577659316875,-0.371163885452197,2.6197627968909787,32.337857142857146,32.3889,1.0044347379781162,0.9717988421762844,95518506.0,131529052.42857143,0.5346413500227905,1.4239776110199251,0.9984240632703532,1.020342967360839,1.0122358175750836
51,AAPL,2010-09-09,33.951,34.132,33.67,33.689,122041288,0.0012763810145743,33.67,33.016,33.139,0.0564300564300568,1.9808577659316875,-0.371163885452197,32.714,32.3979,0.9350026737929796,0.982855107362708,146586649.0,133717888.0,-0.1674460884906373,1.4064137998719664,1.00975680522503,1.0137214137214137,0.9922829960825896
52,AAPL,2010-09-10,33.706,33.872,33.475,33.732,108042462,0.0138147752875608,33.689,33.67,33.016,0.127638101457439,0.0564300564300568,1.9808577659316875,33.08542857142857,32.42046666666667,0.6847463903136967,1.00596300519258,122041288.0,132419458.57142857,-0.1147056560071703,1.390286428712579,1.0205105593204058,1.0118595967139656,1.0007713760161394
53,AAPL,2010-09-13,34.059,34.357,34.034,34.198,108258155,0.0038306333703725,33.732,33.689,33.67,1.381477528756081,0.127638101457439,0.0564300564300568,33.391,32.462266666666665,0.6250210663116478,1.0534018106651604,108042462.0,120161031.28571428,0.001996372500286,1.4079465840328704,1.0286096267666665,1.0094905094905096,1.0040811532928156
54,AAPL,2010-09-14,34.086,34.47,34.004,34.329,113033814,0.0080398496897664,34.198,33.732,33.689,0.3830633370372593,1.381477528756081,0.127638101457439,33.68185714285714,32.48883333333334,0.4875043345350774,1.0907004419284811,108258155.0,119793543.0,0.0441136189693978,1.374131589900823,1.0367210418817892,1.0137042700858725,1.0071290265798276
55,AAPL,2010-09-15,34.32,34.626,34.302,34.605,119158388,0.0235226123392573,34.329,34.198,33.732,0.8039849689766454,0.3830633370372593,1.381477528756081,33.891285714285715,32.5242,0.5285892274995609,1.1420860647562163,113033814.0,116091323.14285716,0.0541835560817225,1.3802790438114667,1.042032877496932,1.009445513381144,1.0083041958041956
56,AAPL,2010-09-16,34.612,35.43,34.514,35.419,181311801,-0.0044044157090826,34.605,34.329,34.198,2.3522612339257343,0.8039849689766454,0.3830633370372593,34.23457142857143,32.58226666666667,0.6349947131388544,1.2425810716167474,119158388.0,128347508.14285716,0.5216033385748724,1.4390615182151263,1.0507117806998725,1.0265399548009502,1.023315613082168
57,AAPL,2010-09-17,35.54,35.595,35.048,35.263,176792499,0.028613560956243,35.419,34.605,34.329,-0.4404415709082676,2.3522612339257343,0.8039849689766454,34.46214285714286,32.6406,0.6826068728464098,1.3260546511856244,181311801.0,132662629.57142857,-0.0249255810988276,1.4383445771649055,1.0558060469826798,1.0156071673133986,0.9922059651097356
58,AAPL,2010-09-20,35.359,36.341,35.326,36.272,183634089,0.0019022937803265,35.263,35.419,34.605,2.861356095624301,-0.4404415709082676,2.3522612339257343,34.83114285714286,32.73943333333333,0.8679879854336456,1.479097387466149,176792499.0,141461601.14285713,0.0386984178553864,1.5103416344692666,1.0638896068393424,1.0287323784181623,1.0258208659747163
59,AAPL,2010-09-21,36.346,36.799,36.214,36.341,185863595,0.0140062188712473,36.272,35.263,35.419,0.190229378032658,2.861356095624301,-0.4404415709082676,35.203857142857146,32.833466666666666,0.8774547336038655,1.6139571573456086,183634089.0,152578905.85714287,0.0121410246438502,1.509041832011797,1.0721943406176162,1.0161539736013696,0.999862433280141
60,AAPL,2010-09-22,36.23,36.878,36.164,36.85,163074523,0.0040705563093621,36.341,36.272,35.263,1.4006218871247311,0.190229378032658,2.861356095624301,35.58271428571429,32.954433333333334,0.9409985324618008,1.7722403838534182,185863595.0,160409815.57142857,-0.1226118110972727,1.5056528003113596,1.079755003698469,1.0197433912177856,1.0171128898702737
61,AAPL,2010-09-23,36.688,37.492,36.625,37.0,218880803,0.0117297297297296,36.85,36.341,36.272,0.407055630936215,1.4006218871247311,0.190229378032658,35.964285714285715,33.11976666666667,0.8879368810686553,1.9099973945339368,163074523.0,175530814.0,0.3422133572636603,1.3119778799484496,1.085885842018383,1.0236723549488054,1.0085041430440471
62,AAPL,2010-09-24,37.394,37.591,37.207,37.434,180700270,-0.0039536250467487,37.0,36.85,36.341,1.1729729729729632,0.407055630936215,1.4006218871247311,36.36842857142857,33.2927,0.8061920484894657,2.057338205814357,218880803.0,184322511.42857143,-0.1744352747097698,1.3176759957747202,1.0923844738164397,1.0103206385895127,1.001069690324651
63,AAPL,2010-09-27,37.649,37.742,37.268,37.286,134559719,-0.0147508448211125,37.434,37.0,36.85,-0.3953625046748787,1.1729729729729632,0.407055630936215,36.63514285714285,33.47223333333333,0.7463512195053762,2.1638602109756686,180700270.0,177643642.57142857,-0.2553430108322472,1.2952772469160243,1.094493531169901,1.0127186862724051,0.9903583096496588
64,AAPL,2010-09-28,37.356,37.366,35.218,36.736,288423047,0.0017966027874565,37.286,37.434,37.0,-1.4750844821112552,-0.3953625046748787,1.1729729729729632,36.84557142857143,33.639633333333336,0.4396354008883978,2.216758622844176,134559719.0,193590863.7142857,1.143457560282212,1.3314303947977426,1.0953024090206518,1.0609915384178543,0.9834029339329692
65,AAPL,2010-09-29,36.775,37.114,36.625,36.802,130794640,-0.0126080104342154,36.736,37.286,37.434,0.1796602787456525,-1.4750844821112552,-0.3953625046748787,36.92128571428572,33.7908,0.36342386377606,2.273819851536476,288423047.0,186042371.0,-0.5465180700348125,1.311512784441354,1.0926431370161618,1.013351535836177,1.0007341944255608
66,AAPL,2010-09-30,37.009,37.138,36.017,36.338,187626938,-0.0043480653860972,36.802,36.736,37.286,-1.2608010434215444,0.1796602787456525,-1.4750844821112552,36.92085714285714,33.9218,0.3642231132019105,2.304408868773668,130794640.0,186294277.14285716,0.4345154969653191,1.3481061927132303,1.088410908113872,1.0311241913540827,0.9818692750412062
67,AAPL,2010-10-01,36.667,36.7,36.03,36.18,124958134,-0.0136815920398009,36.338,36.802,36.736,-0.4348065386097222,-1.2608010434215444,0.1796602787456525,36.82514285714286,34.0611,0.4610984813722844,2.3105945398503347,187626938.0,180849078.7142857,-0.3340074973669292,1.321593199065358,1.0811495476406476,1.0185956147654731,0.9867183025608858
68,AAPL,2010-10-04,36.074,36.23,35.572,35.685,121198179,0.036934286114614,36.18,36.338,36.802,-1.3681592039800905,-0.4348065386097222,-1.2608010434215444,36.63728571428572,34.18496666666667,0.6188685143835132,2.29411876978613,124958134.0,166894418.14285713,-0.0300897178890331,1.3585110669107412,1.071736768724431,1.0184976948161473,0.989216610301048
69,AAPL,2010-10-05,36.158,37.067,36.092,37.003,139347081,0.0008647947463717,35.685,36.18,36.338,3.6934286114614014,-1.3681592039800905,-0.4348065386097222,36.57571428571429,34.36913333333334,0.5432073619671017,2.291081430141712,121198179.0,160986819.7142857,0.1497456657331459,1.4378937585233214,1.0642024030975743,1.027014296797074,1.0233696554012943
70,AAPL,2010-10-06,37.1,37.393,36.532,37.035,186552224,0.0001080059403268,37.003,35.685,36.18,0.0864794746371799,3.6934286114614014,-1.3681592039800905,36.53985714285714,34.579433333333334,0.4946181788583619,2.233986782341855,139347081.0,168414320.42857143,0.3387594678068641,1.3304089829634005,1.0566933468986035,1.0235683784079712,0.9982479784366576
71,AAPL,2010-10-07,37.181,37.199,36.742,37.039,113648160,0.0167931099651719,37.035,37.003,35.685,0.0108005940326894,0.0864794746371799,3.6934286114614014,36.58314285714285,34.7772,0.526852107196282,2.1778001459872347,186552224.0,143446479.42857143,-0.3907970778198817,1.3300504746117157,1.0519289320917973,1.0124380817592946,0.9961808450552704
72,AAPL,2010-10-08,37.363,37.713,37.138,37.661,183161680,0.0043546374233291,37.039,37.035,37.003,1.6793109965171915,0.0108005940326894,0.0864794746371799,36.70585714285715,35.00683333333334,0.667570827346305,2.102825046969163,113648160.0,150927485.14285713,0.6116554812678006,1.305909280704315,1.048534061717202,1.0154827939038182,1.0079758049407168
73,AAPL,2010-10-11,37.751,38.064,37.727,37.825,119007634,0.0107336417713153,37.661,37.039,37.035,0.4354637423329199,1.6793109965171915,0.0108005940326894,36.91828571428572,35.23623333333333,0.7610503080799538,2.0178762595487645,183161680.0,141124727.42857143,-0.3502591044152904,1.3065004276165375,1.047736441209259,1.0089325946934558,1.001960212974491
74,AAPL,2010-10-12,37.83,38.355,37.456,38.231,155312748,0.0053882974549448,37.825,37.661,37.039,1.0733641771315303,0.4354637423329199,1.6793109965171915,37.21128571428572,35.4754,0.8218267689089102,1.9285618118351555,119007634.0,145461100.85714287,0.3050654212653283,1.3070172563670848,1.0489320970104838,1.024001495087569,1.0106000528680943
75,AAPL,2010-10-13,38.424,38.668,38.394,38.437,173411240,0.0072586310065823,38.231,37.825,37.661,0.5388297454944846,1.0733641771315303,0.4354637423329199,37.60442857142857,35.7189,0.597675178544033,1.8193249287995945,155312748.0,152920109.57142857,0.1165293398839353,1.3045586913907508,1.0527879797930109,1.0071365317497525,1.0003383302102853
76,AAPL,2010-10-14,38.62,38.736,38.469,38.716,120875146,0.041068292178944,38.437,38.231,37.825,0.7258631006582306,0.5388297454944846,1.0733641771315303,37.84914285714286,35.9408,0.6580239176431952,1.7626283743905908,173411240.0,150281261.7142857,-0.3029566826233408,1.232573467432521,1.053096838610795,1.0069406535132184,1.0024857586742622
77,AAPL,2010-10-15,39.371,40.339,39.048,40.306,255794739,0.0103954746191634,38.716,38.437,38.231,4.106829217894403,0.7258631006582306,0.5388297454944846,38.31642857142857,36.2079,1.0362431917175476,1.7975765170035665,120875146.0,160173049.57142857,1.116189700403754,1.385901513648726,1.0582339371084366,1.0330618725670968,1.0237484442864035
78,AAPL,2010-10-18,40.786,40.852,40.247,40.725,300733323,-0.0267648864333948,40.306,38.716,38.437,1.0395474619163458,4.106829217894403,0.7258631006582306,38.843,36.46076666666667,1.2021681801367687,1.8825419111207984,255794739.0,186899501.42857143,0.1756822058799263,1.3417418611977183,1.0653368963717165,1.0150321763112775,0.9985043887608492
79,AAPL,2010-10-19,38.865,40.182,38.422,39.635,342566876,0.0033303898069889,40.725,40.306,38.716,-2.6764886433394808,1.0395474619163458,4.106829217894403,39.125,36.6814,1.1063997167991988,1.8525278647445704,300733323.0,209671672.2857143,0.1391051466551314,1.465406137126866,1.0666168684946593,1.0458070896881997,1.0198121703332046
80,AAPL,2010-10-20,39.572,40.242,39.299,39.767,200182777,-0.0032187492141725,39.635,40.725,40.306,0.3330389806988965,-2.6764886433394808,1.0395474619163458,39.40242857142857,36.88463333333333,0.9598714943753132,1.8451914111219088,342566876.0,221268121.2857143,-0.4156388401078217,1.4434028109843724,1.068261360099244,1.0239955215145422,1.004927726675427
81,AAPL,2010-10-21,39.995,40.306,39.289,39.639,152647556,-0.006660107469916,39.767,39.635,40.725,-0.3218749214172534,0.3330389806988965,-2.6764886433394808,39.60357142857144,37.08296666666667,0.8091798022571748,1.8092824731964845,200182777.0,220887379.57142857,-0.2374590946952444,1.4496497127974033,1.0679720364490282,1.0258851077909847,0.9910988873609202
82,AAPL,2010-10-22,39.573,39.703,39.224,39.375,103181882,0.0044698412698414,39.639,39.767,39.635,-0.6660107469916077,-0.3218749214172534,0.3330389806988965,39.73757142857143,37.27106666666666,0.6447603836937853,1.740932962985389,152647556.0,210854614.14285716,-0.3240515295246522,1.4648546449334603,1.066177466396761,1.0122119110748522,0.9949965885831248
83,AAPL,2010-10-25,39.587,39.906,39.499,39.551,107334999,-0.0025536648883719,39.375,39.639,39.767,0.4469841269841401,-0.6660107469916077,-0.3218749214172534,39.856857142857145,37.44950000000001,0.4806060162515091,1.6886413994279412,103181882.0,208920307.42857143,0.0402504482327623,1.455971627312969,1.0642827579235272,1.0103040583305904,0.9990906105539696
84,AAPL,2010-10-26,39.299,39.667,39.142,39.45,108427835,-0.0007351077313055,39.551,39.375,39.639,-0.2553664888371942,0.4469841269841401,-0.6660107469916077,39.73457142857143,37.6202,0.4555252854829151,1.6197499679335,107334999.0,187867892.57142857,0.0101815438597059,1.4623322016600917,1.0562030884623534,1.0134127024679371,1.0038423369551388
85,AAPL,2010-10-27,39.381,39.688,39.135,39.421,109484950,-0.0083965399152734,39.45,39.551,39.375,-0.0735107731305584,-0.2553664888371942,0.4469841269841401,39.54828571428572,37.78073333333334,0.1411154542513997,1.547661527046122,108427835.0,160546696.42857143,0.0097494799190631,1.4642951178046106,1.0467844910620858,1.014130573655296,1.0010157182397603
86,AAPL,2010-10-28,39.438,39.444,38.533,39.09,152982625,-0.0139677666922488,39.421,39.45,39.551,-0.8396539915273449,-0.0735107731305584,-0.2553664888371942,39.47042857142857,37.9031,0.2158532349714203,1.498845724848436,109484950.0,133463232.0,0.397293646295678,1.4366768477456753,1.0413509336024909,1.0236420730283131,0.9911760231249048
87,AAPL,2010-10-29,38.974,39.172,38.529,38.544,118831596,0.0106112494811125,39.09,39.421,39.45,-1.3967766692248862,-0.8396539915273449,-0.0735107731305584,39.29571428571429,38.01246666666667,0.3733174316341463,1.41703198156622,152982625.0,121841634.71428572,-0.2232346908676721,1.4649037718312636,1.0337585989959686,1.0166887279711383,0.9889670036434546
88,AAPL,2010-11-01,38.754,39.135,38.7,38.953,117788345,0.0170461838626034,38.544,39.09,39.421,1.0611249481112583,-1.3967766692248862,-0.8396539915273449,39.19771428571429,38.10183333333334,0.3579048822828707,1.3877194907679824,118831596.0,116861747.42857143,-0.0087792391511766,1.3917149353119442,1.0287618955968247,1.0112403100775194,1.0051349538112195
89,AAPL,2010-11-02,39.346,39.721,39.315,39.617,120415588,0.0111315849256632,38.953,38.544,39.09,1.704618386260348,1.0611249481112583,-1.3967766692248862,39.23228571428572,38.21103333333333,0.3882824205333644,1.3731997991937015,117788345.0,119323705.42857143,0.0223047789660344,1.4168134194560595,1.0267266360489,1.0103268472593157,1.0068876124637829
90,AAPL,2010-11-03,39.89,40.068,39.509,40.058,141618450,0.0174746617404764,39.617,38.953,38.544,1.113158492566324,1.704618386260348,1.0611249481112583,39.30471428571428,38.31796666666666,0.4912710434121359,1.3883814064892006,120415588.0,124221341.28571428,0.1760807080890556,1.410053191791724,1.0257515652547922,1.0141486749854465,1.0042115818500876
91,AAPL,2010-11-04,40.353,41.003,40.344,40.758,178707730,-0.0036066539084352,40.058,39.617,38.953,1.7474661740476405,1.113158492566324,1.704618386260348,39.49157142857143,38.44323333333333,0.7410134630227478,1.4341458994535423,141618450.0,134261326.2857143,0.261895819365344,1.434967417409566,1.0272697690682826,1.0163345231013283,1.010036428518326
92,AAPL,2010-11-05,40.724,40.926,40.563,40.611,100569152,0.0047031592425696,40.758,40.058,39.617,-0.3606653908435286,1.7474661740476405,1.113158492566324,39.66157142857144,38.54913333333334,0.8505337259907051,1.473801973628456,178707730.0,132987640.85714284,-0.4372422950031316,1.4313186847637525,1.0288576680990174,1.0089490422306042,0.9972252234554564
93,AAPL,2010-11-08,40.612,40.95,40.565,40.802,78085593,-0.0079652958188324,40.611,40.758,40.058,0.4703159242569699,-0.3606653908435286,1.7474661740476405,39.90614285714285,38.66633333333333,0.9032923905675044,1.5092645236335196,100569152.0,122288064.85714284,-0.2235631757141594,1.4259138752384442,1.0320643158253826,1.009490940465919,1.004678420171378
94,AAPL,2010-11-09,41.109,41.146,40.275,40.477,106621694,0.0062257578377844,40.802,40.611,40.758,-0.796529581883243,0.4703159242569699,-0.3606653908435286,40.18228571428572,38.79103333333333,0.6870569394855518,1.4987848752568564,78085593.0,120543793.14285716,0.3654464274863098,1.4017900049998715,1.0358653085881286,1.0216263190564867,0.9846262375635504
95,AAPL,2010-11-10,40.556,40.821,40.154,40.729,106340742,-0.0043703503646049,40.477,40.802,40.611,0.6225757837784451,-0.796529581883243,0.4703159242569699,40.436,38.921933333333335,0.4414823514781579,1.4905419503479205,106621694.0,118908421.28571428,-0.0026350359805763,1.402449540581664,1.0389000888958924,1.016611047467251,1.0042657066771872
96,AAPL,2010-11-11,40.341,40.773,40.242,40.551,100625257,-0.0272249759562033,40.729,40.477,40.802,-0.437035036460498,0.6225757837784451,-0.796529581883243,40.56942857142857,39.06236666666667,0.2540609225775758,1.4361736155572695,106340742.0,116081231.14285716,-0.0537468978728773,1.3777114398919568,1.0385809164514328,1.0131951692261818,1.0052056220718375
97,AAPL,2010-11-12,40.403,40.533,38.884,39.447,221703816,-0.0032448601921565,40.551,40.729,40.477,-2.7224975956203323,-0.437035036460498,0.6225757837784451,40.48214285714285,39.17126666666666,0.4712106494875634,1.3300165135954625,100625257.0,127521997.71428572,1.2032621094324265,1.4833641692968893,1.0334652489446223,1.0424081884579777,0.976338390713561
98,AAPL,2010-11-15,39.504,39.769,39.22,39.319,112241660,-0.0177267987486966,39.447,40.551,40.729,-0.3244860192156529,-2.7224975956203323,-0.437035036460498,40.27657142857144,39.29240000000001,0.6209164885186247,1.1556002351367538,221703816.0,118026844.85714284,-0.4937314926505369,1.4548775614078275,1.02504737375603,1.0139979602243754,0.9953169299311464
99,AAPL,2010-11-16,39.128,39.392,38.331,38.622,183202560,-0.0035989850344364,39.319,39.447,40.551,-1.7726798748696648,-0.3244860192156529,-2.7224975956203323,39.99242857142857,39.34636666666666,0.8537981527939134,1.0803520653274628,112241660.0,129831617.42857143,0.63221534677944,1.3587414258005304,1.01641986184481,1.0276799457358274,0.9870680842363524
100,AAPL,2010-11-17,38.557,38.932,38.131,38.483,133480982,0.0263752825923135,38.622,39.319,39.447,-0.3598985034436452,-1.7726798748696648,-0.3244860192156529,39.661142857142856,39.39463333333334,0.9335010138490224,1.0031115894651907,183202560.0,137745244.42857143,-0.2714022009299434,1.3619210914110982,1.0067651225880052,1.02100653011985,0.9980807635448816
101,AAPL,2010-11-18,39.119,39.657,39.018,39.498,137362764,-0.0055192667983188,38.483,38.622,39.319,2.6375282592313587,-0.3598985034436452,-1.7726798748696648,39.52128571428572,39.4766,0.8614539481376315,0.8990583809818086,133480982.0,142136825.85714287,0.0290811615395516,1.4359605755425764,1.0011319544815338,1.0163770567430417,1.0096883867174518
102,AAPL,2010-11-19,39.444,39.494,39.09,39.28,107226342,0.0216649694501018,39.498,38.483,38.622,-0.5519266798318823,2.6375282592313587,-0.3598985034436452,39.31428571428571,39.530566666666665,0.677288642132664,0.8324403130029681,137362764.0,142263340.14285713,-0.2193929498972516,1.4156459630877982,0.9945287667084386,1.0103351240726528,0.9958422066727513
103,AAPL,2010-11-22,39.276,40.131,39.171,40.131,109211046,-0.0148015250056067,39.28,39.498,38.483,2.166496945010188,-0.5519266798318823,2.6375282592313587,39.25428571428572,39.60743333333333,0.5574763714830474,0.7739299034164089,107226342.0,143489881.42857143,0.0185094815600441,1.4621935368897174,0.991083804495092,1.0245079267825687,1.021769019248396
104,AAPL,2010-11-23,39.763,39.922,39.259,39.537,144353615,0.0196524774262083,40.131,39.28,39.498,-1.480152500560672,2.166496945010188,-0.5519266798318823,39.26714285714286,39.65096666666667,0.5636652164099503,0.7292791662310683,109211046.0,132439852.71428572,0.3217858475597788,1.4842232363066223,0.990319938155594,1.0168878473725769,0.9943163242210096
105,AAPL,2010-11-24,39.954,40.391,39.922,40.314,115360838,0.0006201319640819,39.537,40.131,39.28,1.9652477426208348,-1.480152500560672,2.166496945010188,39.40928571428572,39.71353333333334,0.690181066649837,0.7015267946971019,144353615.0,132885449.57142857,-0.2008455209105778,1.52042238568594,0.9923389435914972,1.0117479084214218,1.0090103619162036
106,AAPL,2010-11-26,40.154,40.687,40.075,40.339,66303040,0.0058999975210094,40.314,39.537,40.131,0.0620131964081949,1.9652477426208348,-1.480152500560672,39.65457142857143,39.767633333333336,0.668517478490745,0.68431659759716,115360838.0,116185518.14285716,-0.4252552152923854,1.516882717356272,0.9971569365515364,1.0152713661883963,1.0046072620411417
107,AAPL,2010-11-29,40.497,40.658,39.875,40.577,123294325,-0.0179658427187815,40.339,40.314,39.537,0.5899997521009448,0.0620131964081949,1.9652477426208348,39.95371428571429,39.77666666666666,0.5055332874914477,0.6933968030187392,66303040.0,114730281.42857143,0.8595576462255727,1.3240240900097564,1.0044510421280723,1.0196363636363637,1.0019754549719733
108,AAPL,2010-11-30,40.153,40.257,39.81,39.848,139645622,0.0168389881549888,40.577,40.339,40.314,-1.7965842718781544,0.5899997521009448,0.0620131964081949,40.00371428571429,39.74743333333333,0.46893201862876,0.6701335267526828,123294325.0,115056404.0,0.1326200293484716,1.350503108489523,1.0064477358885469,1.0112283345892992,0.9924040544915698
109,AAPL,2010-12-01,40.425,40.694,40.339,40.519,128119713,0.0055282706878254,39.848,40.577,40.339,1.6838988154988854,-1.7965842718781544,0.5899997521009448,40.18071428571428,39.7769,0.3745747430023096,0.6843046987194239,139645622.0,118041171.28571428,-0.082536844585074,1.2930282192558131,1.0101519798102487,1.0088004164704134,1.0023252937538651
110,AAPL,2010-12-02,40.66,40.852,40.326,40.743,129074477,-0.0022089684117517,40.519,39.848,40.577,0.5528270687825465,1.6838988154988854,-1.7965842718781544,40.268142857142855,39.80943333333333,0.4285683253856023,0.7066534381215595,128119713.0,120878804.28571428,0.0074521240927225,1.2951227936414105,1.0115226338433063,1.0130436938947576,1.0020413182488934
111,AAPL,2010-12-03,40.586,40.806,40.511,40.653,95387655,0.0084864585639437,40.743,40.519,39.848,-0.2208968411751777,0.5528270687825465,1.6838988154988854,40.42757142857143,39.84323333333334,0.299345874167268,0.7222975164699617,129074477.0,113883667.14285716,-0.2609874762459816,1.2941491121973403,1.014665930607324,1.0072819727975115,1.0016508155521608
112,AAPL,2010-12-06,40.792,41.279,40.776,40.998,124021004,-0.0060002926972045,40.653,40.743,40.519,0.84864585639437,-0.2208968411751777,0.5528270687825465,40.52528571428571,39.897333333333336,0.3613173647851068,0.746396785174857,95387655.0,115120833.71428572,0.3001787705128089,1.2930894283520744,1.0157392068213174,1.0123356876594074,1.005050009805844
113,AAPL,2010-12-07,41.477,41.49,40.739,40.752,108707858,0.0088093835885354,40.998,40.653,40.743,-0.600029269720459,0.84864585639437,-0.2208968411751777,40.58428571428571,39.93736666666666,0.3595440233989743,0.759277446148445,124021004.0,121178664.85714284,-0.1234721983060224,1.298713830165386,1.016198340091336,1.018434424016299,0.9825204330110664
114,AAPL,2010-12-08,40.95,41.112,40.608,41.111,89431362,-0.0039648755807447,40.752,40.998,40.653,0.8809383588535447,-0.600029269720459,0.84864585639437,40.66057142857142,39.99273333333334,0.4107451996647532,0.7827116848552932,108707858.0,116341098.71428572,-0.1773238508664203,1.3043116779652253,1.0166989860300808,1.0124113475177303,1.0039316239316238
115,AAPL,2010-12-09,41.293,41.3,40.854,40.948,81864668,0.0024909641496531,41.111,40.752,40.998,-0.3964875580744764,0.8809383588535447,-0.600029269720459,40.81771428571428,40.04363333333333,0.2088681516218499,0.793821420173486,89431362.0,108086676.71428572,-0.0846089540713916,1.3075131835596852,1.0193309369791024,1.0109169236794435,0.9916450730147968
116,AAPL,2010-12-10,40.935,41.117,40.799,41.05,73169401,0.003483556638246,40.948,41.111,40.752,0.2490964149653107,-0.3964875580744764,0.8809383588535447,40.89357142857143,40.10896666666666,0.1761636144260338,0.7932848548405235,81864668.0,100236632.14285716,-0.1062151378907442,1.2945728317825709,1.0195618293641264,1.0077943086840364,1.0028093318675948
117,AAPL,2010-12-13,41.537,41.626,41.109,41.193,122382295,-0.0042725705823803,41.05,40.948,41.111,0.3483556638246066,0.2490964149653107,-0.3964875580744764,40.95785714285714,40.19726666666667,0.1933299671300446,0.7598054620951937,73169401.0,99280606.14285716,0.6725884499177464,1.2604402362710954,1.018921447632189,1.012576321486779,0.991718227122806
118,AAPL,2010-12-14,41.235,41.304,40.852,41.017,97867364,0.0002194212155934,41.193,41.05,40.948,-0.4272570582380397,0.3483556638246066,0.2490964149653107,41.00985714285714,40.26606666666667,0.1389789295439176,0.7363372977730771,122382295.0,99634850.28571428,-0.2003143591971371,1.2558608734050838,1.0184718930296266,1.0110643297757762,0.9947132290529892
119,AAPL,2010-12-15,40.994,41.364,40.876,41.026,115789234,0.0027543508994296,41.017,41.193,41.05,0.0219421215593484,-0.4272570582380397,0.3483556638246066,41.01385714285715,40.31303333333334,0.1389837263513494,0.7384424654043433,97867364.0,98458883.14285716,0.1831240698380309,1.2225483305799931,1.0173845466732547,1.011938545845973,1.0007806020393228
120,AAPL,2010-12-16,41.12,41.312,40.994,41.139,89597178,-0.0019932424220326,41.026,41.017,41.193,0.2754350899429658,0.0219421215593484,-0.4272570582380397,41.06914285714287,40.34906666666667,0.0832614928433898,0.7518218760671523,115789234.0,95728786.0,-0.2262045882434976,1.2086590444139536,1.0178461672093908,1.0077572327657704,1.0004620622568094
121,AAPL,2010-12-17,41.156,41.21,41.01,41.057,107757003,0.0050174148135517,41.139,41.026,41.017,-0.1993242422032692,0.2754350899429658,0.0219421215593484,41.06142857142857,40.35903333333333,0.0812134166726925,0.759373856557353,89597178.0,98346734.71428572,0.2026830019132968,1.168521361668259,1.0174036685243182,1.0048768593026092,0.9975945184177276
122,AAPL,2010-12-20,41.159,41.395,40.754,41.263,107103042,0.0061556357996268,41.057,41.139,41.026,0.5017414813551779,-0.1993242422032692,0.2754350899429658,41.10642857142857,40.380766666666666,0.0941308612924291,0.775982344419235,107757003.0,101952216.71428572,-0.006068849186535,1.1691625711601572,1.0179704835906676,1.0157285174461403,1.002526786365072
123,AAPL,2010-12-21,41.376,41.541,41.241,41.517,71347019,0.0029867283281546,41.263,41.057,41.139,0.6155635799626857,0.5017414813551779,-0.1993242422032692,41.17314285714286,40.4046,0.1767261804520802,0.7999753703103893,107103042.0,101691876.42857143,-0.3338469415275805,1.1712204866390017,1.0190211722710496,1.0072743143958682,1.0034077726218098
124,AAPL,2010-12-22,41.537,41.713,41.435,41.641,74128316,-0.0047789438293989,41.517,41.263,41.057,0.2986728328154608,0.6155635799626857,0.5017414813551779,41.237142857142864,40.4434,0.2507378634959557,0.8312254600991448,71347019.0,94798450.85714284,0.0389826658349945,1.1604745916465655,1.0196260170297964,1.0067093037287318,1.002503791800082
125,AAPL,2010-12-23,41.619,41.639,41.385,41.442,62194516,0.003354085227547,41.641,41.517,41.263,-0.4778943829398918,0.2986728328154608,0.6155635799626857,41.29785714285715,40.46716666666666,0.2397626802844548,0.8496617210570787,74128316.0,89702329.71428572,-0.1609884136582841,1.160813821116092,1.0205275176053958,1.006137489428537,0.995747134722122
126,AAPL,2010-12-27,41.389,41.676,41.174,41.581,69518402,0.0023808951203674,41.442,41.641,41.517,0.3354085227547099,-0.4778943829398918,0.2986728328154608,41.37714285714286,40.5015,0.2262656466571743,0.8736380434907082,62194516.0,83092210.85714285,0.1177577457150724,1.157871577308958,1.0216200105463469,1.0121921601010346,1.004638913721037
127,AAPL,2010-12-28,41.739,41.833,41.626,41.68,48970020,-0.0005518234165068,41.581,41.442,41.641,0.2380895120367432,0.3354085227547099,-0.4778943829398918,41.45442857142857,40.57593333333333,0.2237467743849469,0.8758196528781486,69518402.0,77288331.14285715,-0.2955819093770309,1.028863115572481,1.021650647709773,1.0049728535050209,0.998586453916002
128,AAPL,2010-12-29,41.765,41.807,41.632,41.657,45487326,-0.0049691528434595,41.68,41.581,41.442,-0.0551823416506835,0.2380895120367432,0.3354085227547099,41.54014285714286,40.653866666666666,0.1483424288277921,0.8640593343822589,48970020.0,68392663.0,-0.0711189009112105,1.025399203525068,1.0218005386238669,1.0042034973097618,0.9974141027175863
129,AAPL,2010-12-30,41.67,41.686,41.37,41.45,43900753,-0.003449939686369,41.657,41.68,41.581,-0.4969152843459556,-0.0551823416506835,0.2380895120367432,41.566857142857145,40.748133333333335,0.0986195189800813,0.7854302020540225,45487326.0,59363764.571428575,-0.0348794519159029,0.9655708195221608,1.020092302212383,1.00763838530336,0.9947204223662108
130,AAPL,2010-12-31,41.364,41.425,41.148,41.307,53933874,0.0217154477449341,41.45,41.657,41.68,-0.3449939686369085,-0.4969152843459556,-0.0551823416506835,41.53685714285715,40.84226666666666,0.1396989961447869,0.664514026905217,43900753.0,56876172.42857143,0.2285409774178588,0.9652551252742558,1.0170066583683852,1.006731797414212,0.9986219901363506
131,AAPL,2011-01-03,41.6,42.293,41.6,42.204,123930383,0.0052601649132784,41.307,41.45,41.657,2.171544774493417,-0.3449939686369085,-0.4969152843459556,41.61728571428572,40.93246666666667,0.2904156299087445,0.6593876853111431,53933874.0,63990753.42857143,1.2978209019437394,0.928403249980281,1.0167304612545311,1.0166586538461535,1.0145192307692308
132,AAPL,2011-01-04,42.579,42.579,42.023,42.426,86135637,0.0081553764201196,42.204,41.307,41.45,0.5260164913278409,2.171544774493417,-0.3449939686369085,41.75785714285714,41.037333333333336,0.4064108875557715,0.6373181056708188,123930383.0,67410913.57142857,-0.3049675558575494,0.9180886162285572,1.0175577638944329,1.0132308497727434,0.9964066793489748
133,AAPL,2011-01-05,42.26,42.817,42.196,42.772,70669988,-0.0007715327784532,42.426,42.204,41.307,0.8155376420119653,0.5260164913278409,2.171544774493417,41.928,41.125366666666665,0.5455251292715426,0.6881807342466423,86135637.0,67575425.85714285,-0.1795499463247715,0.8521783732235494,1.0195167459499854,1.0147170347900276,1.0121154756270705
134,AAPL,2011-01-06,42.902,42.932,42.632,42.739,83619699,0.0071597370083531,42.772,42.426,42.204,-0.077153277845321,0.8155376420119653,0.5260164913278409,42.07928571428572,41.2321,0.6084942383419178,0.6816140251711945,70669988.0,72525380.0,0.1832420149837863,0.7922671891133779,1.0205467515427475,1.0070369675361233,0.9962006433266514
135,AAPL,2011-01-07,42.787,43.073,42.503,43.045,86506108,0.0188175165524449,42.739,42.772,42.426,0.7159737008353151,-0.077153277845321,0.8155376420119653,42.27757142857143,41.32313333333333,0.6709010998011301,0.7350444384093441,83619699.0,78385206.0,0.0345182897632769,0.7300992232416869,1.023096943969353,1.0134108180599015,1.0060298688854092
136,AAPL,2011-01-10,43.393,43.956,43.179,43.855,124888228,-0.0023486489567893,43.045,42.739,42.772,1.8817516552444904,0.7159737008353151,-0.077153277845321,42.62114285714286,41.440333333333335,0.7829183500578047,0.844825520991913,86506108.0,89954845.28571428,0.4436926002959236,0.7895797517514375,1.028494209115343,1.0179948586118253,1.010646878528795
137,AAPL,2011-01-11,44.176,44.178,43.473,43.752,123434986,0.0081367708904733,43.855,43.045,42.739,-0.2348648956789323,1.8817516552444904,0.7159737008353151,42.97042857142857,41.54616666666666,0.6292362717726885,0.927744988866836,124888228.0,99883575.57142857,-0.0116363409367934,0.7928382976715675,1.0342814276029133,1.0162169622524324,0.9904020282506338
138,AAPL,2011-01-12,43.98,44.109,43.795,44.108,84228710,0.0036047882470302,43.752,43.855,43.045,0.8136770890473377,-0.2348648956789323,1.8817516552444904,43.24242857142857,41.68816666666667,0.6537580737916244,0.9832197664790412,123434986.0,94211908.0,-0.3176269327725285,0.6974831678033696,1.037283047661692,1.0071697682383831,1.0029104138244658
139,AAPL,2011-01-13,44.202,44.389,44.032,44.267,82692975,0.0081324688820114,44.108,43.752,43.855,0.3604788247030255,0.8136770890473377,-0.2348648956789323,43.505428571428574,41.8131,0.6407555064513663,1.0643128380514202,84228710.0,93720099.14285716,-0.0182329160686421,0.6498770897552978,1.0404736451358203,1.0081077398255816,1.001470521695851
140,AAPL,2011-01-14,44.31,44.627,44.11,44.627,85758149,-0.0224751831850673,44.267,44.108,43.752,0.8132468882011468,0.3604788247030255,0.8136770890473377,43.77042857142857,41.94256666666667,0.6698054088423191,1.1614521731756298,82692975.0,95875550.71428572,0.0370669213436811,0.6551252510535082,1.0435801156206916,1.011720698254364,1.007154141277364
141,AAPL,2011-01-18,41.882,44.152,41.748,43.624,519250098,-0.0052723271593618,44.627,44.267,44.108,-2.247518318506736,0.8132468882011468,0.3604788247030255,43.89685714285714,42.0416,0.5062184734452979,1.1742961384119976,85758149.0,158108464.85714287,5.054819326849044,0.7998397198094788,1.0441290803122891,1.0575835968190097,1.0415930471324195
142,AAPL,2011-01-19,44.641,44.644,43.14,43.394,315973540,-0.0181822371756464,43.624,44.627,44.267,-0.5272327159361878,-2.247518318506736,0.8132468882011468,43.946714285714286,42.12146666666667,0.4178012742465644,1.182322312474218,519250098.0,190889526.57142857,-0.3914810199997305,0.8030863898437947,1.0433329549868702,1.0348632359758925,0.9720660379471786
143,AAPL,2011-01-20,43.053,43.321,42.275,42.605,213000203,-0.0179556390095058,43.394,43.624,44.627,-1.8182237175646487,-0.5272327159361878,-2.247518318506736,43.76814285714285,42.18323333333333,0.660292720079978,1.156430407981999,315973540.0,203476951.57142857,-0.3258922788281575,0.8723574707357724,1.037572025626521,1.024742755765819,0.9895942210763478
144,AAPL,2011-01-21,42.772,42.887,41.829,41.84,210098152,0.0328871892925428,42.605,43.394,43.624,-1.7955639009505808,-1.8182237175646487,-0.5272327159361878,43.495000000000005,42.20753333333333,0.984136169440044,1.1406745957252646,213000203.0,215857403.85714287,-0.0136246395971744,0.930186481262677,1.0305032434968169,1.0252934566927252,0.9782100439539888
145,AAPL,2011-01-24,41.884,43.216,41.84,43.216,159818476,0.0117086264346537,41.84,42.605,43.394,3.288718929254286,-1.7955639009505808,-1.8182237175646487,43.36757142857143,42.28313333333334,0.9486437436577916,1.1294206245354717,210098152.0,226655941.85714287,-0.2393151749378548,1.0959973512521202,1.0256470608904282,1.0328871892925429,1.0318021201413428
146,AAPL,2011-01-25,43.055,43.728,42.845,43.722,151729717,0.0070902520470241,43.216,41.84,42.605,1.1708626434653755,3.288718929254286,-1.7955639009505808,43.28971428571429,42.37220000000001,0.8825876187450272,1.1341694637105355,159818476.0,236518333.57142857,-0.0506121645159474,1.1106601838914836,1.0216536853341172,1.020609172598903,1.0154918127975845
147,AAPL,2011-01-26,43.912,44.257,43.735,44.032,141187316,-0.0017941497093021,43.722,43.216,41.84,0.7090252047024181,1.1708626434653755,3.288718929254286,43.20471428571428,42.46683333333333,0.7512040810782905,1.150706382254206,151729717.0,244436786.0,-0.0694814516789746,1.1140849515497668,1.017375464438074,1.0119355207499714,1.00273273820368
148,AAPL,2011-01-27,44.039,44.143,43.903,43.953,79363530,-0.0207266853229586,44.032,43.722,43.216,-0.1794149709302139,0.7090252047024181,1.1708626434653755,43.251714285714286,42.5647,0.7910450291199284,1.147996279880874,141187316.0,181595847.7142857,-0.4378848451230562,1.1099667542464202,1.0161404705240324,1.0054665968157075,0.998047185449261
149,AAPL,2011-01-28,44.095,44.105,42.712,43.042,164845124,0.0095952790297848,43.953,44.032,43.722,-2.0726685322958627,-0.1794149709302139,0.7090252047024181,43.201428571428565,42.6319,0.7916804610327705,1.1133006332521471,79363530.0,160006074.0,1.0770891113336316,1.1871343727609884,1.013359211562904,1.032613785353062,0.9761197414672866
150,AAPL,2011-01-31,43.019,43.544,42.811,43.455,105100636,0.0168450120814636,43.042,43.953,44.032,0.9595279029784852,-2.0726685322958627,-0.1794149709302139,43.32285714285714,42.70910000000001,0.7489887468161692,1.0861773954941174,164845124.0,144591850.14285713,-0.3624279963537168,1.195830873147199,1.0143706409841728,1.0171217677699655,1.0101350566028964
151,AAPL,2011-02-01,43.74,44.263,43.666,44.187,118639079,-0.0021273225156719,43.455,43.042,43.953,1.6845012081463606,0.9595279029784852,-2.0726685322958627,43.658142857142856,42.813433333333336,0.4333718297920054,1.072249478282819,105100636.0,131526268.28571428,0.1288140920479301,1.2238350647225218,1.0197300113081995,1.0136719644574728,1.0102194787379972
152,AAPL,2011-02-02,44.112,44.212,43.994,44.093,72126671,-0.0025174063910372,44.187,43.455,43.042,-0.2127322515671936,1.6845012081463606,0.9595279029784852,43.783428571428566,42.90776666666667,0.4104066508327476,1.055500099914324,118639079.0,118998867.57142857,-0.392049638214066,1.2257663433298625,1.0204080047224215,1.0049552211665227,0.9995692782009432
153,AAPL,2011-02-03,44.017,44.084,43.354,43.982,109654099,0.0088900004547314,44.093,44.187,43.455,-0.2517406391037258,-0.2127322515671936,1.6845012081463606,43.82057142857144,42.989933333333326,0.4156524418081622,1.0393223565954604,72126671.0,112988065.0,0.520298905795888,1.226552738160122,1.019321688377545,1.016838123356553,0.999204852670559
154,AAPL,2011-02-04,44.003,44.398,43.991,44.373,89631241,0.015527460392581,43.982,44.093,44.187,0.8890000454731428,-0.2517406391037258,-0.2127322515671936,43.86928571428571,43.081,0.4619641812543934,1.0367388524963528,109654099.0,105622911.42857143,-0.182600178038032,1.2329141573415174,1.0182977580438175,1.009251892432543,1.0084085176010726
155,AAPL,2011-02-07,44.566,45.237,44.521,45.062,135033597,0.0094314500022192,44.373,43.982,44.093,1.5527460392581016,0.8890000454731428,-0.2517406391037258,44.02771428571429,43.20166666666667,0.648116171244565,1.049979025515543,89631241.0,113575778.14285716,0.5065461048341393,1.2489510685576004,1.0191207349804627,1.0160822982412794,1.0111295606516175
156,AAPL,2011-02-08,45.273,45.528,45.096,45.487,105968656,0.0083540352188535,45.062,44.373,43.982,0.9431450002219232,1.5527460392581016,0.8890000454731428,44.377,43.33186666666666,0.6860765263439343,1.0837172532801354,135033597.0,105164854.14285716,-0.2152422926273673,1.2546778502378635,1.0241192778832515,1.0095795635976583,1.0047268791553463
157,AAPL,2011-02-09,45.486,45.974,45.446,45.867,134431388,-0.0101380077179671,45.487,45.062,44.373,0.8354035218853584,0.9431450002219232,1.5527460392581016,44.72157142857143,43.47143333333334,0.7486783593202476,1.13217400524852,105968656.0,109354961.57142857,0.2685957628829416,1.2582755540910775,1.0287576921067263,1.0116181842186331,1.0083762036670625
158,AAPL,2011-02-10,45.822,46.103,44.566,45.402,258619915,0.0065635875071583,45.867,45.487,45.062,-1.0138007717967137,0.8354035218853584,0.9431450002219232,44.89514285714286,43.596266666666665,0.7449208970470106,1.1316777271646123,134431388.0,129352223.85714284,0.9238060310736358,1.2803011470943093,1.029793289421025,1.0344881748418076,0.99083409715857
159,AAPL,2011-02-11,45.443,45.819,45.276,45.7,102387624,0.0064989059080962,45.402,45.867,45.487,0.6563587507158353,-1.0138007717967137,0.8354035218853584,45.12471428571428,43.73793333333334,0.7029560712416035,1.119687300354096,258619915.0,133675217.14285716,-0.6041000013475374,1.272987724242116,1.031706595321093,1.0119931089318843,1.0056554364808663
160,AAPL,2011-02-14,45.694,46.038,45.681,45.997,86453965,0.0020218709915864,45.7,45.402,45.867,0.6498905908096209,0.6563587507158353,-1.0138007717967137,45.41257142857143,43.894266666666674,0.5537655512168381,1.0957288845810638,102387624.0,130360912.28571428,-0.1556209469222569,1.267644463605984,1.0345900473388647,1.007815065344454,1.0066310675362191
161,AAPL,2011-02-15,46.001,46.1,45.788,46.09,78920774,0.0089390323280538,45.997,45.7,45.402,0.202187099158646,0.6498905908096209,0.6563587507158353,45.65785714285715,44.0238,0.3644591557235034,1.1184797070899033,86453965.0,128830845.57142857,-0.0871352863920121,1.2211045608924764,1.03711758509845,1.0068140124049971,1.0019347405491186
162,AAPL,2011-02-16,46.193,46.729,46.167,46.502,132504931,-0.0132897509784525,46.09,45.997,45.7,0.893903232805382,0.202187099158646,0.6498905908096209,45.86357142857143,44.159666666666666,0.3782163653887013,1.1643205309750673,78920774.0,128469607.57142857,0.6789613720716932,1.2252798354557484,1.0385850911141712,1.0121731973054346,1.0066893252224365
163,AAPL,2011-02-17,45.725,46.138,45.656,45.884,147628447,-0.0215979426379565,46.502,46.09,45.997,-1.328975097845253,0.893903232805382,0.202187099158646,45.92028571428572,44.2634,0.3401914726965703,1.17500572559111,132504931.0,134421006.2857143,0.1141354958329814,1.2571231188895473,1.0374324094914922,1.0105572104433151,1.0034773100054677
164,AAPL,2011-02-18,45.884,46.039,44.76,44.893,226822552,-0.0340810371327379,45.884,46.502,46.09,-2.159794263795656,-1.328975097845253,0.893903232805382,45.78114285714286,44.3352,0.518223384449885,1.1440469426103197,147628447.0,147619744.0,0.536442038166262,1.3307069075143845,1.03261387920079,1.0285746201966042,0.9784020573620434
165,AAPL,2011-02-22,43.78,44.231,43.251,43.363,242751565,0.0118534234255009,44.893,45.884,46.502,-3.4081037132737912,-2.159794263795656,-1.328975097845253,45.48985714285715,44.3458,1.0583845281956907,1.1331014015552023,226822552.0,145352836.85714287,0.0702267603443593,1.477554589700902,1.0257985455862144,1.0226584356431063,0.9904751027866604
166,AAPL,2011-02-23,43.367,44.136,43.363,43.877,187108091,0.0007521024682635,43.363,44.893,45.884,1.1853423425500995,-3.4081037132737912,-2.159794263795656,45.22942857142858,44.34653333333333,1.2112977692188158,1.132779880413989,242751565.0,157455760.7142857,-0.2292198363376153,1.4528054314792518,1.0199090023894068,1.0178262574083896,1.0117600940807527
167,AAPL,2011-02-24,44.053,44.2,43.331,43.91,139227855,0.0153951263948985,43.877,43.363,44.893,0.0752102468263515,1.1853423425500995,-3.4081037132737912,44.931285714285714,44.3518,1.2471938788451278,1.1302849320351367,187108091.0,164994887.85714287,-0.2558961279766357,1.452092040527505,1.013065663947928,1.020054926034479,0.9967539100628788
168,AAPL,2011-02-25,44.223,44.622,44.157,44.586,105730163,0.0144888530031848,43.91,43.877,43.363,1.5395126394898595,0.0752102468263515,1.1853423425500995,44.71642857142857,44.36773333333333,1.1391819955774385,1.1300987425068472,139227855.0,168824800.57142857,-0.2405961939153627,1.4716485884177568,1.0078592078498918,1.0105306066988249,1.0082083983447527
169,AAPL,2011-02-28,44.971,45.469,44.965,45.232,112123406,-0.0110099044923946,44.586,43.91,43.877,1.448885300318481,1.5395126394898595,0.0752102468263515,44.535,44.3999,0.8787821117889051,1.1408155083699525,105730163.0,165913154.14285713,0.0604675413202568,1.4929197912462624,1.0030427996459452,1.0112087178916935,1.0058037401881212
170,AAPL,2011-03-01,45.497,45.553,44.525,44.734,126873419,0.008025215719587,45.232,44.586,43.91,-1.1009904492394695,1.448885300318481,1.5395126394898595,44.37071428571429,44.40346666666667,0.6663857026993215,1.1417169083665335,112123406.0,162948150.14285713,0.1315515959263671,1.5015032190948865,0.9992623913533994,1.0230881527231892,0.9832296634942964
171,AAPL,2011-03-02,44.815,45.38,44.618,45.093,167793742,0.0211341006364622,44.734,45.232,44.586,0.8025215719587031,-1.1009904492394695,1.448885300318481,44.39928571428571,44.45243333333334,0.696134497130694,1.1386314133211657,126873419.0,154515463.0,0.3225287323580363,1.4449444698865603,0.9988043934817,1.017078309202564,1.006203280151735
172,AAPL,2011-03-03,45.774,46.074,45.578,46.046,139053578,0.0012378925422404,45.093,44.734,45.232,2.113410063646226,0.8025215719587031,-1.1009904492394695,44.78257142857143,44.54083333333333,0.7656199790895819,1.156431791548984,167793742.0,139701464.85714287,-0.1712826930100885,1.4840221497986432,1.0054273366065916,1.0108824432840404,1.0059422379516756
173,AAPL,2011-03-04,46.046,46.14,45.813,46.103,126243026,-0.0128841940871526,46.046,45.093,44.734,0.1237892542240493,2.113410063646226,0.8025215719587031,45.10057142857142,44.65743333333333,0.7887382026890446,1.1305742722426084,139053578.0,131006455.57142857,-0.0921267340564224,1.4340775782514126,1.0099230533902477,1.0071377120031433,1.0012378925422405
174,AAPL,2011-03-07,46.307,46.315,44.99,45.509,152071247,0.0010986837768351,46.103,46.046,45.093,-1.288419408715269,0.1237892542240493,2.113410063646226,45.329,44.77973333333333,0.5939618394028902,1.0069801879133446,126243026.0,132841225.85714284,0.2045912698575522,1.411662432560557,1.0122659655558468,1.0294509891086907,0.9827671842270068
175,AAPL,2011-03-08,45.436,45.769,45.11,45.559,99239925,-0.0092188151627559,45.509,46.103,46.046,0.1098683776835196,-1.288419408715269,0.1237892542240493,45.468,44.85783333333333,0.4970492933303518,0.9717611130925916,152071247.0,131914049.0,-0.347411644490559,1.2931620836288222,1.013602232237402,1.014608734205276,1.002707104498635
176,AAPL,2011-03-09,45.422,45.431,44.898,45.139,126365146,-0.0165045747579699,45.559,45.509,46.103,-0.9218815162755912,0.1098683776835196,-1.288419408715269,45.454714285714296,44.90506666666667,0.5055784522987236,0.9488155568491424,99239925.0,133948583.28571428,0.2733297208759477,1.2945515295693344,1.0122402138522073,1.0118713528442245,0.9937695389899168
177,AAPL,2011-03-10,44.691,44.793,44.169,44.394,141426489,0.0154074874983107,45.139,45.559,45.509,-1.650457475796996,-0.9218815162755912,0.1098683776835196,45.40614285714285,44.91713333333334,0.5948149372065312,0.9395863628920652,126365146.0,136027593.2857143,0.1191890602492558,1.3284188178855003,1.0108869263801974,1.0141275555253686,0.9933543666510036
178,AAPL,2011-03-11,44.185,45.118,44.184,45.078,131125594,0.0044367540707217,44.394,45.139,45.559,1.540748749831078,-1.650457475796996,-0.9218815162755912,45.404,44.95463333333334,0.5961565789848056,0.9220664754001602,141426489.0,130789286.42857143,-0.072835683561373,1.3556505781345307,1.0099960033782205,1.021138873800471,1.0202104786692316
179,AAPL,2011-03-14,45.19,45.651,44.99,45.278,121587212,-0.0230354697645656,45.078,44.394,45.139,0.4436754070721749,1.540748749831078,-1.650457475796996,45.294285714285714,45.02916666666667,0.5247010940482535,0.8496598541860664,131125594.0,128294091.28571428,-0.072742335870753,1.29343943296017,1.0058877182778356,1.0146921538119582,1.0019473334808586
180,AAPL,2011-03-15,43.775,44.547,43.552,44.235,200879074,-0.0446252967107493,45.278,45.078,44.394,-2.303546976456561,0.4436754070721749,1.540748749831078,45.027428571428565,45.055166666666665,0.5198470471024504,0.8108776464243277,121587212.0,138956383.85714287,0.6521398154930964,1.3608189364789451,0.99938435262168,1.0228462527553268,1.0105082809822958
181,AAPL,2011-03-16,43.776,43.927,41.783,42.261,321588398,0.014031849695937,44.235,45.278,45.078,-4.4625296710749325,-2.303546976456561,0.4436754070721749,44.563428571428574,44.990966666666665,1.120683549913972,0.94683062911446,200879074.0,163173119.7142857,0.6009054183513411,1.5576293277495028,0.9904972458492464,1.0513127348443143,0.9653919956140352
182,AAPL,2011-03-17,43.148,43.492,42.346,42.854,183661658,-0.0118542026415271,42.261,44.235,45.278,1.403184969593707,-4.4625296710749325,-2.303546976456561,44.177,44.949666666666666,1.1847140301918782,1.0121208641647328,321588398.0,175233367.2857143,-0.428892151762266,1.582644002677593,0.982810402746776,1.0270627686204128,0.9931862426995456
183,AAPL,2011-03-18,43.142,43.308,42.26,42.346,209933174,0.0261181693666463,42.854,42.261,44.235,-1.1854202641527145,1.403184969593707,-4.4625296710749325,43.778,44.89513333333333,1.2737081036616946,1.105795944676855,183661658.0,187171657.0,0.1430430079205753,1.595212982860959,0.9751168278076168,1.02479886417416,0.9815493023040192
184,AAPL,2011-03-21,43.046,43.509,42.934,43.452,115188315,0.0056153916965846,42.346,42.854,42.261,2.611816936664635,-1.1854202641527145,1.403184969593707,43.64342857142857,44.86443333333333,1.2472668595965142,1.133236003765014,209933174.0,183423346.42857143,-0.4513096105525466,1.662165216838928,0.97278457184931,1.013392649182466,1.0094317706639409
185,AAPL,2011-03-22,43.871,43.877,43.432,43.696,90914326,-0.0059502013914316,43.452,42.346,42.854,0.5615391696584648,2.611816936664635,-1.1854202641527145,43.446000000000005,44.8189,1.080583947070651,1.1523064831171874,115188315.0,177678879.57142857,-0.2107330852092072,1.638762464748492,0.9693678336594608,1.0102459016393444,0.996011032344829
186,AAPL,2011-03-23,43.445,43.567,43.023,43.436,103974616,0.0171056266691225,43.696,43.452,42.346,-0.5950201391431653,0.5615391696584648,2.611816936664635,43.18285714285714,44.75053333333334,0.7263076548708002,1.171976395352651,90914326.0,175162794.42857143,0.1436549174879215,1.6293769807792615,0.964968547328832,1.0126443995072405,0.9997928415237656
187,AAPL,2011-03-24,43.778,44.31,43.397,44.179,112801888,0.0190135584780097,43.436,43.696,43.452,1.710562666912252,-0.5950201391431653,0.5615391696584648,43.17485714285715,44.69426666666666,0.7129732179569729,1.1569505975005598,103974616.0,162580339.2857143,0.0848983371095113,1.6550874195507017,0.9660043751217268,1.0210383206212412,1.0091598519804468
188,AAPL,2011-03-25,44.569,45.085,44.437,45.019,125144508,-0.0031542237721849,44.179,43.436,43.696,1.9013558478009784,1.710562666912252,-0.5950201391431653,43.56885714285714,44.6815,0.8688172858493333,1.1509693291096672,112801888.0,134516926.42857143,0.109418558668096,1.6855837538191565,0.9750983548640296,1.0145824425591288,1.010096703987076
189,AAPL,2011-03-28,45.236,45.375,44.877,44.877,86105688,0.0015152528021034,45.019,44.179,43.436,-0.3154223772184994,1.9013558478009784,1.710562666912252,43.85785714285714,44.65406666666667,0.9259797385421634,1.1355612597795326,125144508.0,120580359.28571428,-0.3119499259208402,1.6815822202056434,0.9821693838155195,1.011096998462464,0.9920638429569372
190,AAPL,2011-03-29,44.503,44.945,44.319,44.945,98204189,-0.0066525753698964,44.877,45.019,44.179,0.1515252802103406,-0.3154223772184994,1.9013558478009784,44.22914285714285,44.619,0.7159872970409177,1.1085835012798015,86105688.0,104619075.71428572,0.1405075701851428,1.6769178249009618,0.991262530696404,1.0141248674383447,1.0099319147023795
191,AAPL,2011-03-30,44.913,44.933,44.494,44.646,91654832,-0.0003359763472651,44.945,44.877,45.019,-0.6652575369896496,0.1515252802103406,-0.3154223772184994,44.39971428571429,44.57086666666667,0.6379633516867512,1.073298934266821,98204189.0,101257149.57142857,-0.0666912182330633,1.679657086974433,0.9961599943247148,1.009866498853778,0.9940551733351146
192,AAPL,2011-03-31,44.363,44.796,44.319,44.631,76361672,-0.0113150052653985,44.646,44.945,44.877,-0.0335976347265121,-0.6652575369896496,0.1515252802103406,44.53328571428572,44.508500000000005,0.5590726590483531,1.009690965012085,91654832.0,99178199.0,-0.1668560147489005,1.6693831805856088,1.0005568759739312,1.0107628782237863,1.0060410702612537
193,AAPL,2011-04-01,44.962,45.026,43.965,44.126,116578655,-0.0097674840230249,44.631,44.646,44.945,-1.1315005265398526,-0.0335976347265121,-0.6652575369896496,44.63185714285714,44.4499,0.3580514062588921,0.9776129743337404,76361672.0,100978776.0,0.5266645156748271,1.6648480157825245,1.0040935332330814,1.0241328329352894,0.9814065210622304
194,AAPL,2011-04-04,44.126,44.13,43.333,43.695,128013527,-0.0067284586337108,44.126,44.631,44.646,-0.9767484023024964,-1.1315005265398526,-0.0335976347265121,44.562714285714286,44.40996666666667,0.4844862276288804,0.9833402429133026,116578655.0,103151867.28571428,0.0980871841418997,1.62839550929246,1.0034394896126384,1.018392449172686,0.990232515976975
195,AAPL,2011-04-05,43.096,43.829,43.03,43.401,134597626,-0.0025345038132763,43.695,44.126,44.631,-0.6728458633710854,-0.9767484023024964,-1.1315005265398526,44.33157142857143,44.411233333333335,0.6021843176147172,0.9819686308398462,128013527.0,104502312.71428572,0.0514328380312496,1.507555261036595,0.9982062667757052,1.0185684406228213,1.007077222944125
196,AAPL,2011-04-06,43.725,44.039,43.174,43.291,112097187,6.929846850378674e-05,43.401,43.695,44.126,-0.2534503813276356,-0.6728458633710854,-0.9767484023024964,44.105,44.3917,0.6584970260627422,0.9986487474027675,134597626.0,108215384.0,-0.1671681713019217,1.4918095888440168,0.9935415854765643,1.0200352063742066,0.9900743281875356
197,AAPL,2011-04-07,43.293,43.596,43.033,43.294,104047515,-0.008915785097242,43.291,43.401,43.695,0.0069298468503786,-0.2534503813276356,-0.6728458633710854,43.869142857142855,44.37116666666667,0.6006150815544097,1.0150920149671352,112097187.0,109050144.85714284,-0.0718097591512265,1.4916893334253998,0.9886858100149764,1.0130829828271326,1.0000230984223777
198,AAPL,2011-04-08,43.538,43.559,42.765,42.908,105087992,-0.0126782884310618,43.294,43.291,43.401,-0.8915785097242002,0.0069298468503786,-0.2534503813276356,43.62085714285714,44.31523333333334,0.584978469282361,1.0485258842224767,104047515.0,110969167.71428572,0.0100000177803381,1.4689954879284035,0.9843309819615934,1.0185665848240382,0.9855298819422116
199,AAPL,2011-04-11,42.842,42.985,42.262,42.364,111197871,0.0048154093097914,42.908,43.294,43.291,-1.267828843106189,-0.8915785097242002,0.0069298468503786,43.29699999999999,44.21963333333333,0.5595110961069306,1.0919053098811295,105087992.0,115945767.57142857,0.0581406008785476,1.4527651805859485,0.9791352106794188,1.017107567081539,0.9888427244292984
200,AAPL,2011-04-12,42.349,42.739,42.285,42.568,118560905,0.0112290922758879,42.364,42.908,43.294,0.4815409309791407,-1.267828843106189,-0.8915785097242002,43.07442857142858,44.14743333333333,0.4788440445987852,1.1277440613080518,111197871.0,116228946.14285716,0.0662156022753348,1.447939801477783,0.9756949684072668,1.0107366678491192,1.005171314552882
201,AAPL,2011-04-13,42.882,43.048,42.582,43.046,96488049,-0.0110579380197927,42.568,42.364,42.908,1.1229092275887975,0.4815409309791407,-1.267828843106189,42.98171428571429,44.0792,0.3939706902321614,1.130483247294398,118560905.0,111725306.42857143,-0.1861731402944334,1.4564033174987332,0.9751019593303484,1.0109435911887652,1.0038244484865444
202,AAPL,2011-04-14,42.855,43.03,42.523,42.57,84067872,-0.0148931172186985,43.046,42.568,42.364,-1.1057938019792712,1.1229092275887975,0.4815409309791407,42.863,43.96333333333334,0.3711095974687653,1.0996615257723048,96488049.0,104506770.14285716,-0.1287224389830911,1.401885407050568,0.9749715672151034,1.0119229593396517,0.9933496674833744
203,AAPL,2011-04-15,42.724,42.727,41.85,41.936,126431215,0.0134013735215565,42.57,43.046,42.568,-1.489311721869857,-1.1057938019792712,1.1229092275887975,42.66942857142857,43.82443333333333,0.454640831552089,1.0831231879289651,84067872.0,106554488.42857143,0.5039183458812899,1.417830549516404,0.973644730255388,1.0209557945041814,0.981556034079206
204,AAPL,2011-04-18,41.758,42.545,41.0,42.498,170639622,0.01809496917502,41.936,42.57,43.046,1.340137352155657,-1.489311721869857,-1.1057938019792712,42.55571428571428,43.724066666666666,0.3626227214272757,1.0609198329532503,126431215.0,116067646.57142857,0.3496637044894333,1.4360954463411897,0.9732789635086004,1.0376829268292684,1.0177211552277408
205,AAPL,2011-04-19,42.677,43.283,42.478,43.267,116689014,0.0134513601590124,42.498,41.936,42.57,1.809496917502007,1.340137352155657,-1.489311721869857,42.607000000000006,43.647666666666666,0.4382506892941007,1.005292832044702,170639622.0,117724935.42857143,-0.3161669450955534,1.4822545778464826,0.9761575647419108,1.0189509863929564,1.013824776811866
206,AAPL,2011-04-20,44.019,44.277,43.735,43.849,188630738,0.024219480489863,43.267,42.498,41.936,1.345136015901249,1.809496917502007,1.340137352155657,42.81914285714286,43.60466666666666,0.6219411624292969,0.9661296169671804,116689014.0,128786773.57142857,0.6165252540397677,1.4998217829299567,0.981985327040138,1.0123928203955643,0.9961380313046638
207,AAPL,2011-04-21,45.381,45.479,44.633,44.911,210011452,0.0066130792010865,43.849,43.267,42.498,2.4219480489863,1.345136015901249,1.809496917502007,43.15385714285714,43.6219,0.987372173764241,0.9851192243614156,188630738.0,141851137.42857143,0.1133469244021088,1.537139903917112,0.9892704614621816,1.018954585172406,0.9896432427667968
208,AAPL,2011-04-25,44.887,45.302,44.861,45.208,74101997,-0.0073659529286851,44.911,43.849,43.267,0.6613079201086558,2.4219480489863,1.345136015901249,43.46271428571429,43.62623333333333,1.2509691861760752,0.9920070106581615,210011452.0,138653130.0,-0.6471525895644967,1.5159714546222711,0.99625181834128,1.0098303649049287,1.0071512910196716
209,AAPL,2011-04-26,45.281,45.46,44.737,44.875,94120468,-0.0007353760445683,45.208,44.911,43.849,-0.7365952928685138,0.6613079201086558,2.4219480489863,43.79200000000001,43.6128,1.279853637465425,0.9713824276201398,74101997.0,140089215.14285713,0.2701475238244928,1.5199278750988787,1.004108885464818,1.0161611194313431,0.9910337669221086
210,AAPL,2011-04-27,45.114,45.122,44.449,44.842,99046966,-0.009745328040676,44.875,45.208,44.911,-0.0735376044568303,-0.7365952928685138,0.6613079201086558,44.207142857142856,43.63303333333333,1.0230274399337076,0.9909147457439884,94120468.0,136177179.57142857,0.0523424724152454,1.4575767812849163,1.0131576807741884,1.0151409480528246,0.9939708294542714
211,AAPL,2011-04-28,44.336,44.79,44.247,44.405,100571683,0.0097961941222834,44.842,44.875,45.208,-0.9745328040676072,-0.0735376044568303,-0.7365952928685138,44.47957142857143,43.7045,0.6925758339088054,0.9655386472378412,99046966.0,126167474.0,0.0153938788998342,1.201326292308816,1.017734362103935,1.0122720184419285,1.001556297365572
212,AAPL,2011-04-29,44.44,45.327,44.394,44.84,280139206,-0.0109946476360393,44.405,44.842,44.875,0.9796194122283496,-0.9745328040676072,-0.0735376044568303,44.70428571428572,43.770700000000005,0.4442355659956188,0.9732671302864816,100571683.0,149517501.42857143,1.785468012899814,1.1887814710739903,1.0213290103719088,1.0210163535612922,1.009000900090009
213,AAPL,2011-05-02,44.785,44.882,44.244,44.347,123151513,0.0054795138340812,44.84,44.405,44.842,-1.09946476360393,0.9796194122283496,-0.9745328040676072,44.77542857142857,43.8374,0.3013253264847911,0.9402696458442537,280139206.0,140163326.42857143,-0.5603917253909829,1.1855312868627428,1.0213979061584073,1.0144200343549408,0.9902199397119572
214,AAPL,2011-05-03,44.555,44.808,44.258,44.59,87368985,0.0039470733348283,44.347,44.84,44.405,0.5479513834081295,-1.09946476360393,0.9796194122283496,44.72957142857143,43.87533333333333,0.3016802154287915,0.9471155605611148,123151513.0,122642974.0,-0.2905569499580569,1.0948055268052732,1.019469666218789,1.0124271318179765,1.0007855459544384
215,AAPL,2011-05-04,44.603,45.055,44.423,44.766,108922776,-0.0080641558325513,44.59,44.347,44.84,0.3947073334828355,0.5479513834081295,-1.09946476360393,44.66642857142857,43.91100000000001,0.2200718497396347,0.9601862606660928,87368985.0,127617371.0,0.2466984250761297,1.0927599696648322,1.017203629419247,1.0142268644621029,1.0036544627043025
216,AAPL,2011-05-05,44.609,44.943,44.317,44.405,93538461,-0.000292759824344,44.766,44.59,44.347,-0.8064155832551378,0.3947073334828355,0.5479513834081295,44.59928571428571,43.9433,0.2175145315347275,0.9599548175428132,108922776.0,127534227.14285716,-0.141240570291745,1.0979748111826595,1.0149280030012702,1.0141255048852584,0.9954269317850658
217,AAPL,2011-05-06,44.802,44.821,44.338,44.392,78084356,0.0027707695080194,44.405,44.766,44.59,-0.0292759824344068,-0.8064155832551378,0.3947073334828355,44.535,43.95040000000001,0.1995845685422494,0.9625424164408511,93538461.0,124539568.57142857,-0.1652165840102928,1.0539096676457318,1.0133013578943535,1.0108935901484053,0.990848622829338
218,AAPL,2011-05-09,44.55,44.72,44.376,44.515,57064697,0.0053240480736831,44.392,44.405,44.766,0.2770769508019466,-0.0292759824344068,-0.8064155832551378,44.550714285714285,43.9336,0.1918225866838988,0.9475294409034628,78084356.0,118324284.85714284,-0.2691916803411941,0.9940195638191603,1.014046522154212,1.007751937984496,0.9992143658810326
219,AAPL,2011-05-10,44.67,44.784,44.392,44.752,79495683,-0.0063907758312478,44.515,44.392,44.405,0.5324048073683141,0.2770769508019466,-0.0292759824344068,44.53814285714286,43.92943333333333,0.1715123208130315,0.9435041685607294,57064697.0,89660924.42857143,0.3930799106845342,0.997751416651818,1.013856530294636,1.0088304198954765,1.0018356839041862
220,AAPL,2011-05-11,44.713,44.821,44.21,44.466,93163889,-0.0018890837943598,44.752,44.515,44.392,-0.6390775831247808,0.5324048073683141,0.2770769508019466,44.55514285714286,43.913466666666665,0.1544586552792473,0.9296770567700258,79495683.0,85376978.14285715,0.1719364559708229,1.0039102207471846,1.014612287281871,1.0138204026238409,0.9944758794981324
221,AAPL,2011-05-12,44.369,44.452,43.83,44.382,89190397,-0.0175070974719481,44.466,44.752,44.515,-0.1889083794359813,-0.6390775831247808,0.5324048073683141,44.52542857142857,43.90466666666667,0.1661965273839394,0.9237345242351228,93163889.0,85637179.85714285,-0.0426505595961113,0.9972753705699188,1.0141388593033822,1.0141911932466348,1.0002929973630237
222,AAPL,2011-05-13,44.282,44.343,43.586,43.605,90877142,-0.0211672973282879,44.382,44.466,44.752,-1.750709747194812,-0.1889083794359813,-0.6390775831247808,44.35957142857144,43.870466666666665,0.3564832194009499,0.9148662888293044,89190397.0,83059232.14285715,0.0189117332889547,1.0464443438709718,1.0111488388218215,1.017367962189694,0.9847116209746624
223,AAPL,2011-05-16,43.438,43.699,42.593,42.682,125320086,0.0085750433437983,43.605,44.382,44.466,-2.1167297328287926,-1.750709747194812,-0.1889083794359813,44.11342857142857,43.822333333333326,0.7246332077088651,0.9386358529096052,90877142.0,87599464.28571428,0.3790055809633625,1.095160649689054,1.0066426229721963,1.0259667081445307,0.982595883788388
224,AAPL,2011-05-17,42.516,43.048,42.354,43.048,126105977,0.0110574242705816,42.682,43.605,44.382,0.8575043343798328,-2.1167297328287926,-1.750709747194812,43.92142857142857,43.80076666666666,0.8113823301714298,0.9490377225643364,125320086.0,94459695.85714284,0.0062710697469519,1.0960186396371758,1.002754789788959,1.0163857014685744,1.012512936306332
225,AAPL,2011-05-18,43.093,43.676,43.03,43.524,93163074,0.0019529455013325,43.048,42.682,43.605,1.105742427058165,0.8575043343798328,-2.1167297328287926,43.779857142857146,43.80486666666666,0.7762487635141595,0.9475155801949492,126105977.0,99616606.85714284,-0.2612318922837416,1.108853922332147,0.999429069742414,1.0150127817801533,1.010001624393753
226,AAPL,2011-05-19,43.801,43.849,43.37,43.609,72674966,-0.0156160425600221,43.524,43.048,42.682,0.1952945501332514,1.105742427058165,0.8575043343798328,43.61657142857143,43.815466666666666,0.6471563070189349,0.9433381933993572,93163074.0,98642218.71428572,-0.2199166163194658,1.1081290009580924,0.995460615777338,1.0110445008070097,0.9956165384351956
227,AAPL,2011-05-20,43.51,43.663,42.904,42.928,94239446,-0.0024226612001491,43.609,43.524,43.048,-1.5616042560022136,0.1952945501332514,1.105742427058165,43.39685714285714,43.803266666666666,0.5667963857129111,0.952635651787712,72674966.0,98795869.71428572,0.29672500981975,1.1456401411915973,0.9907219357199496,1.0176906582136862,0.986623764651804
228,AAPL,2011-05-23,42.266,43.027,42.186,42.824,106580666,-0.0066084438632543,42.928,43.609,43.524,-0.2422661200149112,-1.5616042560022136,0.1952945501332514,43.17428571428571,43.800466666666665,0.395483128289889,0.9554769790375864,94239446.0,101280193.85714284,0.1309559905519817,1.1347259174019575,0.985703783543076,1.0199355236334329,1.0132021009795107
229,AAPL,2011-05-24,42.961,43.016,42.433,42.541,89743004,0.0137749465221788,42.824,42.928,43.609,-0.6608443863254321,-0.2422661200149112,-1.5616042560022136,43.02228571428572,43.80636666666667,0.4066631342548037,0.9468081946576044,106580666.0,101118174.14285716,-0.1579804539783978,1.1166128577233334,0.9821012101198162,1.0137393066716942,0.990223691254859
230,AAPL,2011-05-25,42.682,43.356,42.626,43.127,81937417,-0.0052171493495953,42.541,42.824,42.928,1.377494652217881,-0.6608443863254321,-0.2422661200149112,43.08585714285714,43.825,0.3784025319557461,0.926887598735241,89743004.0,94920650.0,-0.086977108544305,1.1410983013782448,0.983134218890066,1.0171256979308403,1.010425940677569
231,AAPL,2011-05-26,43.001,43.141,42.83,42.902,62051609,0.0071791524870634,43.127,42.541,42.824,-0.5217149349595385,1.377494652217881,-0.6608443863254321,43.065000000000005,43.8202,0.3848064448525267,0.9314226197335184,81937417.0,85770026.0,-0.2426950803196542,1.1271863669282975,0.9827659389961708,1.00726126546813,0.9976977279598148
232,AAPL,2011-05-27,42.875,43.238,42.813,43.21,56764443,0.030895626012497,42.902,43.127,42.541,0.7179152487063467,-0.5217149349595385,1.377494652217881,43.02014285714286,43.84153333333334,0.3378152495924038,0.9088565280093835,62051609.0,80570221.57142857,-0.0852059452640462,1.1148841983438116,0.9812645586561644,1.0099268913647723,1.0078134110787171
233,AAPL,2011-05-31,43.708,44.545,43.668,44.545,116196483,-0.0067123133909529,43.21,42.902,43.127,3.089562601249707,0.7179152487063467,-0.5217149349595385,43.15385714285714,43.9285,0.6503838427092088,0.8426456182349439,56764443.0,86787581.14285715,1.0469941544216337,1.205789112872275,0.9823658249850812,1.0200833562333975,1.0191498123913243
234,AAPL,2011-06-01,44.708,45.094,44.137,44.246,154338759,0.0017854721330741,44.545,43.21,42.902,-0.6712313390952906,3.089562601249707,0.7179152487063467,43.34214285714285,43.98676666666667,0.7562626150069972,0.7996577579718516,116196483.0,95373197.28571428,0.3282567166856505,1.1965743051856752,0.9853450512876112,1.0216824886149942,0.9896662789657332
235,AAPL,2011-06-02,44.379,44.563,44.092,44.325,94459350,-0.0077382966723068,44.246,44.545,43.21,0.1785472133074117,-0.6712313390952906,3.089562601249707,43.55657142857143,44.02203333333333,0.7965841359921702,0.7900927262615838,154338759.0,93641580.71428572,-0.3879738918984051,1.1544798524165576,0.989426615048936,1.010682209924703,0.998783208274184
236,AAPL,2011-06-03,43.947,44.223,43.797,43.982,87320278,-0.015710972670638,44.325,44.246,44.545,-0.7738296672306855,0.1785472133074117,-0.6712313390952906,43.76242857142858,44.02646666666667,0.6658630632853505,0.7894612188647784,94459350.0,93295477.0,-0.075578246092102,1.1395740914982735,0.9940027416409049,1.0097266936091511,1.000796413862152
237,AAPL,2011-06-06,44.27,44.442,43.262,43.291,128587248,-0.0177866069159871,43.982,44.325,44.246,-1.5710972670638037,-0.7738296672306855,0.1785472133074117,43.78585714285715,43.97246666666667,0.6422453914644144,0.7822437548191327,87320278.0,99959738.57142857,0.4725932045246122,1.0805778744986283,0.9957562188806892,1.027275669178494,0.9778857013779082
238,AAPL,2011-06-07,43.303,43.309,42.503,42.521,147655387,0.0005879447802261,43.291,43.982,44.325,-1.7786606915987102,-1.5710972670638037,-0.7738296672306855,43.73142857142857,43.88289999999999,0.738556894026734,0.7896922294418882,128587248.0,112188849.71428572,0.1482895022374224,1.1113815404795775,0.9965482812537134,1.0189633672917204,0.9819412049973444
239,AAPL,2011-06-08,42.516,42.875,42.345,42.546,92985601,-0.0022093733841019,42.521,43.291,43.982,0.0587944780226168,-1.7786606915987102,-1.5710972670638037,43.63657142857143,43.80526666666666,0.8508001835807704,0.8031625391957368,147655387.0,117363300.85714284,-0.3702525665385984,1.1075728532869091,0.9961489736067832,1.0125162356830797,1.0007056167090036
240,AAPL,2011-06-09,42.68,42.73,42.356,42.452,76679412,-0.0168896636200885,42.546,42.521,43.291,-0.2209373384101987,0.0587944780226168,-1.7786606915987102,43.33757142857143,43.7256,0.8461014236175852,0.8152245977809556,92985601.0,111718005.0,-0.1753625166115773,1.1074498801340165,0.9911258262567336,1.008829917839267,0.9946579194001874
241,AAPL,2011-06-10,42.337,42.472,41.686,41.735,120988800,0.0022043848089132,42.452,42.546,42.521,-1.688966362008859,-0.2209373384101987,0.0587944780226168,42.97885714285714,43.6366,0.925345598244526,0.8815428716076725,76679412.0,106953725.14285716,0.5778524749250815,1.1325986470517582,0.9849268078369336,1.01885525116346,0.9857807591468456
242,AAPL,2011-06-13,41.901,42.043,41.628,41.827,91873734,0.0178353694981709,41.735,42.452,42.546,0.2204384808913273,-1.688966362008859,-0.2209373384101987,42.622,43.53616666666666,0.7917103847577949,0.9108596198789298,120988800.0,106584351.42857143,-0.2406426545266999,1.1136489316771576,0.9790021323267628,1.0099692514653598,0.9982339323643826
243,AAPL,2011-06-14,42.266,42.677,42.172,42.573,93150072,-0.0171470180630916,41.827,41.735,42.452,1.7835369498170994,0.2204384808913273,-1.688966362008859,42.42071428571428,43.47703333333333,0.5212199517432323,0.9139838708049014,91873734.0,107417179.14285716,0.0138923057160167,1.1591048414954734,0.975703975947016,1.0119747699895667,1.0072635215066483
244,AAPL,2011-06-15,42.182,42.298,41.605,41.843,110395909,-0.0048275697249242,42.573,41.827,41.735,-1.71470180630916,1.7835369498170994,0.2204384808913273,42.21385714285714,43.385466666666666,0.3887691811222115,0.935975711935356,93150072.0,104818416.42857143,0.1851403507235076,1.1867867818699869,0.9729953458191176,1.0166566518447304,0.991963396709497
245,AAPL,2011-06-16,41.849,42.091,40.764,41.641,141495642,-0.015081290074686,41.843,42.573,41.827,-0.4827569724924263,-1.71470180630916,1.7835369498170994,42.08814285714286,43.2813,0.4143365896511625,0.9508115644196036,110395909.0,103938452.85714284,0.281710919197196,1.182303103369382,0.972432502192468,1.03255323324502,0.9950297498148104
246,AAPL,2011-06-17,42.143,42.164,40.899,41.013,171474094,-0.015409748128642,41.641,41.843,42.573,-1.508129007468606,-0.4827569724924263,-1.71470180630916,41.869142857142855,43.16823333333333,0.5229118563617924,1.0122729181990004,141495642.0,115151094.71428572,0.211868376836652,1.2008108842997236,0.9699063321364289,1.0309298515856131,0.9731865315710794
247,AAPL,2011-06-20,40.634,40.687,39.763,40.381,178379402,0.0316237834625194,41.013,41.641,41.843,-1.5409748128642042,-1.508129007468606,-0.4827569724924263,41.57328571428572,43.03453333333333,0.6955510319848128,1.1056436955949165,171474094.0,129679664.71428572,0.04027026963035,1.2224239489114437,0.9660447667056314,1.023237683273395,0.9937736870600976
248,AAPL,2011-06-21,40.536,41.721,40.366,41.658,137379006,-0.008305727591339,40.381,41.013,41.641,3.1623783462519484,-1.5409748128642042,-1.508129007468606,41.562285714285714,42.9393,0.6931721080860586,1.096734530793153,178379402.0,132021122.71428572,-0.2298493858612667,1.3741301392016765,0.9679311426661756,1.0335678541346678,1.0276791000592067
249,AAPL,2011-06-22,41.621,42.12,41.286,41.312,108730070,0.0267718822618125,41.658,40.381,41.013,-0.8305727591339074,3.1623783462519484,-1.5409748128642042,41.48871428571429,42.82463333333333,0.6877021434422974,1.0803853553670355,137379006.0,134429170.7142857,-0.2085394037572232,1.3712055345711696,0.9688048923333288,1.020200552245313,0.992575863146008
250,AAPL,2011-06-23,40.844,42.476,40.739,42.418,155729276,-0.0147343109057475,41.312,41.658,40.381,2.67718822618126,-0.8305727591339074,3.1623783462519484,41.46657142857144,42.756366666666665,0.6483401517574262,1.036925145548545,108730070.0,143369057.0,0.4322558239868694,1.4695092049511709,0.9698338437372236,1.0426372763199885,1.0385368720007837
251,AAPL,2011-06-24,42.453,42.665,41.631,41.793,122605730,0.0174191850309861,42.418,41.312,41.658,-1.4734310905747503,2.67718822618126,-0.8305727591339074,41.459428571428575,42.67006666666666,0.6437610470618541,1.0041836599886094,155729276.0,145113317.14285713,-0.2126995440471963,1.4893618273869165,0.9716279305421422,1.024837260695155,0.9844533955197512
252,AAPL,2011-06-27,41.956,42.758,41.908,42.521,94613258,0.0097128477693373,41.793,42.418,41.312,1.7419185030986162,-1.4734310905747503,2.67718822618126,41.585142857142856,42.63393333333333,0.7604720964793604,0.988766418263016,122605730.0,138415833.7142857,-0.2283129181645915,1.4995872043877336,0.975400100478872,1.0202825236231745,1.01346648870245
253,AAPL,2011-06-28,42.72,43.115,42.701,42.934,81863228,-0.0036800670797035,42.521,41.793,42.418,0.971284776933734,1.7419185030986162,-1.4734310905747503,41.85957142857143,42.64233333333333,0.8597284178046509,0.9902581458397168,94613258.0,125614281.42857143,-0.1347594435443709,1.4599287783401382,0.9816435489436498,1.0096953232945365,1.00500936329588
254,AAPL,2011-06-29,43.052,43.076,42.501,42.776,98306133,0.0048859173368243,42.934,42.521,41.793,-0.3680067079703586,0.971284776933734,1.7419185030986162,42.20171428571428,42.63326666666667,0.6149571026463688,0.9876576236777658,81863228.0,114175243.0,0.2008582534761516,1.4531015104491525,0.9898775671044272,1.0135290934330958,0.9935891480070612
255,AAPL,2011-06-30,42.827,43.046,42.624,42.985,90013064,0.0226823310457136,42.776,42.934,42.521,0.4885917336824308,-0.3680067079703586,0.971284776933734,42.39128571428571,42.615300000000005,0.6238834598132689,0.975725835927372,98306133.0,107408679.85714284,-0.084359629932753,1.44106538260428,0.9947433366487084,1.0099005255255256,1.003689261447218
256,AAPL,2011-07-01,43.021,43.989,42.798,43.96,122640579,0.01794813466788,42.985,42.776,42.934,2.26823310457136,0.4885917336824308,-0.3680067079703586,42.76957142857143,42.627,0.6620284125682773,0.9900515138110828,90013064.0,109395895.42857143,0.3624753291366684,1.5007786531023288,1.0033446273153503,1.027828403196411,1.0218265498245045
257,AAPL,2011-07-05,43.922,44.799,43.862,44.749,98925488,0.0066370198216718,43.96,42.985,42.776,1.7948134667880034,2.26823310457136,0.4885917336824308,43.10257142857143,42.68769999999999,0.9702234892269522,1.0623267615359568,122640579.0,101281068.57142857,-0.1933706705673658,1.5025610241841214,1.009718758063129,1.0213624549724134,1.0188288329311053
258,AAPL,2011-07-06,44.692,45.346,44.399,45.046,123826128,0.0154952715002441,44.749,43.96,42.985,0.6637019821671863,1.7948134667880034,2.26823310457136,43.56728571428572,42.76176666666667,1.0163843948503966,1.1462988622557384,98925488.0,101455411.14285716,0.2517110656052563,1.5035212622596017,1.018837365955859,1.021329309218676,1.0079208806945317
259,AAPL,2011-07-07,45.437,45.845,45.334,45.744,111209088,0.0069954529555789,45.046,44.749,43.96,1.54952715002441,0.6637019821671863,1.7948134667880034,44.02771428571429,42.86853333333333,1.1802283273850611,1.2677571216679575,123826128.0,103826244.0,-0.101893196563491,1.515029585393986,1.0270403688264187,1.011271893060396,1.0067566080507075
260,AAPL,2011-07-08,45.273,46.103,45.102,46.064,136477568,-0.0158475164987842,45.744,45.046,44.749,0.6995452955578907,1.54952715002441,0.6637019821671863,44.47485714285715,42.966433333333335,1.285063218752592,1.395382846571267,111209088.0,111628292.57142857,0.2272159627817467,1.5026886437459264,1.0351070287315094,1.0221941377322514,1.0174717822985002
261,AAPL,2011-07-11,45.651,46.071,45.184,45.334,123360936,-0.000705871972471,46.064,45.744,45.046,-1.5847516498784242,0.6995452955578907,1.54952715002441,44.84028571428571,43.0475,1.0665809414958878,1.460630136807844,136477568.0,115207550.14285716,-0.0961083362798492,1.5332654752683952,1.0416466859698177,1.019630842776204,0.993056011916497
262,AAPL,2011-07-12,45.271,45.806,44.646,45.302,125760005,0.0120524480155401,45.334,46.064,45.744,-0.0705871972471072,-1.5847516498784242,0.6995452955578907,45.17128571428571,43.11723333333333,0.6867480649862063,1.5174871852740088,123360936.0,120314256.0,0.0194475583421318,1.530753432209224,1.0476387797211568,1.0259821708551715,1.0006847650813986
263,AAPL,2011-07-13,45.889,46.103,45.639,45.848,108946852,-0.0007197696737044,45.302,45.334,46.064,1.2052448015540174,-0.0705871972471072,-1.5847516498784242,45.441,43.16066666666667,0.4674836895555049,1.577232721405066,125760005.0,118358009.28571428,-0.1336923690484904,1.4429216815994903,1.0528335984924544,1.0101667433554635,0.9991065396936084
264,AAPL,2011-07-14,46.218,46.308,45.634,45.815,119636953,0.0199716250136416,45.848,45.302,45.334,-0.0719769673704462,1.2052448015540174,-0.0705871972471072,45.593285714285706,43.21296666666667,0.3674056406240273,1.6392566331099476,108946852.0,121316790.0,0.0981221651085431,1.4359194976850584,1.0550834444202868,1.0147696892667748,0.991280453502964
265,AAPL,2011-07-15,46.229,46.742,45.996,46.73,134729826,0.0243526642413867,45.815,45.848,45.302,1.9971625013641687,-0.0719769673704462,1.2052448015540174,45.83385714285714,43.29313333333333,0.4825965977821956,1.7505448557387997,119636953.0,122874461.14285716,0.1261556118033195,1.476036079143512,1.0586865309554203,1.0162188016349247,1.0108373531765775
266,AAPL,2011-07-18,46.798,47.98,46.779,47.868,159233208,0.0081682961477396,46.73,45.815,45.848,2.4352664241386712,1.9971625013641687,-0.0719769673704462,46.13728571428572,43.422666666666665,0.9020880803793024,1.937108693892411,134729826.0,129735049.71428572,0.1818705087617347,1.519658835792355,1.062516175444907,1.025673913508198,1.022864224966879
267,AAPL,2011-07-19,48.397,48.491,47.808,48.259,223877469,0.0267100437224145,47.868,46.73,45.815,0.8168296147739618,2.4352664241386712,1.9971625013641687,46.450857142857146,43.58826666666666,1.203507987589206,2.1283747714666266,159233208.0,142220749.85714287,0.4059722328774535,1.4806508086427748,1.0656734184472538,1.014286311914324,0.997148583589892
268,AAPL,2011-07-20,50.72,50.747,49.433,49.548,262089246,0.0010091224671024,48.259,47.868,46.73,2.671004372241459,0.8168296147739618,2.4352664241386712,47.05285714285714,43.8225,1.5544926748592582,2.378805854436833,223877469.0,162039079.85714287,0.1706816553299519,1.4805137378447648,1.0737145791056453,1.026581433455384,0.9768927444794954
269,AAPL,2011-07-21,49.563,49.951,49.164,49.598,146676261,0.0155046574458648,49.548,48.259,47.868,0.1009122467102496,2.671004372241459,0.8168296147739618,47.66657142857142,44.057566666666666,1.5955364674767865,2.587583477691584,262089246.0,165027116.42857143,-0.4403575757549396,1.4800795916698704,1.0819156625060566,1.016007647872427,1.00070617194278
270,AAPL,2011-07-22,49.729,50.59,49.657,50.367,143511789,0.0132427978636806,49.598,49.548,48.259,1.5504657445864822,0.1009122467102496,2.671004372241459,48.31214285714286,44.3214,1.6503633366195138,2.8120119389552816,146676261.0,169964964.57142857,-0.0215745341367816,1.484702094385023,1.0900409927742096,1.0187888917977326,1.012829536085584
271,AAPL,2011-07-25,49.967,51.224,49.895,51.034,164189669,0.0122467374691381,50.367,49.598,49.548,1.3242797863680655,1.5504657445864822,0.1009122467102496,49.05771428571428,44.631366666666665,1.5068643728272515,3.021772013620199,143511789.0,176329638.2857143,0.1440848876882163,1.4265495441484088,1.0991757131728943,1.0266359354644752,1.0213540937018433
272,AAPL,2011-07-26,51.224,51.803,51.182,51.659,132729065,-0.0267717145124759,51.034,50.367,49.598,1.224673746913818,1.3242797863680655,1.5504657445864822,49.76185714285714,44.95910000000001,1.384530898725164,3.2329284296182426,164189669.0,176043815.2857143,-0.1916113491890894,1.4271143256606855,1.1068250285894763,1.0121331718182172,1.0084921130719977
273,AAPL,2011-07-27,51.266,51.566,50.219,50.276,183392773,-0.0019890206062535,51.659,51.034,50.367,-2.6771714512475957,1.224673746913818,1.3242797863680655,50.10585714285714,45.21586666666667,1.10686124221817,3.340973631921505,132729065.0,179495181.7142857,0.3817077141317917,1.539972192090136,1.1081476666639984,1.0268225173739025,0.9806889556431164
274,AAPL,2011-07-28,50.152,50.84,49.703,50.176,165501080,-0.0033880739795918,50.276,51.659,51.034,-0.1989020606253499,-2.6771714512475957,1.224673746913818,50.379714285714286,45.493633333333335,0.7549730048791202,3.3968195213933408,183392773.0,171155697.57142857,-0.0975594223661147,1.4864533596867366,1.1074014228887914,1.0228758827434965,1.0004785452225236
275,AAPL,2011-07-29,49.627,50.605,49.174,50.006,176122513,0.0160380754309483,50.176,50.276,51.659,-0.3388073979591843,-0.1989020606253499,-2.6771714512475957,50.445142857142855,45.772466666666666,0.6877321253158479,3.4129536781495755,165501080.0,158874735.7142857,0.0641774240989847,1.4830063660689832,1.1020848674052128,1.029100744295766,1.0076369718097002
276,AAPL,2011-08-01,50.968,51.161,50.249,50.808,170311809,-0.0197409856715478,50.006,50.176,50.276,1.6038075430948373,-0.3388073979591843,-0.1989020606253499,50.618,46.09896666666667,0.5834823619165037,3.410457229770113,176122513.0,162251242.57142857,-0.0329923977407703,1.436945165264114,1.0980289507573922,1.0181496149177098,0.996860775388479
277,AAPL,2011-08-02,50.947,50.954,49.732,49.805,178043558,0.0093966469229997,50.808,50.006,50.176,-1.9740985671547808,1.6038075430948373,-0.3388073979591843,50.53771428571429,46.4131,0.6577179522887391,3.2977760776953824,170311809.0,167184352.42857143,0.045397609510448,1.4624609798424433,1.0888674595257437,1.024571704335237,0.9775845486485956
278,AAPL,2011-08-03,50.083,50.397,48.951,50.273,204282731,-0.0386887593738189,49.805,50.808,50.006,0.9396646922999796,-1.9740985671547808,1.6038075430948373,50.42900000000001,46.70026666666667,0.6240459384807425,3.2440842492283064,178043558.0,172911932.7142857,0.147375020443031,1.388469113919086,1.0798439409339562,1.029539743825458,1.0037937024539263
279,AAPL,2011-08-04,49.845,50.114,48.325,48.328,241636354,-0.0099735143188215,50.273,49.805,50.808,-3.8688759373818993,0.9396646922999796,-1.9740985671547808,49.95314285714286,46.934133333333335,0.7802585957177322,3.091555157514294,204282731.0,188470116.85714287,0.1828525730841144,1.5947566502066253,1.0643243905745112,1.0370201758923951,0.9695656535259304
280,AAPL,2011-08-05,48.651,49.111,46.432,47.846,335646044,-0.0546336161852609,48.328,50.273,49.805,-0.997351431882154,-3.8688759373818993,0.9396646922999796,49.606,47.11506666666666,1.09125905876388,2.97476524641249,241636354.0,210220584.14285716,0.3890544135589795,1.5655219235362776,1.0528691458924675,1.05769727773949,0.9834535775215308
281,AAPL,2011-08-08,46.28,47.096,45.209,45.232,318020359,0.0589184648036786,47.846,48.328,50.273,-5.463361618526097,-0.997351431882154,-3.8688759373818993,48.89971428571429,47.2297,1.934777223548676,2.825102636524156,335646044.0,232009052.57142857,-0.0525127148526738,1.8710685594191847,1.0353594091369265,1.0417394766528787,0.9773552290406222
282,AAPL,2011-08-09,46.33,47.974,45.462,47.897,301440424,-0.0276008935841491,45.232,47.846,48.328,5.891846480367868,-5.463361618526097,-0.997351431882154,48.59842857142858,47.4089,1.897644755756041,2.6830566504742945,318020359.0,249911611.2857143,-0.0521348226010901,2.119681506086067,1.0250908283345233,1.0552549381901366,1.0338225771638248
283,AAPL,2011-08-10,47.512,47.98,46.422,46.575,244802300,0.0274825550187867,47.897,45.232,47.846,-2.760089358414919,5.891846480367868,-5.463361618526097,47.99371428571429,47.53026666666667,1.7444500293108471,2.5528466860150467,301440424.0,260553110.0,-0.1878916014263568,2.194343445339245,1.0097505789794494,1.033561673344535,0.980278666442162
284,AAPL,2011-08-11,47.452,48.081,46.706,47.855,206716645,0.0088392017553025,46.575,47.897,45.232,2.7482555018786714,-2.760089358414919,5.891846480367868,47.71514285714285,47.69956666666667,1.5520903569673876,2.389894568202869,244802300.0,264649265.2857143,-0.1555771943319159,2.2352505281910933,1.0003265478402568,1.0294394724446538,1.0084927927168508
285,AAPL,2011-08-12,48.459,48.614,47.924,48.278,147400799,0.0170263888313517,47.855,46.575,47.897,0.8839201755302506,2.7482555018786714,-2.760089358414919,47.43014285714285,47.876,1.1298603790695168,2.219116553014103,206716645.0,256523275.0,-0.2869427665101666,2.2369620008031004,0.990687251590418,1.0143977965111426,0.9962648837161312
286,AAPL,2011-08-15,48.62,49.301,48.418,49.1,128218830,-0.0076374745417515,48.278,47.855,46.575,1.7026388831351769,0.8839201755302506,2.7482555018786714,47.54042857142857,48.04733333333333,1.2620513535701583,2.101660564038801,147400799.0,240320771.57142857,-0.1301347694865615,2.223119700673912,0.9894498877099368,1.0182370192903467,1.0098724804607158
287,AAPL,2011-08-16,48.854,49.096,48.16,48.725,139019116,-0.0001231400718316,49.1,48.278,47.855,-0.7637474541751565,1.7026388831351769,0.8839201755302506,47.666,48.17986666666668,1.33891124923723,2.009851714093051,128218830.0,212231210.42857143,0.0842332284579416,2.2165649477554856,0.9893344107773924,1.0194352159468438,0.997359479264748
288,AAPL,2011-08-17,48.967,49.241,48.407,48.719,122825663,-0.0378086578131734,48.725,49.1,48.278,-0.0123140071831673,-0.7637474541751565,1.7026388831351769,48.164142857142856,48.3023,0.8370114353208521,1.9223320992999848,139019116.0,184346253.85714287,-0.1164836424366272,2.216260012657141,0.9971397398704174,1.0172289131737149,0.9949353646333244
289,AAPL,2011-08-18,47.472,47.722,46.279,46.877,237102519,-0.0274121637476801,48.719,48.725,49.1,-3.780865781317344,-0.0123140071831673,-0.7637474541751565,48.018428571428565,48.340066666666665,0.9695593255262908,1.8810236745896896,122825663.0,175155124.57142857,0.9303988532103424,2.3225446859150334,0.9933463456420948,1.0311804490157523,0.9874662959218066
290,AAPL,2011-08-19,46.323,46.999,45.588,45.592,216219314,0.0011624846464293,46.877,48.719,48.725,-2.7412163747680185,-3.780865781317344,-0.0123140071831673,47.878,48.324333333333335,1.2454115785557376,1.9025682883810264,237102519.0,171071840.85714287,-0.0880766897293064,2.3766390877532397,0.9907637973967566,1.0309511274896903,0.984219502191136
291,AAPL,2011-08-22,46.697,46.726,45.475,45.645,149071936,0.0481761419651658,45.592,46.877,48.719,0.1162484646429318,-2.7412163747680185,-3.780865781317344,47.56228571428572,48.3347,1.5052315120148647,1.8864921497407736,216219314.0,162836882.42857143,-0.3105521738913666,2.357915649287833,0.9840194666416824,1.0275096206706982,0.9774717861961154
292,AAPL,2011-08-23,46.141,47.849,45.718,47.844,182939544,0.0069392191288353,45.645,45.592,46.877,4.817614196516584,0.1162484646429318,-2.7412163747680185,47.50028571428572,48.41943333333334,1.4795573340572334,1.800716824380855,149071936.0,167913846.0,0.2271896971942459,2.513101315583896,0.9810169686885852,1.0466118377881797,1.0369086062287338
293,AAPL,2011-08-24,47.826,48.532,47.459,48.176,163242890,-0.006600797077383,47.844,45.645,45.592,0.6939219128835328,4.817614196516584,0.1162484646429318,47.36828571428571,48.49703333333333,1.3484605684863504,1.7350463470570023,182939544.0,172917283.14285713,-0.1076675581961655,2.5078661399011364,0.9767254295476298,1.022608988811395,1.0073181951239911
294,AAPL,2011-08-25,46.743,48.081,46.742,47.858,242767964,0.0264323624054494,48.176,47.844,45.645,-0.6600797077383036,0.6939219128835328,4.817614196516584,47.24442857142857,48.56513333333334,1.2384020425726965,1.664819773476991,163242890.0,187738547.14285716,0.4871579644295687,2.5123248895928216,0.972805494986703,1.0286466133242054,1.023853839077509
295,AAPL,2011-08-26,47.534,49.15,47.485,49.123,178673726,0.0166113633125013,47.858,48.176,47.844,2.643236240544944,-0.6600797077383036,0.6939219128835328,47.30214285714285,48.6449,1.3249648333161237,1.630842184588544,242767964.0,195716841.85714287,-0.2640143985390099,2.531172224146876,0.9723967539689228,1.0350637043276825,1.0334287036647452
296,AAPL,2011-08-29,49.709,50.135,49.687,49.939,112854433,4.00488596088433e-05,49.123,47.858,48.176,1.6611363312501348,2.643236240544944,-0.6600797077383036,47.73957142857143,48.71393333333333,1.6312599279028537,1.6406253419482228,178673726.0,177967115.2857143,-0.3683770102829781,2.511442424140848,0.9799982912877376,1.009016442932759,1.0046269287251806
297,AAPL,2011-08-30,49.72,50.179,49.459,49.941,116360732,-0.0131955707735128,49.939,49.123,47.858,0.0040048859608843,1.6611363312501348,2.643236240544944,48.360857142857135,48.77,1.4999059335586873,1.6532342179223682,112854433.0,163701603.57142857,0.0310692181670879,2.508626458888505,0.991610767743636,1.014557512282901,1.004444891391794
298,AAPL,2011-08-31,50.07,50.211,48.902,49.282,145657843,-0.0098819041435005,49.941,49.939,49.123,-1.3195570773512857,0.0040048859608843,1.6611363312501348,48.880428571428574,48.76113333333333,0.9202580900930803,1.649627120527742,116360732.0,163213876.0,0.2517783318860525,2.475632582021204,1.0024465230797597,1.0267678213569995,0.984262033153585
299,AAPL,2011-09-01,49.42,49.604,48.758,48.795,95695032,-0.0183215493390715,49.282,49.941,49.939,-0.9881904143500542,-1.3195570773512857,0.0040048859608843,49.01628571428572,48.734366666666666,0.8046907717229441,1.6420773950284473,145657843.0,150750374.2857143,-0.3430149037700634,2.482255430903849,1.005784809917554,1.0173509988104517,0.987353298259814
300,AAPL,2011-09-02,48.017,48.407,47.617,47.901,122378780,0.0151771361766976,48.795,49.282,49.941,-1.83215493390716,-0.9881904143500542,-1.3195570773512857,48.977,48.652166666666666,0.8575295913266346,1.6190932984835846,95695032.0,144912644.2857143,0.2788415181260402,2.485065608150645,1.006676646809152,1.0165907134006762,0.9975841889330862
301,AAPL,2011-09-06,47.01,48.706,46.93,48.628,141829851,0.0111047133338817,47.901,48.795,49.282,1.5177136176697692,-1.83215493390716,-0.9881904143500542,49.087,48.57196666666667,0.7299636977280687,1.5553791307038118,122378780.0,130492913.85714284,0.1589415338181994,2.489236285702165,1.010603509980723,1.037843596846367,1.0344182088917253
302,AAPL,2011-09-07,49.356,49.378,48.919,49.168,97469791,0.0005084607875041,48.628,47.901,48.795,1.1104713333881744,1.5177136176697692,-1.83215493390716,49.09342857142857,48.48893333333333,0.7305315090501721,1.4476564636614166,141829851.0,118892351.71428572,-0.3127695593503796,2.487178159933495,1.012466663969275,1.0093828573764796,0.9961909392981604
303,AAPL,2011-09-08,48.973,49.766,48.961,49.193,115834547,-0.0173195373325472,49.168,48.628,47.901,0.0508460787504105,1.1104713333881744,1.5177136176697692,48.98685714285715,48.45283333333333,0.6347543956980265,1.414683761014183,97469791.0,119318082.28571428,0.1884148494788502,2.440449610602199,1.0110215187180074,1.0164416576458817,1.004492271251506
304,AAPL,2011-09-09,49.191,49.433,48.025,48.341,157483238,0.0065162077739393,49.193,49.168,48.628,-1.7319537332547208,0.0508460787504105,1.1104713333881744,48.75828571428571,48.391666666666666,0.509657961868582,1.3767720451719287,115834547.0,125192726.0,0.3595532773137189,2.4597832140492204,1.007576078132303,1.0293180635085892,0.9827204163363216
305,AAPL,2011-09-12,47.831,48.778,47.626,48.656,130245831,0.0122903650115093,48.341,49.193,49.168,0.6516207773939353,-1.7319537332547208,0.0508460787504105,48.66885714285714,48.34666666666667,0.4543696837648832,1.3438568615618631,157483238.0,122991010.0,-0.1729543241929023,2.463041271245304,1.0066641714600897,1.0241884684836011,1.017248228136564
306,AAPL,2011-09-13,48.938,49.459,48.695,49.254,122789824,0.0122223575750193,48.656,48.341,49.193,1.2290365011509374,0.6516207773939353,-1.7319537332547208,48.73442857142857,48.29486666666666,0.5058151365684399,1.2738372854819988,130245831.0,126861694.57142857,-0.0572456480392067,2.4552396661687204,1.0091016278768463,1.0156894958414622,1.006457149863092
307,AAPL,2011-09-14,49.563,50.226,49.4,49.856,148981888,0.009346919127086,49.254,48.656,48.341,1.2222357575019327,1.2290365011509374,0.6516207773939353,49.013714285714286,48.29656666666667,0.5086599107092425,1.2759544009612662,122789824.0,130662138.57142857,0.2133080995376295,2.43925965650114,1.014848832298934,1.0167206477732793,1.0059116679781288
308,AAPL,2011-09-15,50.145,50.413,49.931,50.322,115696168,0.0191963753427923,49.856,49.254,48.656,0.9346919127086072,1.2222357575019327,1.2290365011509374,49.25571428571429,48.2982,0.6714781491327635,1.2786002691517595,148981888.0,126928755.28571428,-0.2234212523874043,2.4391960284954592,1.0198250511554114,1.0096533215837855,1.0035297636853129
309,AAPL,2011-09-16,50.714,51.288,50.588,51.288,194047962,0.0278037747621275,50.322,49.856,49.254,1.9196375342792396,0.9346919127086072,1.2222357575019327,49.55857142857143,48.39686666666667,1.0153596829277651,1.3903076249352515,115696168.0,140725636.85714287,0.6772203034416835,2.3471935540332374,1.0240037184618995,1.0138372736617378,1.01131837362464
310,AAPL,2011-09-19,50.828,52.918,50.611,52.714,229042385,0.0044200781576053,51.288,50.322,49.856,2.7803774762127587,1.9196375342792396,0.9346919127086072,50.06157142857143,48.55913333333333,1.5404412633123097,1.5930882550897183,194047962.0,156898185.14285713,0.1803390390670529,2.3804575599937565,1.0309403811827662,1.0455829760328783,1.0371055323837255
311,AAPL,2011-09-20,53.191,54.15,52.658,52.947,215933121,-0.0031729843050597,52.714,51.288,50.322,0.4420078157605367,2.7803774762127587,1.9196375342792396,50.71957142857143,48.8163,1.6619436269165782,1.6588268839856404,229042385.0,165248168.42857143,-0.0572351008307916,2.112127605337189,1.0389884409218115,1.0283337764442249,0.9954127577973716
312,AAPL,2011-09-21,53.75,53.988,52.762,52.779,168477126,-0.0250667879270164,52.947,52.714,51.288,-0.3172984305059745,0.4420078157605367,2.7803774762127587,51.30857142857143,48.97903333333333,1.5344277822852048,1.7990697497225685,215933121.0,170709782.0,-0.2197717273766445,1.8595024694152693,1.0475619451160685,1.023236420150866,0.9819348837209304
313,AAPL,2011-09-22,51.353,52.483,50.801,51.456,269774087,0.0062189054726369,52.779,52.947,52.714,-2.5066787927016443,-0.3172984305059745,0.4420078157605367,51.62314285714286,49.141733333333335,1.2406044801594025,1.7948658183123656,168477126.0,191707533.85714287,0.6012505282171066,1.8454533595192928,1.050494953179162,1.0331095844569989,1.0020057250793528
314,AAPL,2011-09-23,51.257,52.088,51.206,51.776,152263430,-0.0028005253399259,51.456,52.779,52.947,0.6218905472636926,-2.5066787927016443,-0.3172984305059745,51.89742857142858,49.27243333333333,0.9668281228060936,1.840127051148043,269774087.0,192176325.57142857,-0.4355891194249506,1.79013928347574,1.053275128921214,1.0172245439987502,1.010125446280508
315,AAPL,2011-09-26,51.237,51.735,50.112,51.631,226515830,-0.0097228409288993,51.776,51.456,52.779,-0.2800525339925919,0.6218905472636926,-2.5066787927016443,52.084428571428575,49.3842,0.7015180817689416,1.8790601539248093,152263430.0,208007705.85714287,0.4876574762567742,1.7891743104251794,1.0546779854979644,1.0323874521072796,1.007689755450163
316,AAPL,2011-09-27,52.373,52.409,50.974,51.129,176027843,-0.0055936943808796,51.631,51.776,51.456,-0.97228409288993,-0.2800525339925919,0.6218905472636926,52.06171428571429,49.45183333333333,0.7334506832521587,1.9048167091353576,226515830.0,205433403.14285716,-0.2228894422080788,1.780375534712234,1.052776222365486,1.0281516067014558,0.9762473029996372
317,AAPL,2011-09-28,51.284,51.703,50.776,50.843,119722770,-0.0162460909073028,51.129,51.631,51.776,-0.5593694380879644,-0.97228409288993,-0.2800525339925919,51.794428571428575,49.52243333333333,0.7945014909040403,1.91616536402728,176027843.0,189816315.2857143,-0.3198645852860902,1.7771452526779317,1.0458781018049446,1.0182566566881992,0.9914008267685828
318,AAPL,2011-09-29,51.478,51.508,49.459,50.017,181445267,-0.0237119379411,50.843,51.129,51.631,-1.624609090730289,-0.5593694380879644,-0.97228409288993,51.37585714285715,49.5657,0.8555517573618113,1.9120482995988732,119722770.0,184889479.0,0.5155451799185735,1.806582110227388,1.0365203586927485,1.041428253705089,0.971618944014919
319,AAPL,2011-09-30,49.576,49.802,48.815,48.831,152700185,-0.0175708054309763,50.017,50.843,51.129,-2.3711937941100047,-1.624609090730289,-0.5593694380879644,50.81185714285714,49.630833333333335,1.054563800594735,1.84956041531062,181445267.0,182635630.2857143,-0.1584228813199079,1.7182413575429791,1.0237961712549082,1.0202191949195945,0.9849725673713088
320,AAPL,2011-10-03,48.709,49.004,47.789,47.973,186284083,-0.005607320784608,48.831,50.017,50.843,-1.7570805430976333,-2.3711937941100047,-1.624609090730289,50.31428571428571,49.7102,1.4482044876660825,1.7165784211217952,152700185.0,170708486.85714287,0.2199335776836157,1.669844063516542,1.0121521481363125,1.025424260813158,0.9848898560840912
321,AAPL,2011-10-04,48.011,48.894,45.364,47.704,343735715,0.0154284755995304,47.973,48.831,50.017,-0.5607320784608016,-1.7570805430976333,-2.3711937941100047,49.73257142857143,49.77883333333333,1.5754374902595,1.584518573319455,186284083.0,198061670.42857143,0.845223217487669,1.67534536730179,0.9990706510847268,1.07781500749493,0.9936056320426568
322,AAPL,2011-10-05,47.108,48.64,46.141,48.44,219177331,-0.0023121387283235,47.704,47.973,48.831,1.5428475599530422,-0.5607320784608016,-1.7570805430976333,49.27671428571429,49.7987,1.384683443280828,1.5630135382294583,343735715.0,197013313.42857143,-0.3623667211886899,1.4534418352236054,0.9895180855266158,1.0541600745540842,1.0282754521525006
323,AAPL,2011-10-06,47.774,49.275,47.615,48.328,226333493,-0.0201125641450091,48.44,47.704,47.973,-0.2312138728323587,1.5428475599530422,-0.5607320784608016,48.87657142857143,49.80376666666667,1.1439977938710006,1.5578097064815428,219177331.0,204199834.85714287,0.0326501010270994,1.4491490898872392,0.9813830298358576,1.0348629633518849,1.0115962657512454
324,AAPL,2011-10-07,48.121,48.375,47.189,47.356,149312946,0.0514612720668974,48.328,48.44,47.704,-2.011256414500917,-0.2312138728323587,1.5428475599530422,48.37842857142857,49.787033333333326,0.8718426572772845,1.581940263995291,226333493.0,208427002.85714287,-0.34029672753736,1.4914160912440306,0.9717073971354372,1.0251329759054018,0.9841025747594604
325,AAPL,2011-10-10,48.559,49.793,48.434,49.793,122947396,0.029502138854859,47.356,48.328,48.44,5.146127206689743,-2.011256414500917,-0.2312138728323587,48.346428571428575,49.80936666666667,0.8030759318904062,1.5769639858419695,149312946.0,200070164.14285716,-0.1765791293140783,1.7010601993916223,0.9706292572433546,1.0280588016682497,1.025412384933792
326,AAPL,2011-10-11,50.274,51.633,50.135,51.262,168665435,0.00474035347821,49.793,47.356,48.328,2.9502138854859083,5.146127206689743,-2.011256414500917,48.69371428571429,49.85346666666667,1.3718042516199764,1.5990583594042207,122947396.0,202350914.14285716,0.3718504050301316,1.7582452733935217,0.9767367756247166,1.0298793258202854,1.0196523053665911
327,AAPL,2011-10-12,52.174,52.409,51.243,51.505,173321900,0.0155130569847588,51.262,49.793,47.356,0.4740353478210002,2.9502138854859083,5.146127206689743,49.19828571428572,49.9056,1.6779368993189372,1.627257108311599,168665435.0,200499173.7142857,0.0276077016016944,1.7594357119576582,0.9858269555778452,1.0227543274203306,0.9871775213707976
328,AAPL,2011-10-13,51.87,52.304,51.591,52.304,118153365,0.0332479351483634,51.505,51.262,49.793,1.55130569847588,0.4740353478210002,2.9502138854859083,49.85542857142857,50.00633333333334,1.8833723173380224,1.680004460858553,173321900.0,168273123.7142857,-0.3183010052393841,1.756640234974051,0.9969822870055506,1.0138202399643348,1.0083670715249664
329,AAPL,2011-10-14,53.402,54.043,53.181,54.043,159450387,-0.004755472494125,52.304,51.505,51.262,3.324793514836344,1.55130569847588,0.4740353478210002,50.65585714285714,50.18126666666667,2.321280639975446,1.817153266898851,118153365.0,159740703.14285713,0.3495204897465256,1.8298760251876576,1.009457522850967,1.0162087963746451,1.012003295756713
330,AAPL,2011-10-17,53.968,54.645,53.264,53.786,190991217,0.0053731454281784,54.043,52.304,51.505,-0.4755472494125001,3.324793514836344,1.55130569847588,51.43557142857143,50.37743333333333,2.325699096124733,1.8790990079312049,159450387.0,154691806.57142857,0.1978096798222257,1.790241475963967,1.021004208138924,1.0259274556924,0.9966276311888526
331,AAPL,2011-10-18,53.988,54.402,53.27,54.075,240888318,-0.0559408229311142,53.786,54.043,52.304,0.5373145428178461,-0.4755472494125001,3.324793514836344,52.39542857142857,50.559,1.6496291358106925,1.96540658248658,190991217.0,167774002.57142857,0.2612533800441723,1.7780861188415853,1.0363224860347031,1.0212502346536512,1.0016114692153812
332,AAPL,2011-10-19,51.411,52.302,50.943,51.05,307564028,-0.0083643486777669,54.075,53.786,54.043,-5.594082293111424,0.5373145428178461,-0.4755472494125001,52.575,50.62173333333333,1.3625637599764902,1.9494473475624703,240888318.0,194147807.14285716,0.2767909650147502,2.077841562807277,1.0385855350666249,1.0266768741534658,0.9929781564256676
333,AAPL,2011-10-20,51.224,51.27,50.487,50.623,153130629,-0.0061632064476621,51.05,54.075,53.786,-0.836434867776692,-5.594082293111424,0.5373145428178461,52.48371428571428,50.6694,1.4814116819540173,1.9307008125509797,307564028.0,191928549.14285716,-0.5021178842149903,2.085545955226011,1.0358069028982833,1.0155089428961912,0.9882672184913324
334,AAPL,2011-10-21,51.008,51.114,50.04,50.311,172906566,0.0328556379320625,50.623,51.05,54.075,-0.6163206447662106,-0.836434867776692,-5.594082293111424,52.31314285714286,50.73506666666666,1.6696619846119685,1.881655579413785,153130629.0,191869215.7142857,0.1291442288792532,2.0612522468052386,1.0311042498641871,1.021462829736211,0.9863354767879547
335,AAPL,2011-10-24,50.723,52.059,50.635,51.964,139963135,-0.0197251943653298,50.311,50.623,51.05,3.2855637932062587,-0.6163206447662106,-0.836434867776692,52.26457142857144,50.845333333333336,1.6749094360737375,1.852316356634648,172906566.0,194984897.14285716,-0.1905273568384904,2.137860119542706,1.0279128486764717,1.0281228399328528,1.024466218480768
336,AAPL,2011-10-25,51.873,52.065,50.889,50.939,119901221,0.0071065391939377,51.964,50.311,50.623,-1.9725194365329823,3.2855637932062587,-0.6163206447662106,51.82114285714285,50.90149999999999,1.5302428378719184,1.8277835786393328,139963135.0,189335016.2857143,-0.1433371294519803,2.166584341071494,1.0180671072000405,1.0231091198490831,0.9819944865344208
337,AAPL,2011-10-26,51.478,51.553,50.347,51.301,127051612,0.0102337186409622,50.939,51.964,50.311,0.7106539193937778,-1.9725194365329823,3.2855637932062587,51.46614285714286,50.949666666666666,1.2634324185296089,1.818297049691912,119901221.0,180200787.0,0.0596356812746718,2.159733314017908,1.0101369886059353,1.0239537608993583,0.9965616379812736
338,AAPL,2011-10-27,52.229,52.378,51.465,51.826,137831561,0.0006174507004206,51.301,50.939,51.964,1.023371864096223,0.7106539193937778,-1.9725194365329823,51.14485714285714,50.99980000000001,0.6025444460990858,1.8211261654107311,127051612.0,165478393.14285713,0.0848470068998417,2.160950244804291,1.002844268857077,1.0177402117944234,0.9922839801642764
339,AAPL,2011-10-28,51.608,52.04,51.547,51.858,89898816,-0.0003856685564425,51.826,51.301,50.939,0.0617450700420629,1.023371864096223,0.7106539193937778,51.26028571428572,51.018800000000006,0.6563367312309798,1.8271999758436133,137831561.0,134383362.85714287,-0.3477632020724194,2.134075096849512,1.004733269192645,1.0095640871437717,1.004844210199969
340,AAPL,2011-10-31,51.494,52.418,51.359,51.838,107509269,-0.0204869015008294,51.858,51.826,51.301,-0.0385668556442508,0.0617450700420629,1.023371864096223,51.43385714285715,50.9896,0.6193274385909018,1.806052460382572,89898816.0,127866025.71428572,0.1958919347725336,2.071247581329048,1.0087127010774186,1.0206195603496953,1.0066803899483434
341,AAPL,2011-11-01,50.905,51.161,50.357,50.776,148177380,0.0023042382227824,51.838,51.858,51.826,-2.0486901500829435,-0.0385668556442508,0.0617450700420629,51.50028571428571,50.917233333333336,0.4903191866152152,1.7680111694785965,107509269.0,124333284.85714284,0.3782753931663325,2.1011654887019717,1.0114509831501524,1.0159660027404334,0.9974658677929475
342,AAPL,2011-11-02,51.245,51.28,50.599,50.893,91325063,0.0142455740475113,50.776,51.838,51.858,0.2304238222782473,-2.0486901500829435,-0.0385668556442508,51.34728571428571,50.85436666666666,0.4885999434741891,1.7327065430610569,148177380.0,117384988.85714284,-0.383677434437024,2.1017547984534657,1.009692757572815,1.013458764007194,0.9931310371743586
343,AAPL,2011-11-03,51.131,51.658,50.629,51.618,123096729,-0.0070130574605757,50.893,50.776,51.838,1.424557404751137,0.2304238222782473,-2.0486901500829435,51.44428571428572,50.85976666666667,0.4606346036679521,1.73489724794246,91325063.0,117841490.0,0.3478964586096151,2.068815123769064,1.011492759128251,1.0203243200537242,1.0095245545755025
344,AAPL,2011-11-04,51.528,51.663,51.116,51.256,84118437,-0.0013071640393319,51.618,50.893,50.776,-0.7013057460575789,1.424557404751137,0.2304238222782473,51.43785714285714,50.84243333333333,0.4632740112772373,1.728011507850324,123096729.0,111708179.28571428,-0.3166476665679719,2.069891504408587,1.011711158779913,1.0107011503247514,0.9947213165657508
345,AAPL,2011-11-07,51.214,51.224,50.728,51.189,75203074,0.016292562855301,51.256,51.618,50.893,-0.1307164039331954,-0.7013057460575789,1.424557404751137,51.34685714285714,50.8277,0.4360896041620565,1.7229330274970538,84118437.0,102761252.57142857,-0.1059858375637673,2.0694064967107653,1.0102140593191733,1.0097776375965934,0.9995118522279064
346,AAPL,2011-11-08,51.508,52.248,51.423,52.023,111450134,-0.0269496184379985,51.189,51.256,51.618,1.6292562855301007,-0.1307164039331954,-0.7013057460575789,51.370428571428576,50.8575,0.4713557952495835,1.7360057951194852,75203074.0,105840012.28571428,0.4819890740104586,2.082073232161279,1.0100856033314374,1.016043404702176,1.0099984468432088
347,AAPL,2011-11-09,50.842,51.339,50.489,50.621,155503300,-0.0254242310503546,52.023,51.189,51.256,-2.694961843799859,1.6292562855301007,-0.1307164039331954,51.196571428571424,50.8501,0.4940468456688456,1.7365428070417488,111450134.0,112696302.42857143,0.3952724363705115,2.1403359815457432,1.0068135840159886,1.0168353502743173,0.9956532001101452
348,AAPL,2011-11-10,50.856,50.869,48.939,49.334,207622351,-0.0016215997081121,50.621,52.023,51.189,-2.542423105035463,-2.694961843799859,1.6292562855301007,50.99057142857144,50.827333333333335,0.8621420720403145,1.752247824019306,155503300.0,121188441.14285716,0.3351636331833472,2.170813249083187,1.0032116202942924,1.0394368499560678,0.9700723611766556
349,AAPL,2011-11-11,49.529,49.777,48.697,49.254,182195095,-0.0138871969789254,49.334,50.621,52.023,-0.1621599708112153,-2.542423105035463,-2.694961843799859,50.75642857142857,50.841433333333335,1.0864417237241009,1.7372676462512695,207622351.0,134169874.28571428,-0.1224687798665761,2.125406964064233,0.998328041592623,1.0221779575743886,0.9944476973086472
350,AAPL,2011-11-14,49.187,49.337,48.432,48.57,120687460,0.025241918879967,49.254,49.334,50.621,-1.388719697892549,-0.1621599708112153,-2.542423105035463,50.321000000000005,50.86133333333334,1.2775700894018438,1.7064228229174303,182195095.0,133825693.0,-0.3375921563640338,2.1156452713156773,0.9893763435222566,1.018685992732078,0.987456035131234
351,AAPL,2011-11-15,48.768,49.88,48.592,49.796,120066631,-0.0104827697003775,48.57,49.254,49.334,2.524191887996708,-1.388719697892549,-0.1621599708112153,50.112428571428566,50.931066666666666,1.217237152618647,1.6131441334862395,120687460.0,138961149.2857143,-0.0051441052782119,2.1588199102195555,0.983926547217322,1.02650642081001,1.0210793963254592
352,AAPL,2011-11-16,49.873,50.092,49.217,49.274,97180914,-0.0190972926898567,49.796,48.57,49.254,-1.0482769700377537,2.524191887996708,-1.388719697892549,49.83885714285714,50.95886666666667,1.14819168384811,1.575480851245881,120066631.0,142100840.7142857,-0.1906084713911894,2.153650384277157,0.9780213023351606,1.0177784098990186,0.9879894933130152
353,AAPL,2011-11-17,49.167,49.249,48.086,48.333,133785074,-0.0065379761239732,49.274,49.796,48.57,-1.9097292689856715,-1.0482769700377537,2.524191887996708,49.31171428571429,50.95903333333333,0.7596088279037382,1.575193178811247,97180914.0,145291546.42857143,0.3766599684378353,2.183591996161657,0.967673659803482,1.0241858337145948,0.98303740313625
354,AAPL,2011-11-18,48.524,48.663,48.009,48.017,103705732,-0.0158069017223067,48.333,49.274,49.796,-0.6537976123973221,-1.9097292689856715,-1.0482769700377537,48.93971428571429,50.98106666666667,0.6397136636255504,1.5269410469688427,133785074.0,137891893.85714287,-0.2248333173549689,2.153837850318787,0.9599586176903768,1.013622445791414,0.9895515621135932
355,AAPL,2011-11-21,47.413,47.597,46.86,47.258,124808869,0.0202928604680687,48.017,48.333,49.274,-1.58069017223067,-0.6537976123973221,-1.9097292689856715,48.643142857142855,50.896566666666665,0.8672197777136654,1.6593562873911447,103705732.0,126061396.42857143,0.2034905553725805,1.947258292077212,0.9557254259549176,1.0157276995305164,0.9967308544070193
356,AAPL,2011-11-22,47.547,48.398,47.503,48.217,114021111,-0.0252815397059128,47.258,48.017,48.333,2.0292860468068774,-1.58069017223067,-0.6537976123973221,48.495,50.79506666666667,0.8333914646394592,1.727943803630354,124808869.0,116322255.85714284,-0.0864342260805199,1.903373026514582,0.9547186997162452,1.018840915310612,1.014091320167413
357,AAPL,2011-11-23,47.985,48.131,46.984,46.998,119387777,-0.0093195455125748,48.217,47.258,48.017,-2.5281539705912848,2.0292860468068774,-1.58069017223067,48.270428571428575,50.64483333333333,1.0041253004720807,1.855323302680714,114021111.0,116136586.85714284,0.047067301422804,1.945905942295496,0.953116545052544,1.024412565979908,0.9794310722100656
358,AAPL,2011-11-25,47.151,47.532,46.528,46.56,71048015,0.0345360824742266,46.998,48.217,47.258,-0.9319545512574856,-2.5281539705912848,2.0292860468068774,47.80814285714286,50.45336666666667,0.9266289132428264,1.970976976077782,119387777.0,109133927.42857143,-0.4048970775291343,1.9176512239613623,0.9475709157923956,1.0215784044016505,0.987465801361583
359,AAPL,2011-11-28,47.685,48.244,47.426,48.168,96542787,-0.0077644909483475,46.56,46.998,48.217,3.453608247422668,-0.9319545512574856,-2.5281539705912848,47.65014285714285,50.25753333333333,0.7021228355429582,1.8923135763565264,71048015.0,109042766.42857143,0.3588386248370203,1.926332086259311,0.9481194101012292,1.017247923080167,1.010128971374646
360,AAPL,2011-11-29,48.101,48.515,47.409,47.794,104755245,0.0240825208185129,48.168,46.56,46.998,-0.7764490948347524,3.453608247422668,-0.9319545512574856,47.573142857142855,50.05780000000001,0.6417108457274215,1.821961682476522,96542787.0,104895648.0,0.0850654746480439,1.9277112946193775,0.9503642360859416,1.0233289037946385,0.993617596307769
361,AAPL,2011-11-30,48.793,48.957,48.445,48.945,113089269,0.0149759934620492,47.794,48.168,46.56,2.408252081851292,-0.7764490948347524,3.453608247422668,47.705714285714286,49.8868,0.8198285825477918,1.6659882104145536,104755245.0,106236153.28571428,0.0795571047540388,1.9875738708502724,0.9562793020541362,1.0105686861389205,1.003115200950956
362,AAPL,2011-12-01,48.977,49.817,48.762,49.678,106954755,0.0045694271105922,48.945,47.794,48.168,1.4975993462049253,2.408252081851292,-0.7764490948347524,48.05142857142857,49.84106666666666,1.071256871956844,1.6517263890749971,113089269.0,103685565.57142857,-0.0542448815369034,1.7446273851641445,0.9640931020355752,1.0216356999302736,1.0143128407211548
363,AAPL,2011-12-02,49.973,50.409,49.763,49.905,105667860,0.0084761045987376,49.678,48.945,47.794,0.4569427110592272,1.4975993462049253,2.408252081851292,48.29257142857143,49.81713333333334,1.283667383858246,1.645194522265033,106954755.0,102492244.0,-0.0120321438724253,1.7411679823462656,0.9693968359327132,1.012981532463879,0.9986392652032098
364,AAPL,2011-12-05,50.39,50.763,49.994,50.328,99583616,-0.0052257192815133,49.905,49.678,48.945,0.8476104598737599,0.4569427110592272,1.4975993462049253,48.76828571428571,49.81770000000001,1.3397597688003058,1.6453734121822188,105667860.0,99663078.14285716,-0.0575789459538595,1.744766420622382,0.9789349109711148,1.0153818458214985,0.9987695971422902
365,AAPL,2011-12-06,50.27,50.535,49.864,50.065,79031632,-0.0047338460001996,50.328,49.905,49.678,-0.5225719281513386,0.8476104598737599,0.4569427110592272,49.269,49.7544,0.9848583654519596,1.5957346508304546,99583616.0,100803594.85714284,-0.2063791698425572,1.6336669701921245,0.9902440789156336,1.013456601957324,0.9959220210861348
366,AAPL,2011-12-07,49.905,50.064,49.53,49.828,84948476,0.0040138074977922,50.065,50.328,49.905,-0.4733846000199659,-0.5225719281513386,0.8476104598737599,49.506142857142855,49.71736666666667,0.868552325918187,1.5801101987610908,79031632.0,99147264.71428572,0.0748667824549036,1.597290143942172,0.9957515085032564,1.0107813446396123,0.998457068430017
367,AAPL,2011-12-08,50.133,50.649,49.973,50.028,104844659,0.0075757575757575,49.828,50.065,50.328,0.4013807497792232,-0.4733846000199659,-0.5225719281513386,49.82528571428571,49.67493333333333,0.4386029769955724,1.5529757849060883,84948476.0,99160038.14285716,0.2342147138696166,1.5931295593264905,1.0030267253695837,1.013527304744562,0.9979055711806594
368,AAPL,2011-12-09,50.291,50.463,50.077,50.407,82753983,-0.0045231813041838,50.028,49.828,50.065,0.7575757575757569,0.4013807497792232,-0.4733846000199659,50.03414285714285,49.62763333333333,0.2621624360162765,1.5061024712886997,104844659.0,94826425.85714284,-0.2106991067613658,1.5875601669721071,1.0081911930210157,1.0077081294805998,1.0023065757292555
369,AAPL,2011-12-12,50.158,50.446,49.874,50.179,83412983,-0.007692460989657,50.407,50.028,49.828,-0.4523181304183832,0.7575757575757569,0.4013807497792232,50.105714285714285,49.571666666666665,0.2123924938161187,1.450534938977462,82753983.0,91463315.57142857,0.0079633629235706,1.5887475522962575,1.010773243164058,1.0114689016321128,1.0004186769807408
370,AAPL,2011-12-13,50.309,50.635,49.573,49.793,94404265,-0.0221717912156327,50.179,50.407,50.028,-0.7692460989657035,-0.4523181304183832,0.7575757575757569,50.08971428571429,49.5035,0.2332292965361785,1.387018851026331,83412983.0,89854230.57142857,0.1317694392969977,1.5934072985238148,1.011841875538382,1.0214229520101668,0.9897433858752908
371,AAPL,2011-12-14,49.522,49.608,48.366,48.689,113224348,-0.0032656246790856,49.793,50.179,50.407,-2.217179121563273,-0.7692460989657035,-0.4523181304183832,49.85557142857142,49.433933333333336,0.5549528079471562,1.3732642444396617,94404265.0,91802906.57142857,0.1993562790833656,1.6007133083257477,1.0085293252388998,1.0256791961295124,0.9831791930859012
372,AAPL,2011-12-15,49.09,49.143,48.447,48.53,71442867,0.0054193282505665,48.689,49.793,50.179,-0.3265624679085643,-2.217179121563273,-0.7692460989657035,49.63628571428571,49.35516666666667,0.7330883790030673,1.354327421403993,113224348.0,90718797.28571428,-0.3690149843035528,1.599649166131646,1.005695838280066,1.0143662146262926,0.9885923813403952
373,AAPL,2011-12-16,48.712,49.194,48.607,48.793,117455858,0.0031561904371528,48.53,48.689,49.793,0.5419328250566569,-0.3265624679085643,-2.217179121563273,49.48842857142857,49.261,0.7901324482104443,1.288161962401582,71442867.0,95362709.0,0.6440529745257844,1.5777336393500725,1.004616807848573,1.0120764498940482,1.0016628346198062
374,AAPL,2011-12-19,48.98,49.285,48.725,48.947,65393948,0.0359572598933539,48.793,48.53,48.689,0.3156190437152872,0.5419328250566569,-0.3265624679085643,49.334,49.18403333333334,0.7725419082488102,1.232635681370412,117455858.0,89726893.14285715,-0.4432466024810785,1.5769697774471638,1.0030490924900424,1.0114930733709593,0.9993262556145368
375,AAPL,2011-12-20,49.624,50.725,49.594,50.707,93898733,0.001183268582247,48.947,48.793,48.53,3.595725989335397,0.3156190437152872,0.5419328250566569,49.37685714285715,49.167966666666665,0.846745618741466,1.2085061021151573,65393948.0,91319000.28571428,0.435893318445921,1.7182819974666743,1.0042485075213026,1.0228051780457312,1.0218241173625664
376,AAPL,2011-12-21,50.778,50.88,50.202,50.767,73046809,0.0053972068469674,50.707,48.947,48.793,0.1183268582247043,3.595725989335397,0.3156190437152872,49.46085714285714,49.1261,0.9610359737584688,1.12506292084535,93898733.0,89838118.28571428,-0.222068214701044,1.6902702051703726,1.006814242182,1.0135054380303574,0.9997833707511128
377,AAPL,2011-12-22,50.842,51.113,50.725,51.041,56284285,0.0119119923198998,50.767,50.707,48.947,0.5397206846967428,0.1183268582247043,3.595725989335397,49.63914285714286,49.1401,1.133252903308846,1.146711440417861,73046809.0,84392406.85714285,-0.2294764717237682,1.618545198895601,1.0101555116319028,1.0076490882207985,1.0039140867786476
378,AAPL,2011-12-23,51.184,51.683,51.161,51.649,75114441,0.0079962825998567,51.041,50.767,50.707,1.1911992319899811,0.5397206846967428,0.1183268582247043,50.062000000000005,49.21726666666667,1.264296246929841,1.2347247056933648,56284285.0,78948134.42857143,0.3345544142561285,1.5554311950532955,1.0171633532405295,1.0102030843806806,1.00908487027196
379,AAPL,2011-12-27,51.63,52.39,51.612,52.062,73888680,-0.0095271023011024,51.649,51.041,50.767,0.7996282599856741,1.1911992319899811,0.5397206846967428,50.56657142857143,49.31086666666667,1.2557534069428644,1.3395848233126395,75114441.0,79297536.28571428,-0.0163185798054464,1.5583732494156677,1.0254650718348377,1.0150740137952414,1.008367228355607
380,AAPL,2011-12-28,52.108,52.282,51.397,51.566,63708896,0.0060892836365047,52.062,51.649,51.041,-0.952710230110243,0.7996282599856741,1.1911992319899811,50.96271428571429,49.41073333333333,1.0178652029761348,1.3930576623290518,73888680.0,71619398.85714285,-0.1377719022724455,1.5450541946582177,1.031409793939123,1.0172189038270716,0.9895985261380212
381,AAPL,2011-12-29,51.64,51.948,51.289,51.88,59990650,-0.0002891287586739,51.566,52.062,51.649,0.6089283636504739,-0.952710230110243,0.7996282599856741,51.38171428571429,49.4802,0.5424757181322283,1.463130309797196,63708896.0,70847499.14285715,-0.0583630581198582,1.4845701714427482,1.038429801935204,1.0128487589931563,1.004647560030984
382,AAPL,2011-12-30,51.671,52.028,51.67,51.865,50136156,0.0153860985250167,51.88,51.566,52.062,-0.0289128758673928,0.6089283636504739,-0.952710230110243,51.54714285714285,49.56656666666666,0.4747699192152831,1.5256737953717403,59990650.0,64595702.42857143,-0.1642671649665406,1.467832438388481,1.03995790557364,1.0069285852525642,1.0037545238141317
383,AAPL,2012-01-03,52.488,52.827,52.378,52.663,84271282,0.0053737918462677,51.865,51.88,51.566,1.5386098525016711,-0.0289128758673928,0.6089283636504739,51.818,49.7109,0.4958843951311699,1.6075681430289963,50136156.0,66199198.571428575,0.680848487865723,1.4330434572727604,1.0423870821087526,1.0085723013478942,1.003334095412285
384,AAPL,2012-01-04,52.516,53.105,52.414,52.946,72548556,0.0111056548181165,52.663,51.865,51.88,0.5373791846267739,1.5386098525016711,-0.0289128758673928,52.09014285714285,49.8752,0.520517508055023,1.678779573133809,84271282.0,68522665.85714285,-0.1391070091944252,1.4222736544065435,1.0444097037634503,1.013183500591445,1.0081879808058496
385,AAPL,2012-01-05,53.14,53.599,52.849,53.534,75572081,0.0104606418350954,52.946,52.663,51.865,1.110565481811654,0.5373791846267739,1.5386098525016711,52.359428571428566,50.0844,0.7080658766779276,1.7316014831798403,72548556.0,68588043.0,0.0416758811850093,1.3815031154646835,1.0454238958923052,1.0141913754281064,1.0074143771170492
386,AAPL,2012-01-06,53.757,54.138,53.687,54.094,88773291,-0.0015898251192368,53.534,52.946,52.663,1.046064183509543,1.110565481811654,0.5373791846267739,52.64971428571429,50.2803,0.9432706777113524,1.8419748800186089,75572081.0,70714416.0,0.1746836903961928,1.353527677561011,1.047124107965034,1.0084005438933077,1.0062689510203322
387,AAPL,2012-01-09,54.491,54.778,53.959,54.008,109831110,0.0035550288846097,54.094,53.534,52.946,-0.1589825119236887,1.046064183509543,1.110565481811654,52.99857142857143,50.51396666666667,0.9271058654306038,1.855815862657395,88773291.0,77303303.71428572,0.2372089483536212,1.2417168482327785,1.0491864909026103,1.0151781908486073,0.991136150924006
388,AAPL,2012-01-10,54.541,54.553,53.978,54.2,72006166,-0.0016051660516606,54.008,54.094,53.534,0.355502888460979,-0.1589825119236887,1.046064183509543,53.33,50.76863333333333,0.8737339411981309,1.818343874828211,109831110.0,79019806.0,-0.3443918940635307,1.2134519303538276,1.0504517553161106,1.0106524880506873,0.9937478227388572
389,AAPL,2012-01-11,54.124,54.148,53.696,54.113,59991538,-0.0027719771589082,54.2,54.008,54.094,-0.1605166051660611,0.355502888460979,-0.1589825119236887,53.65114285714286,50.966800000000006,0.622548640288853,1.8488416951680644,72006166.0,80427717.71428572,-0.1668555440099394,1.084141629565693,1.0526684598040852,1.0084177592371872,0.9997967629886926
390,AAPL,2012-01-12,54.08,54.154,53.624,53.963,59288947,-0.0037062431666141,54.113,54.2,54.008,-0.2771977158908201,-0.1605166051660611,0.355502888460979,53.83685714285714,51.17243333333333,0.4481072894507192,1.826719835516674,59991538.0,76858812.71428572,-0.0117115017121247,1.0692803275980176,1.052067561301374,1.0098836341936446,0.9978365384615384
391,AAPL,2012-01-13,53.749,53.843,53.613,53.763,63044768,0.0115878950207393,53.963,54.113,54.2,-0.3706243166614165,-0.2771977158908201,-0.1605166051660611,53.95357142857143,51.33303333333333,0.2313992632861435,1.835906813113228,59288947.0,75501128.71428572,0.0633477433829277,1.0089560848819248,1.0510497417563758,1.0042900042900045,1.0002604699622315
392,AAPL,2012-01-17,54.323,54.551,54.163,54.386,67711941,0.0103887029750302,53.763,53.963,54.113,1.1587895020739314,-0.3706243166614165,-0.2771977158908201,54.07528571428572,51.48996666666667,0.1951612276136891,1.8899798299109012,63044768.0,74378251.57142857,0.0740295055094817,0.997127828278926,1.0502101518992188,1.0071635618411094,1.0011597297645565
393,AAPL,2012-01-18,54.676,54.999,54.593,54.951,77112610,-0.0031482593583375,54.386,53.763,53.963,1.038870297503025,1.1587895020739314,-0.3706243166614165,54.19771428571428,51.658166666666666,0.3851691032482264,1.9670263235325625,67711941.0,72712440.0,0.138833252468719,1.0057672717179589,1.0491606222774896,1.0074368508783178,1.0050296290877168
394,AAPL,2012-01-19,55.09,55.24,54.62,54.778,72924928,-0.0174157508488809,54.951,54.386,53.763,-0.3148259358337513,1.038870297503025,1.1587895020739314,54.30771428571428,51.8065,0.4293738519795236,2.0300375187628825,77112610.0,67440128.28571428,-0.0543060596703963,1.0073870182331428,1.0482799317791065,1.0113511534236543,0.994336540206934
395,AAPL,2012-01-20,54.744,54.746,53.754,53.824,115317280,0.0169069560047563,54.778,54.951,54.386,-1.7415750848880918,-0.3148259358337513,1.038870297503025,54.254000000000005,51.9318,0.4669675220703088,2.0348430321565307,72924928.0,73627430.28571428,0.5813149654395271,1.0641800578835108,1.0447163395068146,1.0184544405997693,0.9831945053339178
396,AAPL,2012-01-23,54.122,54.868,54.083,54.734,85258042,-0.0163700807541929,53.824,54.778,54.951,1.6906956004756335,-1.7415750848880918,-0.3148259358337513,54.34271428571429,52.09533333333333,0.4939263488588914,2.056956696329177,115317280.0,77236930.85714285,-0.2606655134425647,1.0867673398842153,1.0431397748815816,1.014514727363497,1.011307786112856
397,AAPL,2012-01-24,54.441,54.441,53.728,53.838,151563229,0.0624651732976708,54.734,53.824,54.778,-1.6370080754192995,1.6906956004756335,-1.7415750848880918,54.32485714285714,52.22233333333334,0.5118757754823358,2.0424816266985166,85258042.0,90418971.14285716,0.777700090743346,1.1436829670494255,1.0402610085632036,1.0132705479452055,0.9889237890560424
398,AAPL,2012-01-25,58.195,58.197,56.826,57.201,267182941,-0.0045278928690057,53.838,54.734,53.824,6.246517329767087,-1.6370080754192995,1.6906956004756335,54.816,52.4488,1.1431000247872494,2.204488186749011,151563229.0,119581567.28571428,0.7628480388208145,1.582391275156412,1.0451335397568675,1.0241262802238411,0.982919494801959
399,AAPL,2012-01-26,57.43,57.472,56.75,56.942,90359283,0.0059358645639422,57.201,53.838,54.734,-0.4527892869005789,6.246517329767087,-1.6370080754192995,55.18114285714285,52.67423333333333,1.3688034225285368,2.3077495035776843,267182941.0,122816901.85714284,-0.6618074392706081,1.5824003796964294,1.0475927102335838,1.0127224669603525,0.9915026989378374
400,AAPL,2012-01-27,56.889,57.435,56.831,57.28,83585001,0.0127793296089384,56.942,57.201,53.838,0.5935864563942239,-0.4527892869005789,6.246517329767087,55.51385714285715,52.9238,1.5715746274122382,2.388828892127004,90359283.0,123741529.14285716,-0.0749705152042873,1.5661390475634551,1.0489393645742964,1.010628002322676,1.0068730334511065
401,AAPL,2012-01-30,57.079,58.13,57.036,58.012,105670407,0.0077053023512376,57.28,56.942,57.201,1.277932960893846,0.5935864563942239,-0.4527892869005789,55.97585714285714,53.23456666666666,1.7806461775226492,2.4250671612927013,83585001.0,128419454.71428572,0.2642269035804641,1.4865871236351529,1.0514945579130068,1.019180868223578,1.0163457663939452
402,AAPL,2012-01-31,58.365,58.682,58.02,58.459,109287526,-0.0006671342308284,58.012,57.28,56.942,0.7705302351237675,1.277932960893846,0.5935864563942239,56.638,53.56553333333333,1.707370395277203,2.4383654747605723,105670407.0,127558061.28571428,0.0342301984319981,1.4765667469356878,1.057359023152948,1.0114098586694242,1.001610554270539
403,AAPL,2012-02-01,58.705,58.78,58.339,58.42,75172830,-0.0023450872988702,58.459,58.012,57.28,-0.0667134230828425,0.7705302351237675,1.277932960893846,57.16457142857144,53.886433333333336,1.5864030443270434,2.4220440737940505,109287526.0,126117316.71428572,-0.312155442149912,1.482028232718153,1.0608342006040747,1.0075592656713348,0.9951452176134912
404,AAPL,2012-02-02,58.383,58.548,58.139,58.283,52069108,0.0100029168024982,58.42,58.459,58.012,-0.2345087298870285,-0.0667134230828425,0.7705302351237675,57.79957142857143,54.19763333333333,0.6406087878340907,2.3646029116711373,75172830.0,111903870.85714284,-0.3073413891694645,1.489213198556767,1.0664593243967866,1.0070348647207554,0.99828717263587
405,AAPL,2012-02-03,58.563,58.908,58.34,58.866,79960558,0.0093432541704887,58.283,58.42,58.459,1.0002916802498207,-0.2345087298870285,-0.0667134230828425,58.03742857142858,54.4696,0.6886251658560837,2.4178874449713885,52069108.0,85157816.14285715,0.535662143472863,1.380223321397988,1.065501280924196,1.0097360301679807,1.005173915270734
406,AAPL,2012-02-06,58.701,59.546,58.676,59.416,69602482,0.010502221623805,58.866,58.283,58.42,0.9343254170488756,1.0002916802498207,-0.2345087298870285,58.39085714285714,54.7579,0.6672506846705041,2.476115775661809,79960558.0,82192558.85714285,-0.1295398163679648,1.3803286546696942,1.066345808419555,1.0148271865839524,1.0121803717142808
407,AAPL,2012-02-07,59.583,60.157,59.495,60.04,88094362,0.0167388407728181,59.416,58.866,58.283,1.0502221623805097,0.9343254170488756,1.0002916802498207,58.78514285714285,55.05786666666667,0.715166747124995,2.5541660726028144,69602482.0,82836753.28571428,0.265678456696415,1.383534942183681,1.0676974321043349,1.011126985460963,1.0076699729788698
408,AAPL,2012-02-08,60.252,61.058,60.15,61.045,113627149,0.0346138094848063,60.04,59.416,58.866,1.6738840772818175,1.0502221623805097,0.9343254170488756,59.21842857142857,55.37106666666666,1.0217492936384092,2.694001842322173,88094362.0,83973430.71428572,0.2898345185813367,1.3939944793679204,1.0694832542765158,1.0150955943474649,1.0131613888335658
409,AAPL,2012-02-09,61.564,63.614,61.539,63.158,246303027,0.000490832515279,61.045,60.04,59.416,3.46138094848063,1.6738840772818175,1.0502221623805097,59.88971428571429,55.74093333333334,1.7345964674139722,2.971439334655629,113627149.0,103547073.71428572,1.1676424091217847,1.4906137605845815,1.0744297001194982,1.033718454963519,1.0258917549217077
410,AAPL,2012-02-10,62.881,63.726,62.565,63.189,175945151,0.0186108341641739,63.158,61.045,60.04,0.0490832515279038,3.46138094848063,1.6738840772818175,60.57099999999999,56.12836666666667,1.9802829764127037,3.160066514831508,246303027.0,117943119.57142857,-0.2856557503858854,1.4643077161152944,1.0791513025796222,1.0185567010309278,1.0048981409328732
411,AAPL,2012-02-13,63.997,64.521,63.658,64.365,144163163,0.0136254175405889,63.189,63.158,61.045,1.8610834164173973,0.0490832515279038,3.46138094848063,61.43985714285714,56.54453333333333,2.1371408804429888,3.394682756325008,175945151.0,131099413.14285716,-0.1806357709738758,1.479682602428244,1.086574661084664,1.0135568192528823,1.0057502695438847
412,AAPL,2012-02-14,64.608,65.257,64.289,65.242,128562424,-0.0231292725544896,64.365,63.189,63.158,1.362541754058899,1.8610834164173973,0.0490832515279038,62.35071428571428,56.99043333333334,2.214653901801728,3.6292649078377752,144163163.0,138042536.85714287,-0.1082158484549898,1.4768230980867052,1.094055802682338,1.015057008197359,1.009813026250619
413,AAPL,2012-02-15,65.855,67.397,63.633,63.733,419648021,0.0091161564652533,65.242,64.365,63.189,-2.31292725544896,1.362541754058899,1.8610834164173973,62.96742857142857,57.359433333333335,1.8286589673997369,3.7353209037539634,128562424.0,188049042.42857143,2.2641576593173136,1.5727289403771227,1.0977693626348335,1.0591516980183238,0.9677776934173562
414,AAPL,2012-02-16,62.943,64.658,62.319,64.314,263308348,-0.0001710358553347,63.733,65.242,64.365,0.9116156465253322,-2.31292725544896,1.362541754058899,63.578,57.73836666666666,1.335277499250247,3.847103410882178,419648021.0,213079611.85714287,-0.3725495300262598,1.5732912380133983,1.1011395657768863,1.0375326946838044,1.0217816119346077
415,AAPL,2012-02-17,64.429,65.026,64.071,64.303,149304893,0.0253331881871763,64.314,63.733,65.242,-0.0171035855334733,0.9116156465253322,-2.31292725544896,64.04342857142856,58.09733333333334,0.7406040006092284,3.942508980011275,263308348.0,218176432.42857143,-0.4329655928721257,1.575678662216178,1.102347128464219,1.0149053393891152,0.9980443589067034
416,AAPL,2012-02-21,64.935,65.932,64.559,65.932,168601389,-0.0035036097797732,64.303,64.314,63.733,2.5333188187176336,-0.0171035855334733,0.9116156465253322,64.43971428571429,58.491933333333336,0.910529830062026,4.11658539395764,149304893.0,207076198.42857143,0.1292422211507831,1.6123656248553693,1.1016854908605225,1.0212673678340742,1.0153538153538153
417,AAPL,2012-02-22,65.706,66.016,65.191,65.701,134675490,0.0065143605120168,65.932,64.303,64.314,-0.3503609779773264,2.5333188187176336,-0.0171035855334733,64.79857142857142,58.8817,0.8265887444099707,4.229410272333764,168601389.0,201180532.57142857,-0.201219570023827,1.6161498300742023,1.1004874422540691,1.0126551211056742,0.9999239034486956
418,AAPL,2012-02-23,65.963,66.314,65.248,66.129,158353395,0.0116892739947678,65.701,65.932,64.303,0.6514360512016815,-0.3503609779773264,2.5333188187176336,65.05057142857143,59.27933333333333,0.9342574336794526,4.33355432946617,134675490.0,203207708.57142857,0.17581450789598,1.6150807237154947,1.0973566632874543,1.0163376655223146,1.0025165623152374
419,AAPL,2012-02-24,66.529,66.965,66.418,66.902,115772790,0.0064123643538309,66.129,65.701,65.932,1.1689273994767824,0.6514360512016815,-0.3503609779773264,65.28771428571427,59.70563333333333,1.1715024134701268,4.435644014845529,158353395.0,201380618.0,-0.2688960662952632,1.6095186951066351,1.0934933714079622,1.008235719232738,1.0056065775827083
420,AAPL,2012-02-27,66.733,67.682,66.113,67.331,152490708,0.0183273677800714,66.902,66.129,65.701,0.6412364353830968,1.1689273994767824,0.6514360512016815,65.80171428571428,60.15123333333333,1.1649760676081735,4.509701402175067,115772790.0,163215287.57142857,0.317154989527332,1.5985554749749835,1.0939379068267532,1.0237320950493851,1.008961083721697
421,AAPL,2012-02-28,67.61,68.565,67.342,68.565,167187636,0.0131408152847662,67.331,66.902,66.129,1.832736778007149,0.6412364353830968,1.1689273994767824,66.409,60.64463333333333,1.353015028250388,4.595587962707996,152490708.0,149483757.2857143,0.0963791708541348,1.5957839828581344,1.095051554438178,1.018161028778474,1.014125129418725
422,AAPL,2012-02-29,69.318,70.129,68.602,69.466,265334683,0.0037140471597616,68.565,67.331,66.902,1.3140815284766294,1.832736778007149,0.6412364353830968,67.14657142857143,61.1473,1.4192621154620746,4.7106966989664345,167187636.0,166059441.57142857,0.5870472802187359,1.5971518571656231,1.0981117960821072,1.0222588262732866,1.0021350875674429
423,AAPL,2012-03-01,70.179,70.204,68.994,69.724,190434717,0.0013481727955939,69.466,68.565,67.331,0.3714047159761646,1.3140815284766294,1.832736778007149,67.68828571428571,61.63973333333333,1.5916240881880126,4.811696130323773,265334683.0,169178488.42857143,-0.2822848681263429,1.598807568793578,1.0981274910493726,1.0175377569063977,0.993516579033614
424,AAPL,2012-03-02,69.723,70.024,69.477,69.818,120139889,-0.0220716720616459,69.724,69.466,68.565,0.134817279559396,0.3714047159761646,1.3140815284766294,68.27642857142857,62.14106666666667,1.4924586936951354,4.855429871471693,190434717.0,167101974.0,-0.3691282194096993,1.589992531885856,1.0987328064011652,1.0078731090864603,1.0013625346012076
425,AAPL,2012-03-05,69.852,70.111,67.362,68.277,225402056,-0.0054483940419174,69.818,69.724,69.466,-2.2071672061645957,0.134817279559396,0.3714047159761646,68.58328571428571,62.62283333333333,1.1614659866309325,4.716785448932604,120139889.0,176680354.14285713,0.8761633448820649,1.6179248422157777,1.0951801773200782,1.040809358391972,0.977452327778732
426,AAPL,2012-03-06,67.1,68.345,66.106,67.905,225692077,0.0008394079964657,68.277,69.818,69.724,-0.5448394041917437,-2.2071672061645957,0.134817279559396,68.72657142857143,63.06186666666667,0.9646807515371704,4.567799475740223,225402056.0,192383109.42857143,0.0012866830283038,1.6273431580464146,1.089827736813554,1.0338698453998123,1.0119970193740686
427,AAPL,2012-03-07,68.708,68.871,67.017,67.962,182629048,0.0212765957446807,67.905,68.277,69.818,0.0839407996465757,-0.5448394041917437,-2.2071672061645957,68.81671428571428,63.53266666666666,0.8330389575327783,4.304612524781256,225692077.0,196688586.57142857,-0.1908043453381839,1.5702139654176004,1.083170562425329,1.0276646224092394,0.9891424579379404
428,AAPL,2012-03-08,68.507,69.536,68.145,69.408,143803822,0.005892692485016,67.962,67.905,68.277,2.127659574468077,0.0839407996465757,-0.5448394041917437,68.93714285714286,63.93956666666666,0.8513186690046828,4.262197471786547,182629048.0,193348041.7142857,-0.2125906389217995,1.217153332880801,1.0781609330655906,1.0204123560055764,1.0131519406775948
429,AAPL,2012-03-09,69.72,70.145,69.552,69.817,116715832,0.0125041179082459,69.408,67.962,67.905,0.5892692485016005,2.127659574468077,0.0839407996465757,68.98728571428572,64.36873333333332,0.896783086798223,4.18072858634013,143803822.0,172116777.2857143,-0.1883676638302422,1.1992158653276983,1.0717514877453815,1.0085259949390382,1.0013912794033275
430,AAPL,2012-03-12,70.306,70.69,70.049,70.69,113583532,0.0291413212618474,69.817,69.408,67.962,1.2504117908245904,0.5892692485016005,2.127659574468077,69.12528571428571,64.81573333333333,1.0838588029662324,4.113016578462877,116715832.0,161138036.57142857,-0.0268369761524726,1.203407588760581,1.0664892944864064,1.009150737341004,1.005461838249936
431,AAPL,2012-03-13,71.4,72.761,71.169,72.75,192666483,0.0378281786941581,70.69,69.817,69.408,2.914132126184743,1.2504117908245904,0.5892692485016005,69.54414285714286,65.307,1.7549506572919478,4.152322856359566,113583532.0,171498978.57142857,0.6962536699422237,1.265482026458605,1.0648803781699183,1.0223692899998595,1.01890756302521
432,AAPL,2012-03-14,74.022,76.162,73.687,75.502,395690066,-0.0068210113639374,72.75,70.69,69.817,3.782817869415811,2.914132126184743,1.2504117908245904,70.57628571428572,65.8751,2.735942538035938,4.344527118824862,192666483.0,195825837.14285716,1.0537566256399669,1.380225913538942,1.0713651397005195,1.0335880141680351,1.019994055821242
433,AAPL,2012-03-15,76.792,76.838,74.092,74.987,323412488,2.667128969036092e-05,75.502,72.75,70.69,-0.6821011363937424,3.782817869415811,2.914132126184743,71.588,66.42733333333334,2.888654877275285,4.416551614202791,395690066.0,209785895.85714287,-0.1826620989772334,1.3990044438937517,1.0776889031623529,1.0370620309885008,0.976494947390353
434,AAPL,2012-03-16,74.876,75.454,74.019,74.989,230214534,0.0265105548813826,74.987,75.502,72.75,0.002667128969036,-0.6821011363937424,3.782817869415811,72.59185714285715,66.9842,2.627761495303014,4.407442267112384,323412488.0,216583822.42857143,-0.2881705483184681,1.3933521302926637,1.0837161172762704,1.0193869141706855,1.0015091618141996
435,AAPL,2012-03-19,76.627,77.064,75.436,76.977,251339192,0.0081063174714524,74.989,74.987,75.502,2.6510554881382653,0.002667128969036,-0.6821011363937424,73.67314285714285,67.5879,2.6564093201533354,4.496581623855804,230214534.0,231946018.14285716,0.0917607486936511,1.4314458911202177,1.090034501103642,1.0215812079113418,1.004567580617798
436,AAPL,2012-03-20,76.765,77.721,74.532,77.601,227754910,-0.0056958028891379,76.977,74.989,74.987,0.8106317471452407,2.6510554881382653,0.002667128969036,74.78514285714286,68.19406666666666,2.388914636998265,4.5818879705543125,251339192.0,247808743.57142857,-0.0938344784684435,1.4315455437639788,1.0966517545095742,1.042786990822734,1.010890379730346
437,AAPL,2012-03-21,77.187,78.073,77.017,77.159,179612258,-0.0052618618696458,77.601,76.977,74.989,-0.5695802889137958,0.8106317471452407,2.6510554881382653,75.70928571428571,68.76469999999999,1.6895858185078911,4.597337228934743,227754910.0,257241418.7142857,-0.2113792058313912,1.4561700889041198,1.10099056222576,1.0137112585533063,0.9996372446137304
438,AAPL,2012-03-22,76.553,77.412,76.264,76.753,174059708,-0.0054590700037783,77.159,77.601,76.977,-0.5261861869645834,-0.5695802889137958,0.8106317471452407,76.28114285714285,69.28829999999999,1.0932386791235311,4.582290641980695,179612258.0,254583308.0,-0.0309140927341384,1.468587047353414,1.1009238624290516,1.0150529738802057,1.002612569069795
439,AAPL,2012-03-23,76.898,77.067,76.12,76.334,120050525,0.018301150208295,76.753,77.159,77.601,-0.5459070003778321,-0.5261861869645834,-0.5695802889137958,76.4,69.72749999999999,1.0382570330484946,4.605838309632719,174059708.0,215206230.7142857,-0.3102911272262963,1.3964344790862455,1.0956939514538742,1.0124408828166052,0.9926656089885304
440,AAPL,2012-03-26,76.81,77.753,76.23,77.731,166049661,0.0123631498372591,76.334,76.753,77.159,1.830115020829504,-0.5459070003778321,-0.5261861869645834,76.792,70.21223333333333,0.9280095186337248,4.658894671954435,120050525.0,192725826.85714287,0.3831648049852343,1.4081263216520656,1.0937125391728983,1.0199790108881015,1.011990626220544
441,AAPL,2012-03-27,77.628,78.922,77.613,78.692,169120783,0.0051212321455802,77.731,76.334,76.753,1.2363149837259169,1.830115020829504,-0.5459070003778321,77.321,70.6898,0.7710938118510552,4.77178450968756,166049661.0,183998148.14285716,0.0184952018661452,1.3949562409251106,1.0938070273221878,1.0168657312563616,1.0137063945998863
442,AAPL,2012-03-28,79.191,79.584,78.157,79.095,182651334,-0.0125924521145457,78.692,77.731,76.334,0.5121232145580246,1.2363149837259169,1.830115020829504,77.62357142857142,71.15156666666667,0.9962770460014572,4.895106294385335,169120783.0,174185597.0,0.0800052528139017,1.3892685468246349,1.0909608187859732,1.0182581214734443,0.9987877410311776
443,AAPL,2012-03-29,78.476,78.957,77.764,78.099,169337333,-0.0169016248607537,79.095,78.692,77.731,-1.2592452114545738,0.5121232145580246,1.2363149837259169,77.6947142857143,71.63043333333333,1.0120524878205197,4.8467984575906735,182651334.0,165840228.85714287,-0.0728929852765268,1.323456496855063,1.0846606766171685,1.0153412890283422,0.9951959834853968
444,AAPL,2012-03-30,77.961,78.189,76.574,76.779,203713476,0.0318576694148138,78.099,79.095,78.692,-1.690162486075375,-1.2592452114545738,0.5121232145580246,77.64042857142856,72.04593333333332,1.054863001716052,4.730861763979438,169337333.0,169283260.0,0.2030039235352785,1.3917988027291828,1.0776517837892572,1.021090709640348,0.9848385731327202
445,AAPL,2012-04-02,77.066,79.242,76.886,79.225,166688516,0.0172420321868096,76.779,78.099,79.095,3.1857669414813827,-1.690162486075375,-1.2592452114545738,77.99357142857141,72.54333333333334,1.1200285498100149,4.672791075661224,203713476.0,168230232.57142857,-0.181750175427766,1.4636930631832163,1.0751307921045548,1.0306427698150509,1.0280149482261955
446,AAPL,2012-04-03,80.333,80.962,79.72,80.591,232462865,-0.0079289250660743,79.225,76.779,78.099,1.7242032186809642,3.1857669414813827,-1.690162486075375,78.60171428571428,73.03196666666668,1.2199984582383834,4.723772057066684,166688516.0,184289138.2857143,0.3945943642572234,1.436099656749808,1.0762645163927889,1.0155795283492224,1.0032116315835335
447,AAPL,2012-04-04,79.957,80.151,79.015,79.952,159628517,0.0143461076645987,80.591,79.225,76.779,-0.7928925066074344,1.7242032186809642,3.1857669414813827,78.919,73.507,1.2443749434993103,4.677461513138738,232462865.0,183371832.0,-0.3133160558784302,1.449274625380518,1.0736256410954057,1.0143770170220845,0.9999374663881836
448,AAPL,2012-04-05,80.292,81.275,79.832,81.099,141675996,0.0046609699256463,79.952,80.591,79.225,1.4346107664598762,-0.7928925066074344,1.7242032186809642,79.26285714285714,74.006,1.481216890330216,4.661708618240408,159628517.0,179451148.14285713,-0.112464372515595,1.45603019297829,1.0710328506182896,1.018075458462772,1.0100508145269766
449,AAPL,2012-04-09,80.185,81.941,80.075,81.477,152048347,-0.0122365821029247,81.099,79.952,80.591,0.4660969925646352,1.4346107664598762,-0.7928925066074344,79.60314285714286,74.49183333333332,1.6944867884405712,4.655298405808593,141675996.0,175079292.85714287,0.0732117739973396,1.4537558620905742,1.0686157031595347,1.023303153293787,1.016112739290391
450,AAPL,2012-04-10,81.952,82.472,80.167,80.48,247839768,-0.0035661033797217,81.477,81.099,79.952,-1.2236582102924776,0.4660969925646352,1.4346107664598762,79.94328571428571,74.93013333333333,1.5771422166177238,4.5761740286212325,152048347.0,186293926.42857143,0.630006329499919,1.4943021640968623,1.066904356871366,1.0287524791996705,0.9820382663022258
451,AAPL,2012-04-11,81.473,81.559,79.827,80.193,194150180,-0.005486763183819,80.48,81.477,81.099,-0.3566103379721741,-1.2236582102924776,0.4660969925646352,80.43100000000001,75.31773333333334,0.7426149742696269,4.510430531734946,247839768.0,184927741.2857143,-0.2166302382917014,1.4858182970416172,1.0678892797269524,1.0216969195886103,0.9842892737471308
452,AAPL,2012-04-12,80.038,80.85,79.463,79.753,171199452,-0.0281619500206887,80.193,80.48,81.477,-0.5486763183819021,-0.3566103379721741,-1.2236582102924776,80.50642857142857,75.66063333333334,0.615668162018948,4.440708699911408,194150180.0,185572160.7142857,-0.1182112115476792,1.491013207531341,1.0640464535466736,1.01745466443502,0.9964391913840926
453,AAPL,2012-04-13,79.926,80.001,77.287,77.507,239666018,-0.0414801243758629,79.753,80.193,80.48,-2.816195002068877,-0.5486763183819021,-0.3566103379721741,80.06585714285714,75.92006666666666,1.2848463499058866,4.307264128337381,171199452.0,186601182.57142857,0.399922810500585,1.6074623420061316,1.0546073081625826,1.0351158668340084,0.9697345044165854
454,AAPL,2012-04-16,78.125,78.153,74.051,74.292,292895119,0.0509879933236419,77.507,79.753,80.193,-4.14801243758629,-2.816195002068877,-0.5486763183819021,79.25728571428571,76.06919999999998,2.538140048297364,4.163765557015754,239666018.0,205639268.57142857,0.2220969891526298,1.806536802153037,1.0419103357769732,1.055394255310529,0.9509376
455,AAPL,2012-04-17,74.139,78.116,73.238,78.08,285907107,-0.0022412909836064,74.292,77.507,79.753,5.09879933236419,-4.14801243758629,-2.816195002068877,78.826,76.39596666666668,2.427102799637641,3.9079627242363264,292895119.0,226243713.0,-0.0238584105595832,1.954057366073633,1.0318083982618629,1.0666047680166033,1.053156907970164
456,AAPL,2012-04-18,78.593,79.432,77.183,77.905,265988323,-0.0343366921250239,78.08,74.292,77.507,-0.2241290983606481,5.09879933236419,-4.14801243758629,78.3157142857143,76.7293,2.134739149897223,3.5706675716025704,285907107.0,242520852.42857143,-0.0696687263531368,1.9492046568207044,1.0206754692889717,1.0291385408703988,0.9912460397236394
457,AAPL,2012-04-19,76.865,77.443,74.855,75.23,232616632,-0.0246311311976605,77.905,78.08,74.292,-3.4336692125023998,-0.2241290983606481,5.09879933236419,77.5657142857143,76.97156666666666,2.169587803732227,3.180554589281555,265988323.0,240346118.7142857,-0.1254629925991149,2.0753948775983093,1.007719053213775,1.0345735087836485,0.9787289403499644
458,AAPL,2012-04-20,75.734,76.148,73.048,73.377,287419933,-0.0022214045273041,75.23,77.905,78.08,-2.4631131197660583,-3.4336692125023998,-0.2241290983606481,76.592,77.10386666666666,2.3183517133245117,2.9275750084127186,232616632.0,253670369.14285716,0.2355949380266153,2.1095299915928964,0.993361335964128,1.0424378490855328,0.968877914807088
459,AAPL,2012-04-23,73.071,73.849,71.281,73.214,269440442,-0.0199961755948315,73.377,75.23,77.905,-0.2221404527304127,-2.4631131197660583,-3.4336692125023998,75.65785714285714,77.2171,2.143172525999287,2.692250377119692,287419933.0,267704796.2857143,-0.0625547811257752,2.109660959905561,0.9798070264599053,1.0360264306056313,1.001957000725322
460,AAPL,2012-04-24,72.051,72.7,71.074,71.75,298806670,0.0887247386759582,73.214,73.377,75.23,-1.9996175594831576,-0.2221404527304127,-2.4631131197660583,74.83542857142857,77.25243333333333,2.404039229932614,2.60931253574444,269440442.0,276153460.85714287,0.108989681660335,2.13607539361826,0.96871289799409,1.022877564228832,0.9958224035752452
461,AAPL,2012-04-25,78.841,79.14,77.606,78.116,252408247,-0.0037508320958574,71.75,73.214,73.377,8.87247386759582,-1.9996175594831576,-0.2221404527304127,75.3817142857143,77.4313,2.6787517437734847,2.470242821373926,298806670.0,270369622.0,-0.1552790739242868,2.6295007069317484,0.9735302685827864,1.0197665128984874,0.9908042769624942
462,AAPL,2012-04-26,78.666,78.718,77.111,77.823,149379716,-0.0077483520296055,78.116,71.75,73.214,-0.375083209585747,8.87247386759582,-1.9996175594831576,75.345,77.50866666666667,2.637042535368152,2.44394078788958,252408247.0,250865709.0,-0.4081821106265201,2.546231284214081,0.9720848421251816,1.0208400876658323,0.989283807489894
463,AAPL,2012-04-27,77.487,77.628,76.901,77.22,113431674,-0.0315591815591815,77.823,78.116,71.75,-0.7748352029605554,-0.375083209585747,8.87247386759582,75.24714285714286,77.5831,2.5370242692699376,2.3980657917115216,149379716.0,229071902.0,-0.2406487504635501,2.5473092406960265,0.9698909022344152,1.0094537132156929,0.9965542607147004
464,AAPL,2012-04-30,76.555,76.633,74.662,74.783,141045190,-0.0031156813714346,77.22,77.823,78.116,-3.155918155918158,-0.7748352029605554,-0.375083209585747,75.18328571428572,77.57623333333332,2.5431458022370776,2.406031625946585,113431674.0,215990267.42857143,0.2434374370601284,2.6170119214457728,0.9691535987734096,1.0263989713642816,0.9768532427666384
465,AAPL,2012-05-01,74.904,76.422,74.434,74.55,170331260,0.006599597585513,74.783,77.22,77.823,-0.3115681371434697,-3.155918155918158,-0.7748352029605554,75.35085714285715,77.49533333333333,2.4408797886960127,2.4669073243890067,141045190.0,199263314.14285716,0.2076360774869388,2.569903895835449,0.97232767318708,1.0267082247360078,0.9952739506568408
466,AAPL,2012-05-02,74.306,75.225,74.13,75.042,119895853,-0.0071160150315824,74.55,74.783,77.22,0.6599597585513095,-0.3115681371434697,-3.155918155918158,75.612,77.41003333333333,2.265657741144421,2.5070432988475764,170331260.0,177899801.42857143,-0.2961018840581582,2.568259031550776,0.976772606135036,1.0147713476325375,1.009904987484187
467,AAPL,2012-05-03,75.622,75.736,74.314,74.508,111532735,-0.0284935845815212,75.042,74.55,74.783,-0.7116015031582434,0.6599597585513095,-0.3115681371434697,76.006,77.32166666666667,1.6338273062580522,2.562307935050093,119895853.0,151146382.14285713,-0.0697531882107715,2.569322196599841,0.9829845019722804,1.0191350216648278,0.9852688371108936
468,AAPL,2012-05-04,73.901,74.065,72.376,72.385,148216462,0.0075429992401738,74.508,75.042,74.55,-2.849358458152129,-0.7116015031582434,0.6599597585513095,75.18728571428572,77.17606666666667,1.8250040834939,2.715273224752004,111532735.0,136261841.42857143,0.3289054733572165,2.617624955100548,0.9742305997405808,1.0233364651265613,0.9794860692006876
469,AAPL,2012-05-07,71.907,73.349,71.873,72.931,129219230,-0.0023309703692531,72.385,74.508,75.042,0.7542999240173875,-2.849358458152129,-0.7116015031582434,74.48842857142857,77.06263333333332,1.5657195211962194,2.820699674552514,148216462.0,133381772.0,-0.1281722134212055,2.621822361221553,0.9665959408528116,1.020536223616657,1.0142406163516764
470,AAPL,2012-05-08,72.942,73.189,71.553,72.761,139977993,0.0017729278047307,72.931,72.385,74.508,-0.2330970369253115,0.7542999240173875,-2.849358458152129,73.85142857142857,76.89696666666667,1.109880602762326,2.924144584416505,129219230.0,137174103.2857143,0.0832597671414696,2.595852686139007,0.9603945613558476,1.022864170614789,0.9975185764031697
471,AAPL,2012-05-09,72.187,73.504,71.824,72.89,134016919,0.0023322815200987,72.761,72.931,72.385,0.1772927804730706,-0.2330970369253115,0.7542999240173875,73.581,76.70356666666666,1.0751440213635086,2.99240161516372,139977993.0,136170064.57142857,-0.0425857941826612,2.5829822169335515,0.959290463242257,1.0233905101358878,1.0097385955920042
472,AAPL,2012-05-10,73.582,73.749,72.796,73.06,95030992,-0.0066794415548864,72.89,72.761,72.931,0.2332281520098789,0.1772927804730706,-0.2330970369253115,73.36814285714286,76.5024,0.9959025100534584,3.0287253447268463,134016919.0,125412883.42857143,-0.2909030239681901,2.5807443633135456,0.9590306037084178,1.0130913786471782,0.9929058737191162
473,AAPL,2012-05-11,72.355,73.567,72.273,72.572,111140951,-0.0149644490988259,73.06,72.89,72.761,-0.6679441554886423,0.2332281520098789,0.1772927804730706,73.01528571428571,76.31816666666667,0.6965892415444215,3.095618673425719,95030992.0,124162183.14285716,0.1695232119643663,2.5748857586743608,0.956722218357172,1.017904334952195,1.002999101651579
474,AAPL,2012-05-14,72.045,72.677,71.407,71.486,99661109,-0.0090367344654898,72.572,73.06,72.89,-1.4964449098825994,-0.6679441554886423,0.2332281520098789,72.58357142857143,76.14173333333333,0.5349918557520462,3.2169079171036388,111140951.0,122466236.57142857,-0.1032908383157528,2.571294148923112,0.953269228989246,1.0177853711820972,0.992240960510792
475,AAPL,2012-05-15,71.901,72.126,70.658,70.84,132751937,-0.0128176171654432,71.486,72.572,73.06,-0.9036734465489804,-1.4964449098825994,-0.6679441554886423,72.36285714285715,75.86223333333332,0.8540984386262548,3.3028965102571552,99661109.0,120257018.71428572,0.3320335116880948,2.492439651163839,0.953871959251448,1.0207761329219622,0.9852435988372904
476,AAPL,2012-05-16,70.952,71.316,69.288,69.932,157929227,-0.0292283932963449,70.84,71.486,72.572,-1.2817617165443274,-0.9036734465489804,-1.4964449098825994,71.93442857142857,75.50693333333334,1.202658701539005,3.3496470522594266,132751937.0,124358446.85714284,0.1896566676838771,2.466763226233069,0.952686401046993,1.0292691375129894,0.9856240838876988
477,AAPL,2012-05-17,69.835,70.114,67.888,67.888,171977014,0.0005008248880506,69.932,70.84,71.486,-2.9228393296344968,-1.2817617165443274,-0.9036734465489804,71.23828571428571,75.10480000000001,1.8697766100352424,3.5175526209819408,157929227.0,128929735.57142857,0.0889498876607557,2.5074935942334067,0.9485184131278652,1.0327893000235682,0.9721199971361068
478,AAPL,2012-05-18,68.381,69.591,66.871,67.922,204140944,0.0582727245958598,67.888,69.932,70.84,0.0500824888050699,-2.9228393296344968,-1.2817617165443274,70.52857142857144,74.66556666666666,2.070431425022424,3.565623809457793,171977014.0,138947453.42857143,0.1870245869020612,2.4830120297501828,0.9445929975116344,1.040675330113203,0.9932876091311914
479,AAPL,2012-05-21,68.449,71.911,68.391,71.88,178418391,-0.0077072899276572,67.922,67.888,69.932,5.827272459585986,0.0500824888050699,-2.9228393296344968,70.36,74.34566666666666,1.8681288321043,3.357904717521271,204140944.0,150859939.0,-0.1260038897439408,2.7391426512336032,0.9463900608419232,1.0514687605094235,1.0501249105173194
480,AAPL,2012-05-22,72.939,73.492,70.764,71.326,193655248,0.0243950312648966,71.88,67.922,67.888,-0.7707289927657235,5.827272459585986,0.0500824888050699,70.182,74.04053333333333,1.6712199137175168,3.1931248853326912,178418391.0,162647695.7142857,0.0853995875346729,2.7355869854461985,0.9478862028726608,1.0385506754847098,0.9778856304583282
481,AAPL,2012-05-23,71.396,73.353,70.846,73.066,163963929,-0.009210850463964,71.326,71.88,67.922,2.4395031264896616,-0.7707289927657235,5.827272459585986,70.40771428571428,73.80296666666666,1.9586673798192369,2.9774386178368286,193655248.0,171833812.85714287,-0.1533204976712018,2.7831533628693954,0.9539957194906928,1.035386613217401,1.0233906661437615
482,AAPL,2012-05-24,73.748,73.828,71.873,72.393,119668412,-0.0053043802577597,73.066,71.326,71.88,-0.9210850463964082,2.4395031264896616,-0.7707289927657235,70.62957142857144,73.55763333333334,2.09873818099997,2.765978887436544,163963929.0,169964737.85714287,-0.2701540349158137,2.785253931064738,0.9601936363083744,1.0272007568906265,0.9816266203829256
483,AAPL,2012-05-25,72.305,72.464,71.519,72.009,91485862,0.0177338943743143,72.393,73.066,71.326,-0.53043802577597,-0.9210850463964082,2.4395031264896616,70.92628571428571,73.37436666666667,2.1302642022610163,2.675957482308717,119668412.0,160472828.57142857,-0.2355053395377219,2.744610474011522,0.9666357467383346,1.013213271997651,0.9959062305511376
484,AAPL,2012-05-29,73.11,73.507,72.392,73.286,106056526,0.0120623311410092,72.009,72.393,73.066,1.7733894374314385,-0.53043802577597,-0.9210850463964082,71.69742857142857,73.34083333333335,1.7982674863288155,2.670359191689621,91485862.0,151055616.0,0.1592668384105076,2.663317739019802,0.9775922267690154,1.0154022543927508,1.0024073314184103
485,AAPL,2012-05-30,72.892,74.275,72.554,74.17,147575076,-0.002494269920453,73.286,72.009,72.393,1.2062331141009297,1.7733894374314385,-0.53043802577597,72.59,73.21049999999998,0.9734438864190526,2.5223958336028227,106056526.0,142974777.7142857,0.3914756740193432,2.495254949186408,0.991524439800302,1.023720263527855,1.0175327882346483
486,AAPL,2012-05-31,74.371,74.468,73.183,73.985,137139854,-0.0289382983037103,74.17,73.286,72.009,-0.2494269920453096,1.2062331141009297,1.7733894374314385,72.89071428571428,73.07983333333333,1.0403909063914132,2.3676064456760466,147575076.0,137077843.85714287,-0.0707112764759816,2.4952879906058216,0.9974121581975094,1.0175587226541682,0.9948098048970702
487,AAPL,2012-06-01,72.887,73.334,71.782,71.844,145222442,0.0058459996659427,73.985,74.17,73.286,-2.893829830371031,-0.2494269920453096,1.2062331141009297,72.96471428571428,72.96696666666666,0.9222641910548004,2.342141290877719,137139854.0,130158871.57142857,0.0589368280937501,2.4725800516396723,0.9999691314980562,1.0216210191970132,0.9856901779466845
488,AAPL,2012-06-04,71.907,72.677,70.24,72.264,155252189,-0.0025462194176906,71.844,73.985,74.17,0.5845999665942792,-2.893829830371031,-0.2494269920453096,72.85014285714286,72.92986666666667,0.9567551809095014,2.344236449962098,145222442.0,128914337.28571428,0.0690647179724466,2.435521445028668,0.9989068427906472,1.0346953302961277,1.0049647461304183
489,AAPL,2012-06-05,71.879,72.543,71.499,72.08,108188875,0.0153024417314096,72.264,71.844,73.985,-0.254621941769062,0.5845999665942792,-2.893829830371031,72.80542857142856,72.89206666666668,0.9884691627567206,2.348635464929371,155252189.0,127274403.42857143,-0.3031410655343481,2.4356201970388653,0.998811419415033,1.01460160281962,1.002796366115277
490,AAPL,2012-06-06,72.71,73.488,72.418,73.183,102652353,0.000464588770616,72.08,72.264,71.844,1.53024417314096,-0.254621941769062,0.5845999665942792,72.97314285714286,72.93983333333334,0.9286004574253328,2.3391602100974858,108188875.0,128869616.42857143,-0.0511745962789612,2.42212295991931,1.0004566712355552,1.014775332099754,1.0065052950075646
491,AAPL,2012-06-07,73.929,73.933,73.058,73.217,105884325,0.0150238332627667,73.183,72.08,72.264,0.0464588770616059,1.53024417314096,-0.254621941769062,72.96328571428572,72.77653333333335,0.9250855301548953,2.1266985703651,102652353.0,128845016.28571428,0.03148463630444,1.7662401502303973,1.0025661071282002,1.0119767855676312,0.990369137956688
492,AAPL,2012-06-08,73.203,74.351,72.866,74.317,96831448,-0.0157702813622724,73.217,73.183,72.08,1.5023833262766797,0.0464588770616059,1.53024417314096,72.98428571428572,72.65966666666667,0.9581227677609816,1.9267538778330464,105884325.0,121595926.57142857,-0.0854978014923361,1.7929093835000531,1.0044676649716586,1.020379875387698,1.0152179555482697
493,AAPL,2012-06-11,75.263,75.365,73.074,73.145,164804407,0.0087360721853853,74.317,73.217,73.183,-1.5770281362272431,1.5023833262766797,0.0464588770616059,72.86428571428571,72.52383333333334,0.8594179647307452,1.7275098898523795,96831448.0,125548005.57142857,0.701971935811597,1.808645560576457,1.0046943517090112,1.031351780387005,0.9718586822210116
494,AAPL,2012-06-12,73.567,73.842,72.571,73.784,121431894,-0.0069391738046189,73.145,74.317,73.217,0.8736072185385302,-1.5770281362272431,1.5023833262766797,73.14142857142858,72.49053333333335,0.7851570664869411,1.6917175669816555,164804407.0,122149355.85714284,-0.2631756868006569,1.7266239699582515,1.0089790377883168,1.0175138829560018,1.0029496921173895
495,AAPL,2012-06-13,73.574,74.083,73.044,73.272,81907980,-0.0010781744731959,73.784,73.145,74.317,-0.6939173804618948,0.8736072185385302,-1.5770281362272431,73.28542857142857,72.44793333333334,0.6832332098591297,1.6537333507551475,121431894.0,111671611.71428572,-0.3254821505131098,1.730177205575708,1.011559960368254,1.014224303159739,0.995895289096692
496,AAPL,2012-06-14,73.155,73.445,72.644,73.193,96403492,0.0045086278742503,73.272,73.784,73.145,-0.1078174473195914,-0.6939173804618948,0.8736072185385302,73.44442857142857,72.38629999999999,0.4433515749993975,1.5868225494508903,81907980.0,109987985.57142857,0.1769731349741503,1.725086785869432,1.0146178015926852,1.0110263751996034,1.0005194450140114
497,AAPL,2012-06-15,73.123,73.586,72.939,73.523,93389881,0.0202929695469444,73.193,73.272,73.784,0.4508627874250326,-0.1078174473195914,-0.6939173804618948,73.49300000000001,72.35346666666666,0.4283063545409668,1.5511986851841668,96403492.0,108664775.28571428,-0.0312603925177316,1.7232072509914194,1.0157495333096227,1.008870425972388,1.0054702350833526
498,AAPL,2012-06-18,73.117,75.284,73.042,75.015,122695162,0.0028127707791774,73.523,73.193,73.272,2.0292969546944484,0.4508627874250326,-0.1078174473195914,73.74985714285715,72.44113333333333,0.6927189012849145,1.6255768786813172,93389881.0,111066323.42857143,0.313795035245842,1.6775791366645487,1.0180660316770835,1.0306946688206786,1.0259583954483908
499,AAPL,2012-06-19,74.712,75.555,74.672,75.226,100721665,-0.0028580543960865,75.015,73.523,73.193,0.2812770779177409,2.0292969546944484,0.4508627874250326,73.87971428571429,72.51763333333334,0.8773505028030919,1.7016467781148974,122695162.0,111622068.71428572,-0.1790901665707079,1.6737516581767156,1.0187827551696294,1.0118250482108422,1.006879751579398
500,AAPL,2012-06-20,75.326,75.461,74.378,75.011,100128718,-0.0137579821626161,75.226,75.015,73.523,-0.2858054396086551,0.2812770779177409,2.0292969546944484,74.14628571428571,72.59263333333334,0.9000966085753781,1.7612823596948497,100721665.0,102382684.57142857,-0.005886985684758,1.6741591210242952,1.0214023422158864,1.0145607572131543,0.9958181769906804
501,AAPL,2012-06-21,74.973,75.328,73.948,73.979,91018536,0.0076643371767664,75.011,75.226,75.015,-1.3757982162616145,-0.2858054396086551,0.2812770779177409,74.17414285714287,72.62893333333334,0.8899761099026627,1.7787578566632454,100128718.0,98037919.14285716,-0.0909847063057374,1.6960347378904317,1.0212753988375092,1.0186617623194678,0.986741893748416
502,AAPL,2012-06-22,74.153,74.556,73.689,74.546,79368233,-0.0194913207952137,73.979,75.011,75.226,0.76643371767664,-1.3757982162616145,-0.2858054396086551,74.35614285714284,72.67846666666668,0.800509510372938,1.8115636745982684,91018536.0,97675098.14285716,-0.1279992352327003,1.7006657716738829,1.023083538597074,1.0117656638032817,1.0052998530066215
503,AAPL,2012-06-25,73.93,74.25,73.042,73.093,79747477,0.0022163545072715,74.546,73.979,75.011,-1.949132079521376,0.76643371767664,-1.3757982162616145,74.34185714285715,72.69583333333334,0.8252366183086605,1.81300455680234,79368233.0,95295667.42857143,0.0047782845310415,1.7358425619287483,1.0226426155949857,1.0165384299444156,0.9886784796429056
504,AAPL,2012-06-26,73.168,73.57,72.654,73.255,77136810,0.0043136987236367,73.093,74.546,73.979,0.2216354507271534,-1.949132079521376,0.76643371767664,74.30357142857143,72.7548,0.874315323965738,1.8010268986477451,79747477.0,92973800.14285716,-0.032736672032897,1.711636688038249,1.0212875498052558,1.0126077022600268,1.0011890443909903
505,AAPL,2012-06-27,73.636,73.858,73.24,73.571,56600431,-0.0095146185317585,73.255,73.093,74.546,0.4313698723636738,0.2216354507271534,-1.949132079521376,74.09728571428572,72.84583333333333,0.8484512781742665,1.769651730461103,77136810.0,83531695.71428572,-0.2662331900943272,1.7020912144187634,1.0171794641325045,1.0084380120152925,0.9991172795915042
506,AAPL,2012-06-28,73.21,73.507,72.433,72.871,78906736,0.0262655926225796,73.571,73.255,73.093,-0.95146185317585,0.4313698723636738,0.2216354507271534,73.76085714285715,72.9438,0.7912762746753078,1.681959395138327,56600431.0,80415277.28571428,0.3941013276029648,1.6936245291390626,1.0112011869803486,1.0148274957546974,0.9953694850430268
507,AAPL,2012-06-29,74.019,74.785,73.539,74.785,117433735,0.0146419736578191,72.871,73.571,73.255,2.626559262257966,-0.95146185317585,0.4313698723636738,73.72857142857143,73.1737,0.7343277781217115,1.4176707255933658,78906736.0,82887422.57142857,0.4882599503292089,1.6487787449565905,1.0075829352427366,1.016943390581868,1.010348694254178
508,AAPL,2012-07-02,74.883,76.002,74.737,75.88,111514548,0.0116236162361624,74.785,72.871,73.571,1.4641973657819165,2.626559262257966,-0.95146185317585,74.00014285714285,73.43896666666666,1.1018996367776726,1.112881208869563,117433735.0,85815424.28571428,-0.0504044855594518,1.6604951602291782,1.0076413955145,1.0169260205788295,1.0133141033345352
509,AAPL,2012-07-03,76.182,76.837,76.071,76.762,67409572,0.0175477449779837,75.88,74.785,72.871,1.1623616236162482,1.4641973657819165,2.626559262257966,74.31671428571428,73.6017,1.522797285076258,1.2280394004114938,111514548.0,84107044.14285715,-0.3955087187368593,1.3157313381396187,1.0097146436252735,1.0100695402978797,1.007613346984852
510,AAPL,2012-07-05,76.909,78.674,76.793,78.109,135015162,-0.0066317581840761,76.762,75.88,74.785,1.7547744977983726,1.1623616236162482,1.4641973657819165,75.03328571428571,73.82780000000001,1.966515591455058,1.406115323665087,67409572.0,92002427.71428572,1.002907865963012,1.3303628318615486,1.0163283439881143,1.024494420064329,1.0156028553225238
511,AAPL,2012-07-06,77.747,77.918,77.038,77.591,116839858,0.0131974069157505,78.109,76.762,75.88,-0.6631758184076131,1.7547744977983726,1.1623616236162482,75.65271428571428,73.97863333333333,1.9956979325796496,1.5562605819232411,135015162.0,97674291.71428572,-0.1346167625233083,1.2788576993590306,1.0226292495136786,1.0114229341364005,0.997993491710291
512,AAPL,2012-07-09,77.516,78.616,77.362,78.615,105738948,-0.0092603192774914,77.591,78.109,76.762,1.3197406915750554,-0.6631758184076131,1.7547744977983726,76.3732857142857,74.18603333333333,2.02911727230576,1.7412607696188345,116839858.0,104694079.85714284,-0.0950096156398957,1.276049622720936,1.0294833445417495,1.0162095085442466,1.0141777181485112
513,AAPL,2012-07-10,79.136,79.382,77.517,77.887,142529946,-0.0062012916147753,78.615,77.591,78.109,-0.9260319277491492,1.3197406915750554,-0.6631758184076131,77.08985714285714,74.38196666666666,1.362283919085279,1.816909719794172,105738948.0,113783109.85714284,0.3479417820574497,1.286745630796041,1.0364052013887393,1.0240592386186258,0.9842170440760212
514,AAPL,2012-07-11,77.62,77.818,76.481,77.404,130794921,-0.0091338948891529,77.887,78.615,77.591,-0.6201291614775339,-0.9260319277491492,1.3197406915750554,77.46399999999998,74.51923333333333,0.9075005968820706,1.8855159850509169,142529946.0,115691850.71428572,-0.0823337504105978,1.264317761364579,1.039516867457484,1.017481465985016,0.9972172120587476
515,AAPL,2012-07-12,76.868,77.281,75.901,76.697,119281197,0.0101307743458023,77.404,77.887,78.615,-0.9133894889152948,-0.6201291614775339,-0.9260319277491492,77.58071428571428,74.60346666666668,0.6982384297429631,1.925400016356594,130794921.0,116801372.0,-0.0880288310277735,1.2648021064614543,1.0399076309999125,1.0181815786353277,0.9977754071915492
516,AAPL,2012-07-13,77.214,77.759,76.837,77.474,86874978,0.003201073908666,76.697,77.404,77.887,1.013077434580234,-0.9133894889152948,-0.6201291614775339,77.68242857142856,74.71976666666666,0.6046894126097532,1.9910098058834116,119281197.0,119582144.28571428,-0.2716791901409239,1.2730808926644102,1.0396503099103438,1.011999427359215,1.003367265003756
517,AAPL,2012-07-16,77.493,78.323,77.481,77.722,84028911,7.71982192944165e-05,77.474,76.697,77.404,0.3201073908666085,1.013077434580234,-0.9133894889152948,77.62714285714286,74.9157,0.5762092873819129,1.9874707224035395,86874978.0,112298394.14285716,-0.0327604917494195,1.1348210175481983,1.036193252644544,1.0108671803409868,1.0029551056224433
518,AAPL,2012-07-17,78.22,78.31,77.24,77.728,81901129,-0.0011707492795388,77.722,77.474,76.697,0.0077198219294416,0.3201073908666085,1.013077434580234,77.64671428571428,75.09783333333333,0.5771030278641227,1.9864497716780427,84028911.0,107307147.14285716,-0.0253220227976059,1.1341707589350425,1.0339408054699442,1.0138529259451063,0.9937100485809256
519,AAPL,2012-07-18,77.681,77.905,77.293,77.637,70373779,0.0133441529167794,77.728,77.722,77.474,-0.1170749279538863,0.0077198219294416,0.3201073908666085,77.50699999999999,75.28306666666666,0.3924631617634136,1.954166246647832,81901129.0,102254980.14285716,-0.1407471440350962,1.1323392726723704,1.0295409503332311,1.007917922709689,0.9994335809271252
520,AAPL,2012-07-19,78.281,78.802,77.606,78.673,121700750,-0.0163207199420386,77.637,77.728,77.722,1.3344152916779484,-0.1170749279538863,0.0077198219294416,77.61928571428572,75.46606666666666,0.5846741868510453,2.0070642814525157,70373779.0,99279380.71428572,0.7293479436424752,1.125271031066052,1.0285322813646804,1.0154111795479732,1.0050076008226771
521,AAPL,2012-07-20,78.507,78.688,77.312,77.389,110788366,-0.0007753039837703,78.673,77.637,77.728,-1.6320719942038653,1.3344152916779484,-0.1170749279538863,77.61714285714287,75.60513333333333,0.5856214444489735,1.990322183818424,121700750.0,96421301.42857143,-0.089665708715846,1.17619092332829,1.0266120755972858,1.0177980132450333,0.9857592316608708
522,AAPL,2012-07-23,76.12,77.594,75.262,77.329,135964917,-0.0048364779060895,77.389,78.673,77.637,-0.0775303983770347,-1.6320719942038653,1.3344152916779484,77.70742857142857,75.70553333333332,0.4540590479834812,1.9990524778486531,110788366.0,98804690.0,0.2272490506810074,1.1505664982695607,1.0264431825515428,1.0309850920783397,1.0158828166053595
523,AAPL,2012-07-24,77.783,78.076,76.646,76.955,156714649,-0.0431680852446235,77.329,77.389,78.673,-0.4836477906089542,-0.0775303983770347,-1.6320719942038653,77.63328571428572,75.83253333333332,0.5338847298527423,1.951224897928552,135964917.0,108781785.85714284,0.1526109268319562,1.1109734238950708,1.0237464357551782,1.0186572032460923,0.9893550004499696
524,AAPL,2012-07-25,73.567,74.378,72.996,73.633,244598938,-0.0001765512745642,76.955,77.329,77.389,-4.316808524462356,-0.4836477906089542,-0.0775303983770347,77.04914285714285,75.8275,1.5977094467387971,1.9568780334830456,156714649.0,131720361.14285716,0.5607917929867552,1.3719793315294948,1.0161108154316425,1.018932544249,1.000897141381326
525,AAPL,2012-07-26,74.244,74.327,73.041,73.62,113411792,0.0179027438196142,73.633,76.955,77.329,-0.0176551274564285,-4.316808524462356,-0.4836477906089542,76.46228571428571,75.83909999999999,2.0084578424178328,1.9421834202588777,244598938.0,136221884.42857143,-0.5363357137715782,1.3656863850502354,1.0082172087259174,1.0176065497460332,0.9915952804267012
526,AAPL,2012-07-27,73.637,75.022,73.202,74.938,112654849,0.0168539325842695,73.62,73.633,76.955,1.7902743819614209,-0.0176551274564285,-4.316808524462356,76.07671428571429,75.89726666666667,2.0044223369264302,1.8855059859321424,113411792.0,142262037.2857143,-0.006674288331499,1.402790439532056,1.0023643489012026,1.0248627086691622,1.0176677485503212
527,AAPL,2012-07-30,75.677,76.765,75.277,76.201,105688963,0.0264563457172479,74.938,73.62,73.633,1.6853932584269593,1.7902743819614209,-0.0176551274564285,75.72357142857142,75.98653333333333,1.6587159549046502,1.8318532868014423,112654849.0,139974639.14285713,-0.0618338763207609,1.431609195359571,0.9965393617365282,1.01976699390252,1.006924164541406
528,AAPL,2012-07-31,77.252,78.333,77.183,78.217,128854850,-0.0064947517803034,76.201,74.938,73.62,2.645634571724797,1.6853932584269593,1.7902743819614209,75.84185714285714,76.09326666666668,1.819048508478577,1.866254333358408,105688963.0,142555565.42857143,0.2191892733397336,1.46387456874834,0.9966960345530852,1.014899654068901,1.0124915859783563
529,AAPL,2012-08-01,78.876,78.937,77.219,77.709,107181633,0.0015956967661403,78.217,76.201,74.938,-0.6494751780303454,2.645634571724797,1.6853932584269593,75.89614285714286,76.17603333333334,1.875616558947525,1.881462975953149,128854850.0,138443667.7142857,-0.1681986902316832,1.47083942589336,0.996325740998278,1.0222484103653249,0.9852046249809828
530,AAPL,2012-08-02,77.198,78.207,76.869,77.833,92638591,0.0130407410738375,77.709,78.217,76.201,0.1595696766140353,-0.6494751780303454,2.645634571724797,76.02157142857142,76.2701,1.984428369175532,1.8917239419141505,107181633.0,129289945.14285716,-0.135685952834848,1.468860917800776,0.9967414678697344,1.0174062365843186,1.008225601699526
531,AAPL,2012-08-03,78.583,79.139,78.317,78.848,96106259,0.011135349025974,77.833,77.709,78.217,1.304074107383757,0.1595696766140353,-0.6494751780303454,76.76657142857142,76.4324,1.915984764828653,1.897240784165485,92638591.0,108076705.28571428,0.0374322187175752,1.4553233959223122,1.0043721174341171,1.0104958055083826,1.0033722306351247
532,AAPL,2012-08-06,79.052,80.022,78.79,79.726,84263406,-0.0026465644833554,78.848,77.833,77.709,1.1135349025974015,1.304074107383757,0.1595696766140353,77.63885714285713,76.60506666666667,1.6102336713031973,1.9544911840433463,96106259.0,103912650.14285716,-0.1232266568611312,1.4611608674533112,1.0134950665951223,1.0156365020941744,1.0085260334969386
533,AAPL,2012-08-07,79.753,80.038,79.145,79.515,81000819,-0.0016852166257939,79.726,78.848,77.833,-0.2646564483355429,1.1135349025974015,1.304074107383757,78.29271428571428,76.81913333333334,1.2103507362620778,1.907692246077585,84263406.0,99390645.85714284,-0.0387189072323993,1.4056641472224318,1.019182473017325,1.0112830880030323,0.997015786240016
534,AAPL,2012-08-08,79.318,79.895,79.029,79.381,68092939,0.005681460299064,79.515,79.726,78.848,-0.1685216625793906,-0.2646564483355429,1.1135349025974015,78.74699999999999,77.02333333333333,0.832081927061081,1.83968313113588,81000819.0,94019785.28571428,-0.1593549319544535,1.4081279856476003,1.0223785000216383,1.010958002758481,1.000794271161653
535,AAPL,2012-08-09,79.463,79.962,79.456,79.832,61563343,0.001590840765608,79.381,79.515,79.726,0.5681460299064023,-0.1685216625793906,-0.2646564483355429,78.97771428571427,77.23203333333332,0.8829763519504018,1.7889692559817731,68092939.0,84406712.85714285,-0.0958924096373634,1.4088639050516614,1.0226030686625405,1.0063683044703988,1.0046436706391657
536,AAPL,2012-08-10,79.574,79.966,79.573,79.959,54142786,0.013344338973724,79.832,79.381,79.515,0.1590840765608003,0.5681460299064023,-0.1685216625793906,79.29914285714285,77.4683,0.742513171285391,1.6562837119528029,61563343.0,76829734.71428572,-0.1205353159590439,1.3897904675633213,1.0236334456434808,1.0049388611715029,1.0048382637544928
537,AAPL,2012-08-13,80.177,81.026,80.159,81.026,77330902,0.0026781526917285,79.959,79.832,79.381,1.3344338973724,0.1590840765608003,0.5681460299064023,79.75528571428572,77.67633333333333,0.6688237720833677,1.6990239659224933,54142786.0,74642922.0,0.4282771115620094,1.3347525140829013,1.0267642960440853,1.0108160031936524,1.0105890716789103
538,AAPL,2012-08-14,81.266,82.136,81.052,81.243,94400781,-0.0013662715557031,81.026,79.959,79.832,0.2678152691728552,1.3344338973724,0.1590840765608003,80.09742857142858,77.8551,0.7365059079122314,1.7835393202545142,77330902.0,74399282.28571428,0.2207381338963303,1.3157718995354146,1.0288013061627124,1.0133741301880272,0.9997169788103264
539,AAPL,2012-08-15,81.193,81.539,80.736,81.132,71471229,0.0087388453384606,81.243,81.026,79.959,-0.1366271555703124,0.2678152691728552,1.3344338973724,80.29828571428571,78.00076666666665,0.8067031081944728,1.8676557809428735,94400781.0,72571828.42857143,-0.2428957870592193,1.3055813801041194,1.0294550828896003,1.0099459968291715,0.9992487037059846
540,AAPL,2012-08-16,81.182,81.896,81.088,81.841,70708281,0.0184748475702887,81.132,81.243,81.026,0.8738845338460699,-0.1366271555703124,0.2678152691728552,80.63057142857143,78.12516666666666,0.9035258448930756,1.99505787805241,71471229.0,71101465.85714285,-0.0106748968875294,1.2788787757090492,1.0320691125382744,1.0099644830307817,1.0081175630065775
541,AAPL,2012-08-17,82.313,83.363,82.157,83.353,122891350,0.0263217880580184,81.841,81.132,81.243,1.847484757028872,0.8738845338460699,-0.1366271555703124,81.198,78.31723333333333,1.18985405267856,2.2078671356091863,70708281.0,78929810.28571428,0.7380050577102844,1.3047901057428255,1.0367833048239274,1.014679211753107,1.012634699257711
542,AAPL,2012-08-20,83.596,85.547,83.585,85.547,170259907,-0.0136766923445591,83.353,81.841,81.132,2.632178805801844,1.847484757028872,0.8738845338460699,82.01442857142857,78.5483,1.8653181906554368,2.572699831720617,122891350.0,94457890.85714284,0.3854507009647139,1.3627025114667808,1.0441273531244923,1.0234731112041635,1.0233384372458012
543,AAPL,2012-08-21,86.276,86.796,83.639,84.377,225254471,0.0195313888855968,85.547,83.353,81.841,-1.367669234455915,2.632178805801844,1.847484757028872,82.64557142857143,78.76463333333332,1.8002333049886112,2.779712035238169,170259907.0,118902417.28571428,0.3230036064802972,1.37859743614858,1.0492725977509971,1.0377455493250758,0.977989243822152
544,AAPL,2012-08-22,84.165,86.041,83.353,86.025,156877150,-0.0093344957861087,84.377,85.547,83.353,1.95313888855968,-1.367669234455915,2.632178805801844,83.35971428571429,79.05199999999999,2.027829933230268,3.06516233467795,225254471.0,130266167.0,-0.3035558881315168,1.400768687508512,1.0544921606754325,1.0322483893801064,1.022099447513812
545,AAPL,2012-08-23,85.668,86.155,85.032,85.222,116606271,0.000880054446035,86.025,84.377,85.547,-0.9334495786108788,1.95313888855968,-1.367669234455915,83.92814285714284,79.33616666666667,1.8884922053144304,3.230040771422989,156877150.0,133438379.85714284,-0.2567032802418962,1.4014032238850278,1.0578799856787826,1.013206792736852,0.9947938553485548
546,AAPL,2012-08-24,84.822,86.103,84.312,85.297,120072048,0.0188283292495634,85.222,86.025,84.377,0.0880054446035005,-0.9334495786108788,1.95313888855968,84.52314285714286,79.59693333333334,1.4705779395190757,3.3865129551501263,116606271.0,140381354.0,0.0297220464240726,1.3967413566323543,1.0618894386694486,1.0212425277540562,1.0055999622739382
547,AAPL,2012-08-27,87.452,87.57,86.626,86.903,118473315,-0.0013578357479029,85.297,85.222,86.025,1.8828329249563456,0.0880054446035005,-0.9334495786108788,85.24628571428572,79.90296666666667,1.1390696078108764,3.61814952211281,120072048.0,147204930.2857143,-0.0133147808056043,1.4251853056857573,1.0668725989850905,1.0108974210975918,0.9937222705026758
548,AAPL,2012-08-28,86.81,86.954,86.256,86.785,74150624,-0.0019473411303796,86.903,85.297,85.222,-0.1357835747902935,1.8828329249563456,0.0880054446035005,85.73657142857144,80.20486666666666,0.9023421112439778,3.8035227204599167,118473315.0,140241969.42857143,-0.3741153946776959,1.4267274328167638,1.0689696896435807,1.008092190688184,0.999712014744845
549,AAPL,2012-08-29,86.847,87.157,86.503,86.616,56244743,-0.014269880853422,86.785,86.903,85.297,-0.1947341130379642,-0.1357835747902935,1.8828329249563456,85.88928571428572,80.50416666666666,0.9538984422385984,3.94513250582323,74150624.0,123954088.85714284,-0.2414798424353111,1.427726701167925,1.066892426449385,1.007560431430124,0.9973401499188228
550,AAPL,2012-08-30,86.253,86.368,85.25,85.38,83999199,0.0020965097212461,86.616,86.785,86.903,-1.4269880853422068,-0.1947341130379642,-0.1357835747902935,86.03257142857142,80.72773333333333,0.7402906765077497,4.026974400587348,56244743.0,103774764.28571428,0.4934586686617095,1.452563516039435,1.0657127095757024,1.0131143695014662,0.9898786129178117
551,AAPL,2012-08-31,85.816,85.99,84.53,85.559,93912572,0.0146098014235791,85.38,86.616,86.785,0.2096509721246198,-1.4269880853422068,-0.1947341130379642,85.966,81.00006666666667,0.7617274228204395,4.069432714284544,83999199.0,94779824.57142857,0.1180174706189758,1.4070252967619972,1.0613077684709724,1.0172719744469418,0.9970052204717068
552,AAPL,2012-09-04,85.624,86.831,85.463,86.809,102073975,-0.0070154016288632,85.559,85.38,86.616,1.460980142357915,0.2096509721246198,-1.4269880853422068,86.19271428571427,81.31606666666667,0.7392213728682956,4.141961437184531,93912572.0,92703782.28571428,0.0869042645323354,1.4190906178335454,1.0599715138588552,1.0160069269742462,1.0138395776884983
553,AAPL,2012-09-05,86.889,86.985,86.119,86.2,93331425,0.0089791183294662,86.809,85.559,85.38,-0.7015401628863271,1.460980142357915,0.2096509721246198,86.32171428571428,81.62423333333335,0.6271564701932973,4.150215587946496,102073975.0,88883693.28571428,-0.0856491578779018,1.4242960793296453,1.057550077477574,1.0100558529476655,0.9920703426210452
554,AAPL,2012-09-06,86.577,87.234,86.273,86.974,108639222,0.0061857566629106,86.2,86.809,85.559,0.8979118329466296,-0.7015401628863271,1.460980142357915,86.33185714285715,82.06893333333332,0.6385941404370672,3.975493219743581,93331425.0,87478822.85714285,0.16401546424476,1.1147998589821826,1.0519432096455967,1.0111390585698885,1.0045855134735553
555,AAPL,2012-09-07,87.204,87.775,86.915,87.512,91480196,-0.0259964347746595,86.974,86.2,86.809,0.6185756662910658,0.8979118329466296,-0.7015401628863271,86.43571428571428,82.532,0.770141700017175,3.760692443576012,108639222.0,89954476.0,-0.157945037566635,1.1094200532131375,1.0472994024828466,1.009894724731059,1.0035319480757765
556,AAPL,2012-09-10,87.513,87.88,85.153,85.237,135388853,-0.0032262984384714,87.512,86.974,86.2,-2.599643477465952,0.6185756662910658,0.8979118329466296,86.2387142857143,82.8753,0.8842566961985447,3.5049421476848943,91480196.0,101260777.42857143,0.4799799182765196,1.2279739310122195,1.040584037532465,1.0320247084659375,0.973992435409596
557,AAPL,2012-09-11,85.541,86.181,84.433,84.962,139860956,0.0138885619453401,85.237,87.512,86.974,-0.3226298438471442,-2.599643477465952,0.6185756662910658,86.179,83.16733333333333,0.9625580502027112,3.2879272197383207,135388853.0,109241028.42857143,0.033031545071144,1.2122307506058776,1.0362121345720676,1.0207028057749932,0.993231315977134
558,AAPL,2012-09-12,85.765,86.155,84.37,86.142,197668083,0.0197232476608391,84.962,85.237,87.512,1.388856194534016,-0.3226298438471442,-2.599643477465952,86.26228571428571,83.43149999999999,0.9244386971411188,3.1934891603446376,139860956.0,124063244.28571428,0.4133185461709556,1.151068153745969,1.0339294596679398,1.0211568092924024,1.0043957325249226
559,AAPL,2012-09-13,87.12,88.163,86.781,87.841,166050817,0.0121355631197277,86.142,84.962,85.237,1.9723247660839105,1.388856194534016,-0.3226298438471442,86.40971428571429,83.76923333333333,1.093070402477352,3.101877003311945,197668083.0,133202793.14285716,-0.1599512957284055,1.1735559626417158,1.0315208919469752,1.0159251449049906,1.0082759412304865
560,AAPL,2012-09-14,88.738,89.64,88.471,88.907,166659568,0.0122600020245875,87.841,86.142,84.962,1.2135563119727744,1.9723247660839105,1.388856194534016,86.79642857142858,84.13836666666666,1.4326221713084268,3.029154798281421,166050817.0,143678242.14285713,0.0036660524229761,1.1813648953001228,1.0315915557915742,1.0132133693526693,1.0019044828596542
561,AAPL,2012-09-17,89.944,90.0,89.335,89.997,110528823,0.0030889918552841,88.907,87.841,86.142,1.2260002024587546,1.2135563119727744,1.9723247660839105,87.2282857142857,84.50999999999999,1.8806496851103165,3.0416071636436515,166659568.0,143948185.14285713,-0.3367988149351257,1.179505684791481,1.03216525516845,1.0074438909721837,1.0005892555367784
562,AAPL,2012-09-18,90.012,90.327,89.568,90.275,103615560,0.0002436998061476,89.997,88.907,87.841,0.3088991855284106,1.2260002024587546,1.2135563119727744,87.623,84.86163333333333,2.211049449170477,3.07901147911194,110528823.0,145681808.57142857,-0.0625471511625523,1.1729931305057004,1.0325396360899646,1.008474008574491,1.0029218326445364
563,AAPL,2012-09-19,90.063,90.541,89.973,90.297,90703419,-0.004839584925302,90.275,89.997,88.907,0.024369980614769,0.3088991855284106,1.2260002024587546,88.34585714285716,85.22103333333332,2.1265018558345337,3.0626262730707285,103615560.0,139298175.14285713,-0.1246158492025715,1.168339008377107,1.0366672837361806,1.0063130050126148,1.0025981812731088
564,AAPL,2012-09-20,89.921,90.036,89.207,89.86,93373157,0.0020031159581572,90.297,90.275,89.997,-0.4839584925302009,0.024369980614769,0.3088991855284106,89.04557142857142,85.57033333333334,1.5570805863511683,2.969758022573731,90703419.0,132657061.0,0.0294337085573368,1.175322303054224,1.0406126511357685,1.0092929927023664,0.999321626761268
565,AAPL,2012-09-21,90.336,90.68,89.945,90.04,158597399,-0.0132607729897823,89.86,90.297,90.275,0.2003115958157275,-0.4839584925302009,0.024369980614769,89.60242857142858,85.9106,0.9068748273007896,2.8728240773336107,93373157.0,127075534.71428572,0.6985331126803391,1.1756511666367486,1.0429729110427417,1.0081716604591695,0.996723343960326
566,AAPL,2012-09-24,88.338,89.402,87.843,88.846,177515299,-0.0249870562546428,90.04,89.86,90.297,-1.3260772989782343,0.2003115958157275,-0.4839584925302009,89.746,86.20683333333334,0.6137040546367475,2.6903584696838583,158597399.0,128713317.85714284,0.1192825362791731,1.2170592858757403,1.0410543634398663,1.017747572373439,1.005750639588852
567,AAPL,2012-09-25,88.518,89.101,86.555,86.626,143990474,-0.0124096691524484,88.846,90.04,89.86,-2.498705625464281,-1.3260772989782343,0.2003115958157275,89.42014285714286,86.3935,1.3258327482006569,2.506489270975365,177515299.0,125474875.85714284,-0.1888559757319846,1.3088761961325155,1.0350332242256983,1.0294148229449482,0.9786258162181704
568,AAPL,2012-09-26,86.007,86.515,85.036,85.551,160104730,0.0242545382286589,86.626,88.846,90.04,-1.2409669152448457,-2.498705625464281,-1.3260772989782343,88.785,86.53710000000001,1.930485776519473,2.317517196305087,143990474.0,132557148.28571428,0.1119119588424994,1.3361279980609655,1.0259761420246345,1.0173926337080763,0.9946981059681188
569,AAPL,2012-09-27,85.436,87.735,84.929,87.626,164862285,-0.0208728003104102,85.551,86.626,88.846,2.4254538228658973,-1.2409669152448457,-2.498705625464281,88.40657142857143,86.75356666666667,1.8475829126342809,2.087074799698759,160104730.0,141306680.42857143,0.0297152682497263,1.3956798848537824,1.0190540265422872,1.0330393622908547,1.025633222529145
570,AAPL,2012-09-28,87.294,87.599,85.753,85.797,148520167,-0.0115388649952794,87.626,85.551,86.626,-2.087280031041028,2.4254538228658973,-1.2409669152448457,87.76371428571429,86.88543333333334,1.8630021215157784,1.8807610287125325,164862285.0,149566215.85714287,-0.0991258734525,1.4546985723948958,1.0101084948153674,1.0215269436637786,0.9828510550553302
571,AAPL,2012-10-01,86.318,87.037,84.433,84.807,150857426,0.0028653295128939,85.797,87.626,85.551,-1.1538864995279452,-2.087280031041028,2.4254538228658973,87.04185714285714,86.93390000000001,1.8940636586100632,1.8037501996551533,148520167.0,157778254.2857143,0.0157369806889591,1.4383054075096968,1.0012418302049848,1.030841021875333,0.9824949604949142
572,AAPL,2012-10-02,85.117,85.7,83.68,85.05,174320895,0.0153556731334509,84.807,85.797,87.626,0.2865329512893977,-1.1538864995279452,-2.087280031041028,86.329,86.91733333333333,1.4689191037437457,1.8191441969213944,150857426.0,160024468.0,0.1555340669805673,1.3554575179888215,0.9932311161563476,1.0241395793499044,0.9992128481971874
573,AAPL,2012-10-03,85.51,86.41,85.223,86.356,117741381,-0.0069132428551575,85.05,84.807,85.797,1.5355673133450989,0.2865329512893977,-1.1538864995279452,85.97328571428571,86.98330000000001,0.9769042454467064,1.7587273641405303,174320895.0,151485336.85714287,-0.3245710389451591,1.3588575364540325,0.9883884115029632,1.013928164932002,1.0098935796982809
574,AAPL,2012-10-04,86.33,86.716,85.596,85.759,102893871,-0.0213155470562856,86.356,85.05,84.807,-0.6913242855157598,1.5355673133450989,0.2865329512893977,85.84942857142856,86.97443333333334,0.9343937173683682,1.7643866704852122,117741381.0,145614393.57142857,-0.1261027335835308,1.3187576553260036,0.987065109609934,1.013084723585214,0.9933858450133212
575,AAPL,2012-10-05,85.554,85.655,83.763,83.931,164861476,-0.0220895735782964,85.759,86.356,85.05,-2.131554705628569,-0.6913242855157598,1.5355673133450989,85.61800000000001,86.9314,1.1870793290017017,1.8233604557852852,102893871.0,146293928.7142857,0.6022477762548171,1.3652625842204351,0.9848915351645092,1.0225875386507168,0.9810295252121468
576,AAPL,2012-10-08,83.197,83.285,81.811,82.077,177093384,-0.0036672880344067,83.931,85.759,86.356,-2.208957357829644,-2.131554705628569,-0.6913242855157598,84.8252857142857,86.82406666666665,1.4469962813030322,2.0082843927831115,164861476.0,148041228.57142857,0.0741950654378467,1.420999878067366,0.9769789526208827,1.0180171370598086,0.9865379761289468
577,AAPL,2012-10-09,82.139,82.373,80.196,81.776,232772786,0.0079852279397378,82.077,83.931,85.759,-0.3667288034406746,-2.208957357829644,-2.131554705628569,84.25085714285714,86.65316666666666,1.7610095048579024,2.20941185937914,177093384.0,160077317.0,0.3144070136465402,1.370200056809326,0.9722767255229045,1.0271459923188189,0.9955806620484788
578,AAPL,2012-10-10,82.28,82.951,81.925,82.429,141614440,-0.0199808319887419,81.776,82.077,83.931,0.7985227939737882,-0.3667288034406746,-2.208957357829644,83.91114285714285,86.50796666666666,1.8622994235263133,2.339740885790784,232772786.0,158756890.42857143,-0.3916194309759218,1.3821207693211184,0.969981680189873,1.0125236496795849,1.0018108896451143
579,AAPL,2012-10-11,83.144,83.238,80.782,80.782,151561751,0.0025748310267137,82.429,81.776,82.077,-1.9980831988741896,0.7985227939737882,-0.3667288034406746,83.30142857142857,86.3135,2.10955104680042,2.5623113185366075,141614440.0,155505584.14285713,0.0702422083510692,1.422216669966739,0.9651031249043148,1.030402812507737,0.9715914557875492
580,AAPL,2012-10-12,80.969,81.718,80.421,80.99,127697746,0.0080009877762687,80.782,82.429,81.776,0.2574831026713742,-1.9980831988741896,0.7985227939737882,82.53485714285713,86.16716666666666,1.7606867437260736,2.736871900335844,151561751.0,156927922.0,-0.1574540069809565,1.40617907103151,0.9578457820498968,1.0161276283557776,1.0002593585199273
581,AAPL,2012-10-15,81.328,81.684,80.234,81.638,120015938,0.0236776991107081,80.99,80.782,82.429,0.8000987776268786,0.2574831026713742,-1.9980831988741896,81.94614285714285,86.03646666666667,1.0474787871515856,2.857866188963428,127697746.0,159373931.57142857,-0.0601561753486236,1.4157209642903676,0.9524582544123869,1.0180721389934442,1.00381172535904
582,AAPL,2012-10-16,81.717,83.635,81.154,83.571,152612285,-0.0079932033839489,81.638,80.99,80.782,2.367769911070816,0.8000987776268786,0.2574831026713742,81.89471428571427,85.92853333333333,0.9367727782680128,2.888662770607916,120015938.0,157624047.14285713,0.2716001519731488,1.4602068275240874,0.9530561166222736,1.0305715060255811,1.0226880575645214
583,AAPL,2012-10-17,83.452,83.957,82.828,82.903,108046799,-0.0185397392132975,83.571,81.638,80.99,-0.7993203383948932,2.367769911070816,0.8000987776268786,82.01271428571428,85.81863333333332,1.0125218868929913,2.940235874695757,152612285.0,147760249.2857143,-0.2920176838974661,1.4616665826253803,0.9556516003600728,1.013630656299802,0.993421367972008
584,AAPL,2012-10-18,82.258,82.578,81.026,81.366,132300097,-0.0360347073716295,82.903,83.571,81.638,-1.8539739213297544,-0.7993203383948932,2.367769911070816,81.95414285714287,85.6317,1.0399835621453657,3.040799420183852,108046799.0,133407008.0,0.2244703056867052,1.4818220980921322,0.9570537879913966,1.0191543455187224,0.9891560699263294
585,AAPL,2012-10-19,81.161,81.254,78.404,78.434,206563056,0.0396511716857486,81.366,82.903,83.571,-3.6034707371629504,-1.8539739213297544,-0.7993203383948932,81.38342857142857,85.3291,1.6520344888620009,3.2888092735712684,132300097.0,142685381.7142857,0.5613220298697135,1.596354790688976,0.953759368977624,1.036350186214989,0.966400118283412
586,AAPL,2012-10-22,78.765,81.718,78.551,81.544,151713892,-0.0326081624644363,78.434,81.366,82.903,3.965117168574861,-3.6034707371629504,-1.8539739213297544,81.49228571428571,85.20599999999999,1.6307679902744752,3.3607040415915463,206563056.0,142707116.14285713,-0.2655323031239429,1.7225835628838502,0.9564148735333864,1.040317755343662,1.0352821684758458
587,AAPL,2012-10-23,81.154,81.527,78.673,78.885,196244630,0.0056411231539581,81.544,78.434,81.366,-3.260816246443632,3.965117168574861,-3.6034707371629504,81.19157142857144,85.00343333333333,1.909147703136,3.553532120282915,151713892.0,152499528.14285713,0.2935178671706608,1.8147846296109964,0.9551563771569788,1.0362767404319144,0.9720408112970405
588,AAPL,2012-10-24,79.925,80.582,78.536,79.33,154980421,-0.0118114206479263,78.885,81.544,78.434,0.564112315395815,-3.260816246443632,3.965117168574861,80.86185714285715,84.77636666666668,2.01553296744696,3.6931663779742743,196244630.0,157494454.2857143,-0.2102692389595577,1.7955425387315471,0.9538254624758684,1.0260517469695425,0.9925555208007508
589,AAPL,2012-10-25,79.737,79.997,77.88,78.393,181812810,-0.0090824435855242,79.33,78.885,81.544,-1.1811420647926396,0.564112315395815,-3.260816246443632,80.12214285714286,84.46143333333335,1.7934974610702163,3.823361769377514,154980421.0,161665957.85714287,0.1731340567206227,1.7522162364198155,0.9486240014532412,1.0271828454031844,0.9831445878324994
590,AAPL,2012-10-26,78.379,78.967,76.008,77.681,282744263,-0.0143664473938286,78.393,79.33,78.885,-0.9082443585524236,-1.1811420647926396,0.564112315395815,79.37614285714287,84.08723333333334,1.5072159133752987,3.9213615042640177,181812810.0,186622738.42857143,0.555139393093369,1.729023127856078,0.9439737723619104,1.0389301126197243,0.9910945533880248
591,AAPL,2012-10-31,76.509,77.418,75.585,76.565,141622825,0.002050545288317,77.681,78.393,79.33,-1.436644739382864,-0.9082443585524236,-1.1811420647926396,78.69028571428571,83.63950000000001,1.5427460056998856,3.9895549120859393,282744263.0,187954556.7142857,-0.4991133560152907,1.709072663418831,0.9408268307950872,1.024250843421314,1.0007319400331989
592,AAPL,2012-11-01,76.938,77.552,76.417,76.722,100370713,-0.0330674382836734,76.565,77.681,78.393,0.2050545288317051,-1.436644739382864,-0.9082443585524236,78.44571428571429,83.18773333333334,1.7161075834873765,3.979599078171797,141622825.0,172784222.0,-0.29128152188745,1.7074335614458045,0.942996174344386,1.014852716018687,0.9971925446463386
593,AAPL,2012-11-02,76.639,76.774,73.92,74.185,166440141,0.0135606928624385,76.722,76.565,77.681,-3.3067438283673423,0.2050545288317051,-1.436644739382864,77.39442857142856,82.65066666666667,1.7553751600123249,4.073181306303502,100370713.0,174887971.85714287,0.6582540466759461,1.7772479435300503,0.936404165783239,1.0386093073593077,0.9679797492138468
594,AAPL,2012-11-05,75.047,75.595,74.286,75.191,146954789,-0.0030455772632362,74.185,76.722,76.565,1.356069286243855,-3.3067438283673423,0.2050545288317051,76.86671428571428,82.16170000000001,1.787548107912743,4.0583369292151925,166440141.0,167846566.0,-0.1170712298303088,1.814105887943886,0.9355540876797128,1.017621086072746,1.0019187975535333
595,AAPL,2012-11-06,75.91,75.976,74.607,74.962,104065398,-0.0382593847549426,75.191,74.185,76.722,-0.3045577263236287,1.356069286243855,-3.3067438283673423,76.2427142857143,81.65910000000001,1.5278796543256472,3.981953803486519,146954789.0,160572991.2857143,-0.2918543267072433,1.8089866824535412,0.9336707640142284,1.0183494846328092,0.9875115268080624
596,AAPL,2012-11-07,74.139,74.231,71.803,72.094,219105455,-0.0362998307764861,74.962,75.191,74.185,-3.8259384754942616,-0.3045577263236287,1.356069286243855,75.34285714285714,81.10069999999999,1.8675473602733432,4.111833286486622,104065398.0,165900512.0,1.1054592516909416,1.8992340952517544,0.9290037834797622,1.033814743116583,0.9724166767828
597,AAPL,2012-11-08,72.433,72.639,69.158,69.477,291720281,0.0172862961843487,72.094,74.962,75.191,-3.629983077648613,-3.8259384754942616,-0.3045577263236287,74.17085714285714,80.52906666666667,2.590131234036276,4.491703224553971,219105455.0,167182800.2857143,0.3314149618045794,1.9472833963115463,0.9210445397296356,1.0503340177564418,0.9591898720196596
598,AAPL,2012-11-09,69.823,71.689,68.955,70.678,257020990,-0.0076827301281868,69.477,72.094,74.962,1.7286296184348735,-3.629983077648613,-3.8259384754942616,73.32985714285714,80.0333,2.638492083785119,4.732633225987558,291720281.0,183668252.42857143,-0.1189471327843675,1.9944907960589853,0.9162418286245492,1.039649046479588,1.012245248700285
599,AAPL,2012-11-12,71.597,71.639,69.594,70.135,142539425,0.000114065730377,70.678,69.477,72.094,-0.7682730128186877,1.7286296184348735,-3.629983077648613,72.38885714285715,79.45026666666668,2.3899775053745844,4.841153018354582,257020990.0,189692354.14285716,-0.4454171816862117,1.9100387716098837,0.9111216384781232,1.029384717073311,0.9795801500062852
600,AAPL,2012-11-13,69.629,71.123,69.298,70.143,147344021,-0.0110916271046291,70.135,70.678,69.477,0.0114065730377088,-0.7682730128186877,1.7286296184348735,71.81142857142858,78.92846666666668,2.371909698756159,4.975256172460512,142539425.0,186964337.0,0.0337071375165152,1.8966863164924643,0.909829261915159,1.0263355363791162,1.007381981645579
601,AAPL,2012-11-14,70.478,70.731,69.275,69.365,131818638,-0.0209759965400417,70.143,70.135,70.678,-1.1091627104629187,0.0114065730377088,-0.7682730128186877,70.97914285714286,78.41373333333333,1.9778079978087395,5.142105679873344,147344021.0,184802029.7142857,-0.1053682592251232,1.896295585539064,0.905187648130636,1.0210176831468782,0.9842078379068646
602,AAPL,2012-11-15,69.448,69.701,67.523,67.91,218229394,0.0039316742747754,69.365,70.143,70.135,-2.0975996540041786,-1.1091627104629187,0.0114065730377088,69.97171428571428,77.8424,1.2859787082610508,5.328168473570989,131818638.0,201111172.0,0.6555276045258487,1.9056159550374576,0.8988894777873535,1.0322556758437864,0.9778539338785854
603,AAPL,2012-11-16,67.856,68.478,65.34,68.177,350204372,0.0720624257447526,67.91,69.365,70.143,0.3931674274775476,-2.0975996540041786,-1.1091627104629187,69.41214285714285,77.23643333333332,1.0366218257056037,5.360181106585809,218229394.0,219839588.7142857,0.6047534458167445,1.869865908923616,0.8986968955127334,1.0480257116620753,1.0047306059891536
604,AAPL,2012-11-19,69.859,73.32,69.752,73.09,227389256,-0.0084826925708031,68.177,67.91,69.365,7.206242574475263,0.3931674274775476,-2.0975996540041786,69.92828571428572,76.81413333333333,1.737100622138538,5.160938672529093,350204372.0,210649442.2857143,-0.3506955532810996,2.37004717012924,0.9103570225915768,1.051152655121,1.0462503041841424
605,AAPL,2012-11-20,73.892,73.896,71.65,72.47,177617260,0.0013660825169035,73.09,68.177,67.91,-0.8482692570803141,7.206242574475263,0.3931674274775476,70.18428571428572,76.43209999999999,1.980934099047084,5.038700471146124,227389256.0,199306052.2857143,-0.2188845545103502,2.351175611837244,0.9182566711406036,1.031346824842987,0.980755697504466
606,AAPL,2012-11-21,72.901,73.302,71.911,72.569,103124238,0.0174730256721189,72.47,73.09,68.177,0.136608251690351,-0.8482692570803141,7.206242574475263,70.532,76.11516666666667,2.174959616484634,4.969950440905281,177617260.0,193675311.2857143,-0.4194019319969242,2.3299767434301017,0.9266484340615426,1.019343354980462,0.9954458786573572
607,AAPL,2012-11-23,73.279,73.901,72.69,73.837,75416902,0.0315424516163982,72.569,72.47,73.09,1.7473025672118947,0.136608251690351,-0.8482692570803141,71.05971428571429,75.85053333333333,2.4901480353788226,4.868462546617075,103124238.0,183400008.57142857,-0.2686791828706651,2.3622501085390226,0.93683869002522,1.0166597881414223,1.0076147327337983
608,AAPL,2012-11-26,74.406,76.227,74.123,76.166,174030221,-0.0080482104876191,73.837,72.569,72.47,3.154245161639824,1.7473025672118947,0.136608251690351,72.03128571428572,75.64176666666667,2.9944243583869703,4.708289422763098,75416902.0,189430234.7142857,1.3075758402274331,2.438403910587284,0.9522686855227565,1.028385251541357,1.0236540063973334
609,AAPL,2012-11-27,76.169,76.28,74.949,75.553,147326954,-0.0031633422895186,76.166,73.837,72.569,-0.8048210487619167,3.154245161639824,1.7473025672118947,73.12314285714285,75.46746666666667,2.6099768471891416,4.607138971080391,174030221.0,179301314.7142857,-0.1534404015955366,2.4182958144928923,0.9689359678670746,1.0177587426116426,0.9919127203980622
610,AAPL,2012-11-28,74.582,75.684,73.936,75.314,143999894,0.0110338051358314,75.553,76.166,73.837,-0.3163342289518644,-0.8048210487619167,3.154245161639824,74.14271428571429,75.27826666666667,1.5237409791152363,4.487520757291663,147326954.0,149843532.14285713,-0.0225828330096338,2.4168635737864825,0.9849152692903966,1.0236420688162735,1.0098147005979996
611,AAPL,2012-11-29,76.256,76.776,75.615,76.145,142187251,-0.0069078731367784,75.314,75.553,76.166,1.103380513583141,-0.3163342289518644,-0.8048210487619167,74.57914285714286,75.09516666666666,1.6071906574922603,4.32832166313195,143999894.0,137671817.14285713,-0.0125878078771363,2.421880680574516,0.993128401834244,1.0153540964094423,0.998544376835921
612,AAPL,2012-11-30,75.741,76.021,75.28,75.619,108075345,0.0015207818140943,76.145,75.314,75.553,-0.6907873136778431,1.103380513583141,-0.3163342289518644,75.029,74.83009999999999,1.3363251849780793,4.024166329169892,142187251.0,127737257.85714284,-0.2399083304592477,2.373790708732016,1.0026580213042613,1.0098432518597238,0.9983892475673676
613,AAPL,2012-12-03,76.699,76.821,75.645,75.734,100626197,-0.017601077455304,75.619,76.145,75.314,0.1520781814094318,-0.6907873136778431,1.103380513583141,75.48114285714284,74.59113333333333,0.7883509008455253,3.730377134796584,108075345.0,127380394.85714284,-0.0689255074781394,2.3733255660690045,1.0119318407434863,1.0155463018044817,0.9874183496525378
614,AAPL,2012-12-04,75.165,75.17,73.919,74.401,154110067,-0.0643539737369121,75.734,75.619,76.145,-1.7601077455304035,0.1520781814094318,-0.6907873136778431,75.56171428571429,74.35896666666667,0.5981977695005243,3.50406652908117,100626197.0,138622275.57142857,0.5315103978340749,2.371231885070543,1.0161748834466628,1.0169239302479742,0.9898356948047627
615,AAPL,2012-12-05,73.503,73.547,69.611,69.613,288540981,0.015657994914743,74.401,75.734,75.619,-6.43539737369121,-1.7601077455304035,0.1520781814094318,74.62557142857143,74.06493333333333,2.2742962176728225,3.520387027442519,154110067.0,154980955.57142857,0.8723045587930347,2.5575222622354548,1.007569548367983,1.0565427877777935,0.9470769900548276
616,AAPL,2012-12-06,68.338,71.486,67.006,70.703,325279989,-0.0255717579169201,69.613,74.401,75.734,1.5657994914743067,-6.43539737369121,-1.7601077455304035,73.93271428571428,73.70356666666666,2.652062889796364,3.2739789214590225,288540981.0,180402817.7142857,0.1273268284895725,2.4528030397319385,1.003109043828014,1.0668596842073843,1.0346073926658668
617,AAPL,2012-12-07,71.498,71.73,68.478,68.895,217634858,-0.0064300747514333,70.703,69.613,74.401,-2.5571757916920124,1.5657994914743067,-6.43539737369121,73.01571428571428,73.37056666666666,3.156607288123574,3.2366308225693974,325279989.0,190922098.2857143,-0.3309306893760378,2.4281929192896183,0.9951635594888544,1.0474897047226848,0.9635933872276148
618,AAPL,2012-12-10,67.829,69.575,67.385,68.452,174216164,0.0218547303219773,68.895,70.703,69.613,-0.6430074751433312,-2.5571757916920124,1.5657994914743067,71.91671428571428,73.00796666666666,3.2240106862056104,3.1542564726729747,217634858.0,195497657.2857143,-0.1995024804344531,2.421282039915954,0.9850529684529536,1.0324998144987756,1.009184861932212
619,AAPL,2012-12-11,69.737,71.003,69.427,69.948,163451165,-0.004417567335735,68.452,68.895,70.703,2.185473032197738,-0.6430074751433312,-2.5571757916920124,71.10657142857143,72.72646666666667,2.826660742357816,3.0315480708285305,174216164.0,203408488.7142857,-0.0617910459789483,2.4644414882927106,0.9777261936081696,1.022700102265689,1.0030256535268225
620,AAPL,2012-12-12,70.773,70.8,69.288,69.639,134581946,-0.0172748029121611,69.948,68.452,68.895,-0.4417567335735062,2.185473032197738,-0.6430074751433312,70.23585714285714,72.4584,1.9737330475175283,2.932266895223667,163451165.0,208259310.0,-0.176622901402997,2.4622679308917954,0.9693266362886448,1.0218219605126428,0.9839769403586112
621,AAPL,2012-12-13,68.625,69.462,67.932,68.436,172750127,-0.0376117832719623,69.639,69.948,68.452,-1.7274802912161102,-0.4417567335735062,2.185473032197738,69.38371428571429,72.18743333333332,0.8348424430797637,2.915241371485395,134581946.0,210922175.7142857,0.2836055067891498,2.467324843766653,0.9611605660687152,1.0225225225225223,0.9972459016393443
622,AAPL,2012-12-14,66.504,66.942,65.323,65.862,278959027,0.0177644165072423,68.436,69.639,69.948,-3.761178327196235,-1.7274802912161102,-0.4417567335735062,68.84785714285714,71.82543333333334,1.5557244216749415,3.005614443845805,172750127.0,209553325.14285716,0.6148122831770768,2.542018151210726,0.9585442641653462,1.0247845322474474,0.9903464453265968
623,AAPL,2012-12-17,65.755,67.182,64.759,67.032,209577804,0.0290309106098578,65.862,68.436,69.639,1.7764416507242364,-3.761178327196235,-1.7274802912161102,68.32342857142858,71.587,1.4406176750684103,3.0943873662505226,278959027.0,193024441.57142857,-0.2487147440473399,2.516125178797903,0.9544111161443918,1.0374156487901296,1.019420576382024
624,AAPL,2012-12-18,67.829,69.111,67.215,68.978,172789056,-0.0141639363275245,67.032,65.862,68.436,2.903091060985785,1.7764416507242364,-3.761178327196235,68.33528571428572,71.37989999999999,1.4464359317879012,3.0524897395964947,209577804.0,186617898.42857143,-0.175537424755152,2.5667252966756684,0.9573463357932096,1.0282079892881053,1.0169396570788305
625,AAPL,2012-12-19,68.665,68.952,67.893,68.001,124129447,-0.0087351656593286,68.978,67.032,65.862,-1.4163936327524551,2.903091060985785,1.7764416507242364,68.27085714285714,71.14786666666666,1.45040964656967,3.035329076442272,172789056.0,179462653.14285713,-0.2816127949677554,2.575473619789651,0.9595629544693371,1.015598073439088,0.9903298623753004
626,AAPL,2012-12-20,68.478,68.502,67.039,67.407,131211299,-0.0045840936401263,68.001,68.978,67.032,-0.8735165659328636,-1.4163936327524551,2.903091060985785,67.90785714285714,70.99163333333333,1.267095553958841,3.1047799909093508,124129447.0,174856958.0,0.0570521513722686,2.4908084553458893,0.9565614137091808,1.0218231178866033,0.9843599404188208
627,AAPL,2012-12-21,66.217,67.141,65.921,67.098,164854230,0.0015797788309634,67.407,68.001,68.978,-0.4584093640126352,-0.8735165659328636,-1.4163936327524551,67.54485714285714,70.91233333333334,1.0303572889353323,3.174400386858752,131211299.0,179181570.0,0.2564026974536697,2.405795863161445,0.9525121226141734,1.0185070008039927,1.0133047404745006
628,AAPL,2012-12-24,67.229,67.735,67.017,67.204,48581683,-0.0137789417296587,67.098,67.407,68.001,0.1579778830963496,-0.4584093640126352,-0.8735165659328636,67.36885714285714,70.79653333333334,0.9552515250945428,3.245804992690065,164854230.0,161443220.85714287,-0.7053052081223514,2.381865980516853,0.9515841238392624,1.0107136995090795,0.999628136667212
629,AAPL,2012-12-26,67.055,67.115,66.037,66.278,83532447,0.0040586619994567,67.204,67.098,67.407,-1.377894172965877,0.1579778830963496,-0.4584093640126352,67.4282857142857,70.66796666666666,0.8533914135769641,3.3477006363430624,48581683.0,133525138.0,0.7194226680043176,2.389992635947176,0.9541563015720804,1.0163241818980266,0.988412497203788
630,AAPL,2012-12-27,66.348,66.697,65.2,66.547,125717789,-0.0106390971794371,66.278,67.204,67.098,0.4058661999456703,-1.377894172965877,0.1579778830963496,67.35900000000001,70.54809999999999,0.908816079672687,3.430500228427104,83532447.0,121545135.85714284,0.5050174335249631,2.3920572785319623,0.9547953807402328,1.0229601226993863,1.0029993368300476
631,AAPL,2012-12-28,65.928,66.469,65.649,65.839,97870604,0.0442746700284026,66.547,66.278,67.204,-1.0639097179437118,0.4058661999456703,-1.377894172965877,66.91057142857143,70.43056666666666,0.7345408672899907,3.5313526634039776,125717789.0,110842499.85714284,-0.2215055261590705,2.3914442757433068,0.9500217674698735,1.0124906700787522,0.998650042470574
632,AAPL,2012-12-31,65.903,69.172,65.764,68.754,182167904,0.0317217907321756,65.839,66.547,66.278,4.4274670028402685,-1.0639097179437118,0.4058661999456703,67.01814285714285,70.4587,0.9456474728259032,3.5138983769376866,97870604.0,119133708.0,0.8613137812044156,2.502016961464796,0.9511691651583531,1.051821665348823,1.0432605495956178
633,AAPL,2013-01-02,71.553,71.705,69.978,70.935,154865509,-0.0126312821597237,68.754,65.839,66.547,3.1721790732175625,4.4274670028402685,-1.0639097179437118,67.52214285714285,70.55063333333332,1.7690837014856435,3.488128274722215,182167904.0,122512880.85714284,-0.1498748923410788,2.5649968394184555,0.9570735182222724,1.0246791848866788,0.9913630455746092
634,AAPL,2013-01-03,70.745,71.017,69.896,70.039,97488400,-0.0278559088507832,70.935,68.754,65.839,-1.2631282159723756,3.1721790732175625,4.4274670028402685,67.94228571428572,70.44893333333333,1.987333868469766,3.4558657075330315,154865509.0,112889190.85714284,-0.3704963704991277,2.203823247334638,0.9644189414879109,1.0160381137690282,0.9900204961481376
635,AAPL,2013-01-04,69.375,69.591,67.936,68.088,164191192,-0.0058600634473034,70.039,70.935,68.754,-2.785590885078326,-1.2631282159723756,3.1721790732175625,68.06857142857143,70.30286666666667,1.960506129987716,3.460099946067836,97488400.0,129404835.0,0.684212603755934,2.253766238304207,0.968219002381668,1.0243611634479508,0.9814486486486486
636,AAPL,2013-01-07,67.446,68.386,66.566,67.689,133721724,0.0026887677466058,68.088,70.039,70.935,-0.5860063447303498,-2.785590885078326,-1.2631282159723756,68.27014285714286,70.14020000000001,1.8126875469485408,3.464597218963873,164191192.0,136574731.7142857,-0.1855730970026698,2.254094463005781,0.9733382975403956,1.0273412853408646,1.0036028823058447
637,AAPL,2013-01-08,68.375,68.721,67.346,67.871,126651168,-0.0156620647993986,67.689,68.088,70.039,0.2688767746605869,-0.5860063447303498,-2.785590885078326,68.45928571428571,69.94133333333333,1.6660674970622056,3.4159669841464573,133721724.0,136708071.57142857,-0.0528751483939886,2.22587804165614,0.9788101320290202,1.0204169512665937,0.9926288848263254
638,AAPL,2013-01-09,67.533,67.83,66.664,66.808,112611881,0.0123937253023589,67.871,67.689,68.088,-1.566206479939869,0.2688767746605869,-0.5860063447303498,68.59771428571428,69.6294,1.4365117141071808,3.251250757731892,126651168.0,138813968.2857143,-0.1108500396932778,2.1417235978938773,0.9851831882181128,1.017490699627985,0.9892645077221508
639,AAPL,2013-01-10,68.287,68.31,66.607,67.636,166038770,-0.0061210006505411,66.808,67.871,67.689,1.2393725302358938,-1.566206479939869,0.2688767746605869,68.438,69.36550000000001,1.4777970090662695,3.0701208754138976,112611881.0,136509806.2857143,0.4744338565839248,2.161279388128392,0.9866287996194072,1.0255678832555135,0.9904667066938068
640,AAPL,2013-01-11,67.331,67.872,67.057,67.222,96900287,-0.0356282169527832,67.636,66.808,67.871,-0.6121000650541109,1.2393725302358938,-1.566206479939869,67.90757142857142,69.09576666666666,1.0309760516387902,2.879001750886271,166038770.0,128229060.28571428,-0.4163996336518272,2.1618160713678103,0.9828036463676948,1.0121538392710678,0.9983811320194262
641,AAPL,2013-01-14,64.945,65.568,64.407,64.827,202815867,-0.0315609236892036,67.222,67.636,66.808,-3.5628216952783287,-0.6121000650541109,1.2393725302358938,67.163,68.71849999999999,1.113829430390905,2.656362923765431,96900287.0,143275841.2857143,1.0930368039054414,2.220311655412107,0.9773641741306928,1.018025990963715,0.9981830779890678
642,AAPL,2013-01-15,64.382,64.47,62.452,62.781,242045402,0.0414456603112405,64.827,67.222,67.636,-3.15609236892036,-3.5628216952783287,-0.6121000650541109,66.40485714285714,68.29056666666666,1.9046666750016696,2.5378164206763385,202815867.0,154397871.2857143,0.1934243882407877,2.2722131028037027,0.9723869691547024,1.0323128162428743,0.9751328010934732
643,AAPL,2013-01-16,63.907,65.82,63.63,65.383,190827569,-0.0066989890338468,62.781,64.827,67.222,4.144566031124053,-3.15609236892036,-3.5628216952783287,66.07542857142856,67.94553333333333,1.8440009813046008,2.1675717978529705,242045402.0,162555849.14285713,-0.2116042386130516,2.428882406309444,0.9724764135306696,1.0344177274870343,1.0230960614643154
644,AAPL,2013-01-17,65.931,65.99,64.862,64.945,125178052,-0.0052967895911925,65.383,62.781,64.827,-0.6698989033846803,4.144566031124053,-3.15609236892036,65.65742857142857,67.63033333333334,1.694735068494656,1.8625369856691385,190827569.0,162345404.0,-0.344025327912656,2.416886417373204,0.9708281082664372,1.0173907680922574,0.98504497125783
645,AAPL,2013-01-18,64.407,64.887,64.133,64.601,130744810,0.0095199764709523,64.945,65.383,62.781,-0.5296789591192508,-0.6698989033846803,4.144566031124053,65.34214285714286,67.46326666666667,1.649704663324634,1.9029091328313763,125178052.0,164935822.42857143,0.0444707191960456,2.134341080826829,0.9685588333573558,1.0117568178628789,1.0030120949586223
646,AAPL,2013-01-22,65.188,65.617,64.165,65.216,127334286,0.0183237242394505,64.601,64.945,65.383,0.9519976470952374,-0.5296789591192508,-0.6698989033846803,64.99642857142857,67.28036666666667,1.3068190205171704,1.8435497521094224,130744810.0,159406610.42857143,-0.0260853490092647,2.11945414009804,0.9660534237788324,1.0226291591989405,1.0004295269067924
647,AAPL,2013-01-23,65.739,66.537,65.216,66.411,237111514,-0.1235789251780579,65.216,64.601,64.945,1.83237242394505,0.9519976470952374,-0.5296789591192508,64.88057142857143,67.19756666666666,1.0954861716997786,1.8242114722255367,127334286.0,179436785.7142857,0.8621183771352832,2.105966167013908,0.9655196556507964,1.02025576545633,1.0102222425044494
648,AAPL,2013-01-24,59.431,60.171,58.17,58.204,403617999,-0.0235379011751769,66.411,65.216,64.601,-12.35789251780579,1.83237242394505,0.9519976470952374,63.93442857142857,66.85596666666667,2.754026498126923,2.437597736088843,237111514.0,208122804.57142857,0.7022285935890908,3.073699405616096,0.9563010118482852,1.0343991748323875,0.979354209082802
649,AAPL,2013-01-25,58.359,58.944,56.203,56.834,333813084,0.0226273005595241,58.204,66.411,65.216,-2.353790117517696,-12.35789251780579,1.83237242394505,63.08485714285714,66.41883333333332,3.8631001983978166,2.9795925326991384,403617999.0,221232473.42857143,-0.1729479735119543,3.0490051645097704,0.949803752593122,1.0487696386313898,0.9738686406552546
650,AAPL,2013-01-28,56.566,58.556,56.313,58.12,216935263,0.0187198898830007,56.834,58.204,66.411,2.262730055952411,-2.353790117517696,-12.35789251780579,62.047285714285714,66.03486666666667,4.11042827104822,3.277611764403745,333813084.0,224962144.0,-0.3501295383616539,3.0947917152183866,0.939614007664926,1.0398309448972705,1.0274723332036912
651,AAPL,2013-01-29,59.238,59.458,58.413,59.208,157788647,-0.0031414673692744,58.12,56.834,58.204,1.871988988300077,2.262730055952411,-2.353790117517696,61.227714285714285,65.72726666666667,4.007007142257043,3.4717657331312,216935263.0,229620800.42857143,-0.2726463885219067,3.117365181204786,0.9315420736454524,1.0178898532860836,0.999493568317634
652,AAPL,2013-01-30,59.044,59.766,58.721,59.022,115265298,-0.0029819389380231,59.208,58.12,56.834,-0.3141467369274453,1.871988988300077,2.262730055952411,60.43071428571428,65.49926666666667,3.772185339839334,3.680912976453908,157788647.0,227409441.57142857,-0.2694956184014937,3.0533187019361216,0.9226166545230676,1.0177960184601762,0.9996273965178512
653,AAPL,2013-01-31,59.041,59.339,58.783,58.846,88226409,-0.0040614485266627,59.022,59.208,58.12,-0.2981938938023121,-0.3141467369274453,1.871988988300077,59.52071428571429,65.2264,3.140911582873982,3.862317908663536,115265298.0,221822602.0,-0.2345796130245548,3.027638002132216,0.9125249022744516,1.0094585169181565,0.9966972104131028
654,AAPL,2013-02-01,59.317,59.365,57.926,58.607,149077967,-0.0248946371593836,58.846,59.022,59.208,-0.4061448526662792,-0.2981938938023121,-0.3141467369274453,58.40585714285714,64.8807,0.8010872671107266,3.97736781916915,88226409.0,209246381.0,0.6897204441359504,2.9632369179137887,0.9002038686829387,1.0248420398439388,0.9880304128664632
655,AAPL,2013-02-04,58.644,58.907,57.107,57.148,131820063,0.0350493455588996,58.607,58.846,59.022,-2.489463715938367,-0.4061448526662792,-0.2981938938023121,58.255,64.51893333333334,0.9338627665078832,4.172555290295327,149077967.0,170418104.42857143,-0.1157642832625963,2.9811372681939274,0.9029132533705868,1.03151977866111,0.9744901439192416
656,AAPL,2013-02-05,57.37,59.398,57.135,59.151,158410285,-0.0010312589812513,57.148,58.607,58.846,3.5049345558899603,-2.489463715938367,-0.4061448526662792,58.586,64.24373333333332,0.7358946935555138,4.247100592601375,131820063.0,145360561.7142857,0.2017160468205814,3.0697522672971216,0.9119333040005978,1.0396079460925878,1.031044099703678
657,AAPL,2013-02-06,58.975,60.271,58.473,59.09,163969146,0.0297004569301064,59.151,57.148,58.607,-0.1031258981251337,3.5049345558899603,-2.489463715938367,58.72457142857143,63.9768,0.724763376823185,4.312670053818192,158410285.0,137793973.57142857,0.0350915409311964,3.070152713194079,0.9179041688326304,1.0307492346895148,1.0019499788045785
658,AAPL,2013-02-07,60.203,61.076,59.014,60.845,193075926,0.0144629797025228,59.09,59.151,57.148,2.970045693010648,-0.1031258981251337,3.5049345558899603,58.95842857142857,63.76483333333333,1.082541894055005,4.304848998779818,163969146.0,142835013.42857143,0.1775137622537841,3.1293496424753706,0.924622954210841,1.0349408614904938,1.0106639204026375
659,AAPL,2013-02-08,61.597,62.222,60.849,61.725,173919690,0.0104333738355608,60.845,59.09,59.151,1.446297970252286,2.970045693010648,-0.1031258981251337,59.34457142857144,63.61306666666667,1.507620294498679,4.293435012003278,193075926.0,151214212.2857143,-0.0992160773062924,3.1376970270842373,0.9328990809315608,1.0225640519975678,1.0020780232803546
660,AAPL,2013-02-11,61.921,63.017,61.501,62.369,142116427,-0.0250925940771857,61.725,60.845,59.09,1.0433373835560866,1.446297970252286,2.970045693010648,59.84785714285714,63.4738,1.860243391654413,4.2626356700015,173919690.0,158912786.2857143,-0.1828617737301624,3.144004880968788,0.9428749679845408,1.0246500056909644,1.0072350252741396
661,AAPL,2013-02-12,62.313,62.688,60.784,60.804,167111380,-0.0018913229392802,62.369,61.725,60.845,-2.509259407718578,1.0433373835560866,1.446297970252286,60.16171428571429,63.30596666666667,1.8003690097955125,4.265420070539083,142116427.0,161488988.14285713,0.175876593069709,3.1692108621594346,0.9503324481638796,1.0313240326401685,0.9757835443647392
662,AAPL,2013-02-13,60.716,61.548,60.198,60.689,130528184,-0.0009062597834862,60.804,62.369,61.725,-0.1891322939280293,-2.509259407718578,1.0433373835560866,60.66757142857143,63.03713333333333,1.2146527428520044,4.163137698761269,167111380.0,161304434.0,-0.2189150493521147,3.045730345942791,0.9624100624590284,1.022425994219077,0.999555306673694
663,AAPL,2013-02-14,60.365,61.289,60.301,60.634,97666569,-0.0137876438961638,60.689,60.804,62.369,-0.090625978348624,-0.1891322939280293,-2.509259407718578,60.87942857142857,62.69376666666666,1.0197419374779475,3.906146709493721,130528184.0,152626760.2857143,-0.2517587695849657,2.9723209765506136,0.971060311228632,1.0163844712359662,1.0044562246334796
664,AAPL,2013-02-15,60.927,61.098,59.766,59.798,107675202,-0.000367905281113,60.634,60.689,60.804,-1.3787643896163826,-0.090625978348624,-0.1891322939280293,60.98057142857143,62.3524,0.8301672235467394,3.683226458531193,97666569.0,144584768.2857143,0.1024775734673346,2.9734504987601325,0.9779987847872966,1.0222869189840378,0.9814696275871124
665,AAPL,2013-02-19,59.921,60.133,58.98,59.776,119714613,-0.024207039614561,59.798,60.634,60.689,-0.0367905281113078,-1.3787643896163826,-0.090625978348624,60.82785714285715,62.07533333333333,0.9490720781518416,3.5470060646952857,107675202.0,134104580.71428572,0.1118122908188274,2.942165269714069,0.9799038342045228,1.0195489996609022,0.9975801471938052
666,AAPL,2013-02-20,59.479,59.479,58.322,58.329,130823949,-0.0062233194465874,59.776,59.798,60.634,-2.420703961456105,-0.0367905281113078,-1.3787643896163826,60.34271428571429,61.76333333333333,1.2380295788464692,3.446426178274455,119714613.0,127948046.28571428,0.0927984957024419,2.96537560116673,0.9769989900002314,1.019838139981482,0.980665444946956
667,AAPL,2013-02-21,57.958,58.37,57.544,57.966,122781947,0.0106614222130214,58.329,59.776,59.798,-0.6223319446587494,-2.420703961456105,-0.0367905281113078,59.71371428571429,61.43316666666667,1.1525156129522098,3.31300257692463,130823949.0,125185977.71428572,-0.0614719404319464,2.96238526165619,0.972011008478823,1.014354233282358,1.0001380309879568
668,AAPL,2013-02-22,58.381,58.685,58.036,58.584,90807897,-0.0178034958350403,57.966,58.329,59.776,1.0661422213021463,-0.6223319446587494,-2.420703961456105,59.39657142857143,61.15903333333333,1.107040176499587,3.1909248522395908,122781947.0,114285480.14285716,-0.2604132837215881,2.968081457777433,0.9711823125922217,1.0111827141774072,1.003477158664634
669,AAPL,2013-02-25,58.98,59.142,57.512,57.541,102261994,0.0139900245042665,58.584,57.966,58.329,-1.7803495835040373,1.0661422213021463,-0.6223319446587494,58.94685714285715,60.82253333333334,1.133600521727257,3.0115876295687083,90807897.0,110247453.0,0.1261354725569736,2.962038298253137,0.9691614918405866,1.0283419112533037,0.9756018989487962
670,AAPL,2013-02-26,57.678,58.678,56.874,58.346,137689988,-0.0098378637781509,57.541,58.584,57.966,1.3990024504266565,-1.7803495835040373,1.0661422213021463,58.620000000000005,60.52666666666667,0.8638122867091811,2.788981229561633,102261994.0,115965084.28571428,0.3464434108335497,2.981938214160708,0.9684987333406764,1.031719239019587,1.011581538888311
671,AAPL,2013-02-27,58.274,58.795,57.262,57.772,161369210,-0.007131482379007,58.346,57.541,58.584,-0.983786377815099,1.3990024504266565,-1.7803495835040373,58.33057142857143,60.2915,0.7328105387597029,2.710199722249135,137689988.0,123635656.85714284,0.1719749006006159,2.925015458959689,0.9674758702067692,1.0267716810450211,0.991385523561108
672,AAPL,2013-02-28,57.705,58.201,57.36,57.36,88603115,-0.0247210599721059,57.772,58.346,57.541,-0.713148237900707,-0.983786377815099,1.3990024504266565,57.98542857142856,60.1108,0.4547797478456241,2.719196133747918,161369210.0,119191157.14285716,-0.4509292386075385,2.877529773351589,0.9646424364910892,1.0146617852161786,0.9940213153106316
673,AAPL,2013-03-01,56.919,56.944,55.878,55.942,151714021,-0.0242572664545421,57.36,57.772,58.346,-2.472105997210594,-0.713148237900707,-0.983786377815099,57.64442857142857,59.7961,0.8645364571359094,2.632938038349859,88603115.0,122175453.14285716,0.7122876661841968,2.7803459846184717,0.964016525683591,1.0190772754930384,0.9828352571197668
674,AAPL,2013-03-04,55.593,55.645,54.452,54.585,159925050,0.026417513969039,55.942,57.36,57.772,-2.425726645454218,-2.472105997210594,-0.713148237900707,57.16142857142857,59.45076666666667,1.4205756881338598,2.6136594596964704,151714021.0,127481610.71428572,0.0541217545081083,2.802891801907113,0.9614918658984812,1.0219092044369351,0.9818682208191678
675,AAPL,2013-03-05,54.772,56.554,54.677,56.027,175360752,-0.0127260071037178,54.585,55.942,57.36,2.641751396903902,-2.425726645454218,-2.472105997210594,56.79614285714285,59.16496666666667,1.3189260060846557,2.497254236753832,159925050.0,139560590.0,0.0965183503147255,2.8623745945532244,0.9599623908711098,1.0343288768586427,1.0229131673117653
676,AAPL,2013-03-06,56.465,56.563,55.157,55.314,126449262,0.0115703076978703,56.027,54.585,55.942,-1.2726007103717851,2.641751396903902,-2.425726645454218,56.478,58.8349,1.3766399916714591,2.3178371510132307,175360752.0,143015914.0,-0.278919253265976,2.8540921562932144,0.9599404435122691,1.0254908715122288,0.979615691136102
677,AAPL,2013-03-07,55.167,56.141,54.718,55.954,128660807,0.0026629016692283,55.314,56.027,54.585,1.1570307697870374,-1.2726007103717851,2.641751396903902,56.136285714285705,58.48633333333334,1.1059383217119358,1.885114417697904,126449262.0,141726031.0,0.0174895840831399,2.8376284738607405,0.9598188587810093,1.0260060674732263,1.014265774829155
678,AAPL,2013-03-08,55.854,56.585,55.699,56.103,107598393,0.0142060139386483,55.954,55.314,56.027,0.2662901669228334,1.1570307697870374,-1.2726007103717851,55.89785714285714,58.4163,0.8432286025704172,1.934348863980492,128660807.0,134044485.71428572,-0.1637049734967075,1.7508284431533376,0.95688801144299,1.0159069283111009,1.0044580513481578
679,AAPL,2013-03-11,55.842,57.049,55.248,56.9,130331904,-0.0215114235500878,56.103,55.954,55.314,1.42060139386484,0.2662901669228334,1.1570307697870374,55.83214285714286,58.4185,0.7190742726076181,1.93252387681994,107598393.0,140005741.2857143,0.211281138743401,1.719186183043558,0.9557270874319412,1.0325984651028093,1.0189463128111458
680,AAPL,2013-03-12,56.609,57.031,55.564,55.676,128044372,-0.0001796106042101,56.9,56.103,55.954,-2.151142355008784,1.42060139386484,0.2662901669228334,55.79414285714286,58.33703333333333,0.7193296482555817,1.9960124642565915,130331904.0,136624362.85714287,-0.0175515889033586,1.709310139083246,0.9564103566655404,1.0264019868979914,0.9835185217898216
681,AAPL,2013-03-13,55.679,56.464,55.276,55.666,111528781,0.0097007149786225,55.676,56.9,56.103,-0.0179610604210123,-2.151142355008784,1.42060139386484,55.94857142857143,58.21896666666667,0.4986761999367393,2.0468272417250226,128044372.0,129710610.14285716,-0.128983341805917,1.6673309997519694,0.9610024813546688,1.0214921484912076,0.9997665187952368
682,AAPL,2013-03-14,56.247,56.481,55.939,56.206,83512928,0.0258157492082695,55.666,55.676,56.9,0.9700714978622572,-0.0179610604210123,-2.151142355008784,55.97414285714286,58.1251,0.5078728281038575,2.073131852851317,111528781.0,116589492.42857143,-0.2511984148737356,1.6805203393609254,0.9629943493799212,1.0096891256547311,0.9992710722349636
683,AAPL,2013-03-15,56.909,57.727,56.823,57.657,176977045,0.0271259344051892,56.206,55.666,55.676,2.5815749208269567,0.9700714978622572,-0.0179610604210123,56.30885714285714,58.08546666666666,0.725671282004661,2.0702381294527608,83512928.0,123807747.14285716,1.1191574674522249,1.7524247068569458,0.9694138719069798,1.0159090509124826,1.0131437909645222
684,AAPL,2013-03-18,57.366,59.448,57.336,59.221,166598826,-0.0027186302156329,57.657,56.206,55.666,2.712593440518929,2.5815749208269567,0.9700714978622572,56.77557142857143,58.10593333333333,1.290315834353566,2.078590071431561,176977045.0,129227464.14285716,-0.0586416108371569,1.821893873248864,0.9771045428849738,1.0368354960234407,1.0323362270334344
685,AAPL,2013-03-19,59.714,59.903,58.283,59.06,144771276,-0.0052488994243142,59.221,57.657,56.206,-0.27186302156329,2.712593440518929,2.5815749208269567,57.198,58.16966666666667,1.5003682881221825,2.0775176887629216,166598826.0,134537876.0,-0.1310186303473711,1.7591834581010282,0.9832959904646752,1.027795412041247,0.989047794487055
686,AAPL,2013-03-20,59.442,59.472,58.423,58.75,84828139,0.0014127659574467,59.06,59.221,57.657,-0.524889942431428,-0.27186302156329,2.712593440518929,57.46228571428571,58.1563,1.598832982135611,2.0722694896966054,144771276.0,128037338.14285716,-0.4140540765835344,1.6421341452018134,0.9880663954599194,1.0179552573472777,0.988358399784664
687,AAPL,2013-03-21,58.507,59.516,58.49,58.833,105328271,0.0202947325480598,58.75,59.06,59.221,0.1412765957446771,-0.524889942431428,-0.27186302156329,57.91328571428571,58.147733333333335,1.4492432179467845,2.0688048346024703,84828139.0,124792180.85714284,0.2416666479032387,1.6422606696658997,0.9959680695083392,1.017541460078646,1.0055719828396603
688,AAPL,2013-03-22,59.073,60.052,58.882,60.027,108585162,0.0035983807286721,58.833,58.75,59.06,2.02947325480598,0.1412765957446771,-0.524889942431428,58.53628571428572,58.120466666666665,1.2451524289947604,2.037178080907441,105328271.0,124371663.85714284,0.0309213373492098,1.5917768428257175,1.007154434082642,1.019870248972521,1.0161495099283937
689,AAPL,2013-03-25,60.386,61.069,60.009,60.243,137724822,-0.0052620221436515,60.027,58.833,58.75,0.3598380728672135,2.02947325480598,0.1412765957446771,59.113,58.07106666666666,0.8618656121092476,1.963389204363842,108585162.0,132116220.14285716,0.2683576601377635,1.5691620143976517,1.0179423832407648,1.0176640170641071,0.9976319014341072
690,AAPL,2013-03-26,60.484,60.537,59.846,59.926,80879706,-0.0196242031839268,60.243,60.027,58.833,-0.5262022143651568,0.3598380728672135,2.02947325480598,59.43714285714286,57.98963333333334,0.6140611882054843,1.8247496093376732,137724822.0,118388028.85714284,-0.4127441602356908,1.5569112610952005,1.0249615222687996,1.011546302175584,0.990774419681238
691,AAPL,2013-03-27,59.317,59.364,58.574,58.75,91080036,-0.0208851063829786,59.926,60.243,60.027,-1.962420318392688,-0.5262022143651568,0.3598380728672135,59.36985714285714,57.92116666666666,0.6653548999295914,1.752618633562082,80879706.0,107599630.28571428,0.1261172982008613,1.5309757259930403,1.0250114174068286,1.013487212756513,0.9904411888665982
692,AAPL,2013-03-28,58.456,58.715,57.389,57.523,121743329,-0.0309962971333206,58.75,59.926,60.243,-2.088510638297869,-1.962420318392688,-0.5262022143651568,59.15028571428572,57.81563333333334,0.9689832668481416,1.673752824071799,91080036.0,104309923.57142857,0.3366631629350696,1.5733411874148404,1.023084627876642,1.0231054731743017,0.984039277405228
693,AAPL,2013-04-01,57.459,57.663,55.584,55.74,107028495,0.0020093290276281,57.523,58.75,59.926,-3.099629713332064,-2.088510638297869,-1.962420318392688,58.72028571428571,57.6525,1.6232216642934516,1.6274445326624525,121743329.0,107481403.0,-0.1208676822037616,1.6617658530053263,1.0185210652493075,1.0374028497409324,0.9700830157155536
694,AAPL,2013-04-02,55.568,56.939,55.413,55.852,145557726,0.0051206760724773,55.74,57.523,58.75,0.2009329027628181,-3.099629713332064,-2.088510638297869,58.294428571428575,57.52096666666667,1.947390121603073,1.6073998597709738,107028495.0,113228468.0,0.35999040255588,1.6503036178092307,1.0134466082471127,1.027538664212369,1.0051108551684422
695,AAPL,2013-04-03,56.057,56.827,55.92,56.138,99768431,-0.0099041647368982,55.852,55.74,57.523,0.5120676072477348,0.2009329027628181,-3.099629713332064,57.738857142857135,57.3997,1.9253455472182932,1.5681589062237111,145557726.0,111968935.0,-0.3145782519300968,1.6553718147728045,1.0059086919070506,1.016219599427754,1.0014449578107996
696,AAPL,2013-04-04,56.368,56.529,55.262,55.582,98519648,-0.010560972976863,56.138,55.852,55.74,-0.9904164736898258,0.5120676072477348,0.2009329027628181,57.07299999999999,57.30813333333334,1.7087750973536664,1.5920432487038314,99768431.0,106368195.85714284,-0.0125168150634743,1.6090317895885584,0.995897033812536,1.0229271470449857,0.9860559182514902
697,AAPL,2013-04-05,55.167,55.221,54.537,54.995,105265358,0.0071642876625148,55.582,56.138,55.852,-1.0560972976863092,-0.9904164736898258,0.5120676072477348,56.36857142857143,57.2091,1.3053997928030228,1.6413516160721078,98519648.0,109851860.42857143,0.0684707074877084,1.6153761759735288,0.98530778195377,1.01254194400132,0.9968821940652924
698,AAPL,2013-04-08,55.211,55.555,54.905,55.389,82705260,0.0017873585007852,54.995,55.582,56.138,0.7164287662514868,-1.0560972976863092,-0.9904164736898258,55.88842857142857,57.1026,0.806123410144756,1.6526798008489825,105265358.0,108655463.85714284,-0.2143164515718456,1.6074456952159415,0.9787370202307524,1.0118386303615334,1.0032239952183442
699,AAPL,2013-04-09,55.407,55.685,54.939,55.488,84281124,0.0204188292964244,55.389,54.995,55.582,0.1787358500785263,0.7164287662514868,-1.0560972976863092,55.59771428571429,57.03416666666666,0.3642172951654487,1.6762376813459685,82705260.0,103303720.28571428,0.0190539755270704,1.579499397099648,0.9748141778006918,1.0135786963723403,1.0014619091450538
700,AAPL,2013-04-10,55.645,56.797,55.363,56.621,103269685,-0.0031613712226912,55.488,55.389,54.995,2.0418829296424468,0.1787358500785263,0.7164287662514868,55.72357142857143,56.97666666666667,0.5341525553466691,1.659185744071356,84281124.0,102766747.42857143,0.2253002819468805,1.6048217371342015,0.9780068699801924,1.0259017755540705,1.0175397609848145
701,AAPL,2013-04-11,56.364,56.918,56.035,56.442,90264574,-0.0104177739980865,56.621,55.488,55.389,-0.3161371222691223,2.0418829296424468,0.1787358500785263,55.80785714285714,56.93233333333333,0.6002542318547904,1.654965075853606,103269685.0,94867725.71428572,-0.1259334818344802,1.5965724161987478,0.9802489003236088,1.015758008387615,1.0013838620395998
702,AAPL,2013-04-12,56.42,56.42,55.761,55.854,65581532,-0.0231675439538796,56.442,56.621,55.488,-1.041777399808652,-0.3161371222691223,2.0418829296424468,55.76728571428571,56.882133333333336,0.5835871012662446,1.6643594135485098,90264574.0,89983883.0,-0.2734521518929452,1.6022879878240806,0.9804007417845154,1.011818295941608,0.9899680964197092
703,AAPL,2013-04-15,55.491,55.605,54.521,54.56,87163362,0.0152492668621702,55.854,56.442,56.621,-2.316754395387965,-1.041777399808652,-0.3161371222691223,55.62128571428572,56.83606666666667,0.7435768766112717,1.7097838527091005,65581532.0,88361556.42857143,0.3290839561356999,1.594509985350657,0.9786265830198028,1.019882247207498,0.9832225045502876
704,AAPL,2013-04-16,54.783,55.438,54.656,55.392,83893729,-0.0549898902368574,54.56,55.854,56.442,1.5249266862170208,-2.316754395387965,-1.041777399808652,55.678,56.86296666666667,0.7018145529048827,1.679221730307377,87163362.0,85308466.57142857,-0.0375115521588073,1.5560095491811123,0.9791610122346764,1.0143076697892273,1.011116587262472
705,AAPL,2013-04-17,54.616,54.661,51.735,52.346,259637011,-0.0267451190157795,55.392,54.56,55.854,-5.498989023685741,1.5249266862170208,-2.316754395387965,55.24328571428571,56.74026666666667,1.4520749193588118,1.8664577539078389,83893729.0,110584431.0,2.0948321655841524,1.783565016521471,0.9736169559939628,1.0565574562675173,0.9584370880328108
706,AAPL,2013-04-18,52.624,52.732,50.648,50.946,183049763,-0.0038668393985787,52.346,55.392,54.56,-2.6745119015779584,-5.498989023685741,1.5249266862170208,54.59442857142857,56.59466666666666,2.164516871201629,2.1329078472952627,259637011.0,124694236.57142857,-0.2949781608755309,1.8301044127816275,0.9646567739850972,1.0411467382719948,0.9681134083307996
707,AAPL,2013-04-19,50.417,51.929,50.043,50.749,167392732,0.0209068158978502,50.946,52.346,55.392,-0.3866839398578792,-2.6745119015779584,-5.498989023685741,53.75557142857144,56.42116666666666,2.375758114591983,2.383766059501854,183049763.0,133854671.85714284,-0.0855342871981756,1.8105598777071183,0.952755403768174,1.037687588673741,1.0065850804292202
708,AAPL,2013-04-22,51.071,52.267,50.847,51.81,118083211,0.0186836518046709,50.749,50.946,52.346,2.090681589785026,-0.3866839398578792,-2.6745119015779584,53.093857142857146,56.27806666666666,2.135753140274498,2.5280166538800817,167392732.0,137828762.85714287,-0.2945738468501726,1.8604960585430712,0.9434200619813488,1.0279269180089288,1.0144700514969358
709,AAPL,2013-04-23,52.501,53.069,51.827,52.778,181573630,-0.0016673614005835,51.81,50.749,50.946,1.8683651804670909,2.090681589785026,-0.3866839398578792,52.65442857142857,56.14066666666667,1.755863686541784,2.6039259528282037,118083211.0,154399062.57142857,0.5376752415718098,1.8760752909650968,0.937901733231322,1.0239643429100662,1.0052760899792386
710,AAPL,2013-04-24,51.142,53.961,51.005,52.69,266505649,0.0071930157525148,52.778,51.81,50.749,-0.1667361400583544,1.8683651804670909,2.090681589785026,52.38728571428571,56.04113333333334,1.5475167973553643,2.6783065897133413,181573630.0,180019389.2857143,0.4677552516849501,1.840770403029192,0.9348006115915876,1.057955102440937,1.0302686637206209
711,AAPL,2013-04-25,53.439,53.793,52.891,53.069,105544301,0.0216133712713637,52.69,52.778,51.81,0.7193015752514853,-0.1667361400583544,1.8683651804670909,52.05542857142857,55.954566666666665,0.9160032491114058,2.732275150016639,266505649.0,183112328.14285716,-0.6039697417445737,1.847737385288167,0.9303159987197096,1.0170539411241988,0.9930762177435956
712,AAPL,2013-04-26,53.255,54.42,53.051,54.216,210008006,0.0309687177217057,53.069,52.69,52.778,2.161337127136376,0.7193015752514853,-0.1667361400583544,52.32257142857144,55.88823333333333,1.2327781440237748,2.750058866871854,105544301.0,176022470.2857143,0.9897616831059406,1.8848972776126904,0.9362001320833444,1.0258053571091967,1.0180452539667637
713,AAPL,2013-04-29,54.653,56.35,54.578,55.895,175893584,0.0293944002146882,54.216,53.069,52.69,3.096871772170573,2.161337127136376,0.7193015752514853,53.02957142857143,55.82950000000001,1.657649224770679,2.7297209122210315,210008006.0,175000159.0,-0.162443435608831,1.912350175715386,0.9498485823546946,1.0324672945142732,1.022725193493495
714,AAPL,2013-04-30,56.543,57.862,56.147,57.538,189945171,-0.007838298168167,55.895,54.216,53.069,2.93944002146882,3.096871772170573,2.161337127136376,53.99942857142857,55.77340000000001,2.042358428969561,2.674349390424723,175893584.0,178221936.0,0.079886865003558,1.924207507171218,0.9681932349727388,1.0305448198478993,1.01759722688927
715,AAPL,2013-05-01,57.756,57.82,56.451,57.087,139335780,0.0141888696200536,57.538,55.895,54.216,-0.7838298168167057,2.93944002146882,3.096871772170573,54.75328571428571,55.70763333333333,2.0731925231626347,2.6143255408096078,189945171.0,181258017.2857143,-0.2664421039690449,1.928252158478128,0.982868638246806,1.0242511204407363,0.9884167878661958
716,AAPL,2013-05-02,57.411,58.295,57.259,57.897,115954547,0.0099832461094702,57.087,57.538,55.895,1.4188869620053612,-0.7838298168167057,2.93944002146882,55.48457142857143,55.6792,2.161268829272126,2.5845650657908483,139335780.0,171883862.57142857,-0.1678049457217665,1.9458878293529225,0.9965044653761446,1.0180932255191324,1.0084652766891362
717,AAPL,2013-05-03,58.647,58.897,58.368,58.475,99336255,0.0238563488670371,57.897,57.087,57.538,0.9983246109470212,1.4188869620053612,-0.7838298168167057,56.311,55.66726666666667,2.0157150096187992,2.5702884036926728,115954547.0,148002520.57142857,-0.1433172948362258,1.9547643538443715,1.01156394721494,1.0090631853070176,0.9970671986631884
718,AAPL,2013-05-06,59.22,60.064,59.039,59.87,136422129,-0.0044429597461165,58.475,57.897,57.087,2.3856348867037136,0.9983246109470212,1.4188869620053612,57.28257142857143,55.66203333333333,1.8224023391438573,2.561249445677756,99336255.0,152413638.85714287,0.373336743971272,1.9685587777026248,1.0291138860403009,1.017361405172852,1.0109760216143195
719,AAPL,2013-05-07,60.425,60.527,58.958,59.604,132861539,0.0112911885108382,59.87,58.475,57.897,-0.4442959746116526,2.3856348867037136,0.9983246109470212,58.05228571428571,55.64073333333334,1.4002887457347692,2.5242287853749787,136422129.0,141392715.0,-0.0260997979294107,1.9691079360859949,1.0433414916820958,1.0266121645917434,0.986412908564336
720,AAPL,2013-05-08,59.653,60.476,59.234,60.277,129824587,-0.0087263798795561,59.604,59.87,58.475,1.1291188510838213,-0.4442959746116526,2.3856348867037136,58.678285714285714,55.65243333333333,1.2461401358187032,2.5455000820687856,132861539.0,134811429.7142857,-0.0228580221398759,1.97751120497471,1.0543705315242708,1.020967687476787,1.0104604965383133
721,AAPL,2013-05-09,60.149,60.565,59.596,59.751,108809587,-0.0083011162993087,60.277,59.604,59.87,-0.8726379879556156,1.1291188510838213,-0.4442959746116526,58.99442857142857,55.68579999999999,1.1879977352885414,2.5936093795691764,129824587.0,123220632.0,-0.1618722653822114,1.949295061432639,1.0594160193699036,1.016259480502047,0.9933830986383811
722,AAPL,2013-05-10,59.908,60.136,58.929,59.255,91374242,0.0039321576238291,59.751,60.277,59.604,-0.8301116299308742,-0.8726379879556156,1.1291188510838213,59.30414285714286,55.74353333333333,0.8392640483544468,2.6544781256466106,108809587.0,116368983.71428572,-0.1602372132889357,1.9143630481698164,1.0638748445047053,1.020482275280422,0.989099953261668
723,AAPL,2013-05-13,59.062,59.9,59.06,59.488,86536358,-0.0239376008606777,59.255,59.751,60.277,0.3932157623829146,-0.8301116299308742,-0.8726379879556156,59.53142857142858,55.86846666666667,0.5654387255787787,2.7410930205161894,91374242.0,112166385.28571428,-0.0529458181442424,1.8156696679865691,1.0655640314350594,1.014222824246529,1.0072127594730962
724,AAPL,2013-05-14,59.371,59.545,57.838,58.064,122016276,-0.0338591898594654,59.488,59.255,59.751,-2.3937600860677755,0.3932157623829146,-0.8301116299308742,59.47271428571428,55.94219999999999,0.6989872946616599,2.770230507027368,86536358.0,115406388.28571428,0.410000129656485,1.877991413868758,1.063110036532605,1.0295134686538263,0.9779858853649088
725,AAPL,2013-05-15,57.449,57.69,55.249,56.098,202406194,0.0133872865342792,58.064,59.488,59.255,-3.385918985946545,-2.3937600860677755,0.3932157623829146,58.93385714285714,55.94086666666667,1.421840993053329,2.7701426420795383,122016276.0,124832683.28571428,0.6588458575805083,1.9837139705085167,1.0535027548647882,1.0441817951456134,0.9764834897039112
726,AAPL,2013-05-16,55.367,57.276,54.796,56.849,164727339,-0.0030783303136378,56.098,58.064,59.488,1.338728653427923,-3.385918985946545,-2.3937600860677755,58.54028571428571,55.9831,1.5781338889433765,2.774138130836614,202406194.0,129384940.42857143,-0.1861546539430507,1.9885067642392475,1.04567781552443,1.0452587780129938,1.026766846677624
727,AAPL,2013-05-17,57.435,57.568,56.382,56.674,116841489,0.0223382856336238,56.849,56.098,58.064,-0.30783303136378,1.338728653427923,-3.385918985946545,58.02557142857143,56.03906666666667,1.503072947570122,2.7704503671384844,164727339.0,127530212.14285716,-0.2906976479478006,1.978243889209763,1.0354485697222788,1.0210350821184069,0.986750239401062
728,AAPL,2013-05-20,56.497,58.316,56.261,57.94,123157148,-0.0073869520193302,56.674,56.849,56.098,2.233828563362384,-0.30783303136378,1.338728653427923,57.76685714285714,56.1241,1.2985284528495824,2.7888973392654104,116841489.0,129579863.71428572,0.0540532224816134,2.0131262541018224,1.0292700843818812,1.0365261904338707,1.0255411791776554
729,AAPL,2013-05-21,57.315,58.274,56.799,57.512,124551615,0.0038426763110306,57.94,56.674,56.849,-0.7386952019330262,2.233828563362384,-0.30783303136378,57.517857142857146,56.19156666666667,1.1205231558784805,2.797447071186179,123157148.0,134319488.42857143,0.0113226639512633,2.0199453236314806,1.0236030165177303,1.025968767055758,1.0034371455988833
730,AAPL,2013-05-22,58.088,58.649,57.324,57.733,120995087,0.0018013960819636,57.512,57.94,56.674,0.3842676311030635,-0.7386952019330262,2.233828563362384,57.26714285714286,56.22863333333333,0.7369139317856656,2.810669198549403,124551615.0,139242164.0,-0.0285546518204521,1.9885370585252795,1.0184694071729088,1.023114227897565,0.9938885828398292
731,AAPL,2013-05-23,57.026,58.365,57.007,57.837,96414361,0.0068468281549871,57.733,57.512,57.94,0.1801396081963613,0.3842676311030635,-0.7386952019330262,57.23471428571429,56.27513333333333,0.7000770705890631,2.825819560499562,120995087.0,135584747.57142857,-0.2031547446219861,1.9871561028070592,1.017051598024603,1.023821635939446,1.0142215831375163
732,AAPL,2013-05-24,57.672,58.298,57.603,58.233,75413013,-0.0084144728933764,57.837,57.733,57.512,0.6846828154987161,0.1801396081963613,0.3842676311030635,57.53971428571429,56.354433333333326,0.5764731026665234,2.846895849545101,96414361.0,117442864.57142857,-0.2178238571741403,1.9779070390088551,1.0210326123833078,1.0120653438188982,1.0097274240532668
733,AAPL,2013-05-28,58.85,59.012,57.672,57.743,105341929,0.0079836516980413,58.233,57.837,57.733,-0.841447289337649,0.6846828154987161,0.1801396081963613,57.66742857142857,56.46053333333334,0.4905761433087751,2.837009556378815,75413013.0,108959234.57142857,0.3968667317403165,1.9320582023508763,1.0213759092740045,1.0232348453322238,0.9811894647408668
734,AAPL,2013-05-29,57.557,58.54,57.478,58.204,90271911,0.0149130643941997,57.743,58.233,57.837,0.7983651698041383,-0.841447289337649,0.6846828154987161,57.886,56.55426666666666,0.2615925585131888,2.8469245830554457,105341929.0,105163580.57142857,-0.1430581169630945,1.9194862772646493,1.0235478843918644,1.018476634538432,1.0112410306305053
735,AAPL,2013-05-30,58.297,59.455,58.147,59.072,96536505,-0.0040966955579632,58.204,57.743,58.233,1.4913064394199704,0.7983651698041383,-0.841447289337649,58.047714285714285,56.77846666666666,0.5214088972179934,2.767831913040752,90271911.0,101360631.57142857,0.0693969356647385,1.6043430649161112,1.022354383511254,1.0224947116790204,1.013293994545174
736,AAPL,2013-05-31,59.193,59.794,58.801,58.83,104896197,0.002209756926738,59.072,58.204,57.743,-0.4096695557963214,1.4913064394199704,0.7983651698041383,58.236,57.041266666666665,0.5335453745179993,2.5615533936465256,96536505.0,98552714.71428572,0.0865961741623027,1.504042310459341,1.0209450701772635,1.0168874679002058,0.9938675181186964
737,AAPL,2013-06-03,58.961,59.174,57.885,58.96,101611562,-0.0031037991858887,58.83,59.072,58.204,0.2209756926738082,-0.4096695557963214,1.4913064394199704,58.41128571428571,57.31496666666667,0.5422354083773575,2.290359744116103,104896197.0,95783639.71428572,-0.031313194319142,1.4958746121273272,1.0191279714772414,1.0222682905761424,0.9999830396363698
738,AAPL,2013-06-04,59.286,59.445,58.525,58.777,81219730,-0.0093574017047485,58.96,58.83,59.072,-0.3103799185888767,0.2209756926738082,-0.4096695557963214,58.54557142857143,57.5472,0.4902090904745669,2.053941532927849,101611562.0,93612978.14285716,-0.200684170173469,1.472544758891799,1.0173487403135415,1.015719777872704,0.9914144992072328
739,AAPL,2013-06-05,58.297,58.96,58.042,58.227,79253126,-0.0149758703007195,58.777,58.96,58.83,-0.9357401704748524,-0.3103799185888767,0.2209756926738082,58.544714285714285,57.72883333333333,0.4908515438482267,1.8482866079301232,81219730.0,94161565.71428572,-0.0242133777100711,1.4672076465359492,1.014132988755722,1.015816133144964,0.9987992521055972
740,AAPL,2013-06-06,58.273,58.473,56.779,57.355,113844438,0.0076540842123615,58.227,58.777,58.96,-1.4975870300719565,-0.9357401704748524,-0.3103799185888767,58.489285714285714,57.88433333333333,0.6050866919416137,1.5875945876416415,79253126.0,95376209.85714284,0.436466215856268,1.502698936253889,1.0104510555121833,1.029834974198207,0.9842465635886258
741,AAPL,2013-06-07,57.099,57.98,56.612,57.794,110478249,-0.0065923798318164,57.355,58.227,58.777,0.7654084212361578,-1.4975870300719565,-0.9357401704748524,58.43071428571428,58.04183333333333,0.6550826192917716,1.302117349531306,113844438.0,98262829.57142857,-0.0295683219939124,1.5031723300563358,1.0067000115269895,1.0241644880943968,1.0121718418886496
742,AAPL,2013-06-10,58.175,58.747,57.139,57.413,122922550,-0.0030132548377543,57.794,57.355,58.227,-0.6592379831816486,0.7654084212361578,-1.4975870300719565,58.193714285714286,58.1484,0.6838751626562566,1.0920956633589654,110478249.0,102032264.57142857,0.1126402808936626,1.4703032146417587,1.000779286888621,1.0281418995782214,0.9869015900300816
743,AAPL,2013-06-11,57.001,57.919,56.683,57.24,78124569,-0.0122990915443745,57.413,57.794,57.355,-0.3013254837754386,-0.6592379831816486,0.7654084212361578,57.96657142857142,58.193233333333325,0.7011497360648362,1.0217394459443805,122922550.0,98207746.28571428,-0.3644407067702386,1.366815792818732,0.9961050127002984,1.0218054795970573,1.0041929088963353
744,AAPL,2013-06-12,57.492,57.72,56.447,56.536,72410954,0.0086847318522711,57.24,57.413,57.794,-1.2299091544374583,-0.3013254837754386,-0.6592379831816486,57.620285714285714,58.15983333333334,0.7268543444858853,1.059574055060497,78124569.0,94036230.85714284,-0.0731346754693775,1.2758613204351592,0.990723019855382,1.0225521285453611,0.9833715995268908
745,AAPL,2013-06-13,56.576,57.184,56.086,57.027,78073763,-0.01355498272748,56.536,57.24,57.413,0.8684731852271144,-1.2299091544374583,-0.3013254837754386,57.370285714285714,58.15783333333333,0.5395064764189177,1.0617233578019147,72410954.0,93586807.0,0.0782037618231075,1.278780020905523,0.9864584429317756,1.0195770780586957,1.0079715780542986
746,AAPL,2013-06-14,56.956,57.073,56.053,56.254,74231979,0.0045507874995556,57.027,56.536,57.24,-1.3554982727480014,0.8684731852271144,-1.2299091544374583,57.088428571428565,58.10306666666666,0.5326715239090747,1.116598959688763,78073763.0,92869500.28571428,-0.0492071068740468,1.2732689057470885,0.9825372712070602,1.0181970634934794,0.9876746962567596
747,AAPL,2013-06-17,56.439,56.995,56.297,56.51,70826350,-0.0005308794903556,56.254,57.027,56.536,0.4550787499555619,-1.3554982727480014,0.8684731852271144,56.96771428571429,58.03756666666666,0.5573672380916185,1.1511287319269188,74231979.0,86724059.14285715,-0.0458781922006955,1.2610906133862472,0.9815662088816202,1.012398529228911,1.00125799535782
748,AAPL,2013-06-18,56.453,56.888,56.276,56.48,53253269,-0.0202903682719545,56.51,56.254,57.027,-0.0530879490355684,0.4550787499555619,-1.3554982727480014,56.78,57.92456666666666,0.4420426073007796,1.131263489027023,70826350.0,78549062.0,-0.2481150165157458,1.1702587685708918,0.9802403931089688,1.0108749733456537,1.0004782739624112
749,AAPL,2013-06-19,56.433,56.465,55.334,55.334,84900606,-0.014566089565186,56.48,56.51,56.254,-2.029036827195452,-0.0530879490355684,0.4550787499555619,56.483,57.78223333333333,0.6117153477469838,1.1802356773201563,53253269.0,73117355.71428572,0.5942797051576307,1.2170826599760518,0.977515003169948,1.0204395127769543,0.980525579005192
750,AAPL,2013-06-20,54.851,55.726,54.31,54.528,97571131,-0.0079775528169012,55.334,56.48,56.51,-1.4566089565186011,-2.029036827195452,-0.0530879490355684,56.09557142857143,57.5906,0.8605660650893845,1.2269980917824348,84900606.0,75895436.0,0.1492395119064284,1.208287074140111,0.9740404063956865,1.0260725464923586,0.9941113197571604
751,AAPL,2013-06-21,54.743,54.941,53.384,54.093,131373254,-0.0265653596583662,54.528,55.334,56.48,-0.7977552816901268,-1.4566089565186011,-2.029036827195452,55.74657142857143,57.40200000000001,1.1110919339625738,1.315150233976092,97571131.0,84318621.71428572,0.3464356993053612,1.2071967379435484,0.9711607858362326,1.0291660422598532,0.988126335787224
752,AAPL,2013-06-24,53.292,53.458,52.068,52.656,131201439,0.0002278942570648,54.093,54.528,55.334,-2.656535965836626,-0.7977552816901268,-1.4566089565186011,55.122142857142855,57.18203333333334,1.4485572625407095,1.5290106218092483,131373254.0,91908289.71428572,-0.0013078385041752,1.277603919637808,0.9639766136999242,1.0266958592609663,0.9880657509569916
753,AAPL,2013-06-25,53.07,53.345,52.173,52.668,85798615,-0.0113541429330902,52.656,54.093,54.528,0.022789425706482,-2.656535965836626,-0.7977552816901268,54.609857142857145,56.9547,1.6069935105218511,1.6744214883612594,131201439.0,93560666.28571428,-0.3460543142365991,1.2716008076946892,0.9588296864500584,1.022463726448546,0.9924250989259468
754,AAPL,2013-06-26,52.837,52.952,51.758,52.07,100421751,-0.0107355483003648,52.668,52.656,54.093,-1.1354142933090228,0.022789425706482,-2.656535965836626,53.97557142857143,56.754900000000006,1.608242918752132,1.8822132853957845,85798615.0,97788580.71428572,0.1704355717163965,1.2233083378429752,0.9510292755087476,1.0230688975617297,0.9854836572856142
755,AAPL,2013-06-27,52.225,52.507,51.478,51.511,92086911,0.0128710372541787,52.07,52.668,52.656,-1.0735548300364828,-1.1354142933090228,0.022789425706482,53.26571428571429,56.602,1.4019832041661109,2.109949304832168,100421751.0,103336243.85714284,-0.0829983536136509,1.0915160221662683,0.9410571055035916,1.0199891215664945,0.9863283867879368
756,AAPL,2013-06-28,51.492,52.665,51.167,52.174,157038434,0.0260282899528501,51.511,52.07,52.668,1.2871037254178708,-1.0735548300364828,-1.1354142933090228,52.81428571428571,56.44616666666666,1.101579277566437,2.2584885865105693,92086911.0,113641647.85714284,0.7053285021147033,1.0889165877956974,0.9356576156211206,1.0292766822365975,1.0132447758875165
757,AAPL,2013-07-01,52.677,53.93,52.485,53.532,106782954,0.0226219831129046,52.174,51.511,52.07,2.6028289952850114,1.2871037254178708,-1.0735548300364828,52.672,56.341433333333335,0.8867019416552536,2.319584812481545,157038434.0,114957622.57142857,-0.3200202569518746,1.2093510462767032,0.9348714948087348,1.0275316757168715,1.0162309926533402
758,AAPL,2013-07-02,53.627,55.157,53.566,54.743,128310205,0.0055349542407248,53.532,52.174,51.511,2.262198311290464,2.6028289952850114,1.2871037254178708,52.76485714285714,56.23486666666666,1.0744676865898244,2.317047894870241,106782954.0,114520044.14285716,0.201598197030586,1.2113154600673617,0.938294340691193,1.0297016764365454,1.020810412665262
759,AAPL,2013-07-03,55.052,55.332,54.607,55.046,65778191,-0.0080478145550992,54.743,53.532,52.174,0.553495424072481,2.262198311290464,2.6028289952850114,53.10628571428572,56.15266666666666,1.3725058244310568,2.313917760486534,128310205.0,105173865.85714284,-0.4873502773999932,1.2138066475446427,0.9457482407653964,1.0132766861391398,0.9998910121339823
760,AAPL,2013-07-05,54.992,55.373,54.33,54.603,74822054,-0.0056407157115909,55.046,54.743,53.532,-0.8047814555099286,0.553495424072481,2.262198311290464,53.38271428571429,56.04833333333333,1.461494864204874,2.310767126440878,65778191.0,103605785.71428572,0.137490296745923,1.2155478624721985,0.9524407080623444,1.0191974967789434,0.9929262438172826
761,AAPL,2013-07-08,54.954,55.071,53.719,54.295,81408010,0.0175522607974951,54.603,55.046,54.743,-0.5640715711590971,-0.8047814555099286,0.553495424072481,53.70057142857143,55.93026666666667,1.3673342504241568,2.3067095079396376,74822054.0,100889537.0,0.0880215878596435,1.215570486697505,0.9601343714060264,1.0251680038720006,0.98800815227281
762,AAPL,2013-07-09,54.104,55.4,53.683,55.248,96272163,-0.003819142774399,54.295,54.603,55.046,1.7552260797495167,-0.5640715711590971,-0.8047814555099286,54.23442857142857,55.83076666666667,1.0663728017832612,2.2680103187029923,81408010.0,101487430.14285716,0.1825883349807961,1.2575268677509714,0.9714075555370946,1.0319840545424064,1.0211444625166346
763,AAPL,2013-07-10,54.889,55.569,54.712,55.037,76762108,0.0155895125097662,55.248,54.295,54.603,-0.3819142774399098,1.7552260797495167,-0.5640715711590971,54.64342857142857,55.74056666666666,0.584621489270184,2.2430090731637624,96272163.0,90019383.57142857,-0.2026552057420794,1.251821766416009,0.980317062404495,1.0156638397426525,1.0026963508171036
764,AAPL,2013-07-11,55.326,56.018,55.094,55.895,89091585,-0.0018427408533858,55.037,55.248,54.295,1.5589512509766257,-0.3819142774399098,1.7552260797495167,54.981,55.6636,0.513836874246677,2.194658336459049,76762108.0,87492045.14285715,0.1606193123305055,1.2791430417872982,0.9877370489871298,1.016771336261662,1.010284495535553
765,AAPL,2013-07-12,55.943,56.223,55.389,55.792,76341543,0.0022046171494121,55.895,55.037,55.248,-0.1842740853385871,1.5589512509766257,-0.3819142774399098,55.130857142857145,55.55426666666667,0.5813843905077763,2.098603097518829,89091585.0,80067950.57142857,-0.1431116305765578,1.242091846828094,0.9923784517515092,1.0150571413096463,0.997300824053054
766,AAPL,2013-07-15,55.595,56.442,55.569,55.915,66057635,0.0064383439148707,55.792,55.895,55.037,0.2204617149412113,-0.1842740853385871,1.5589512509766257,55.255,55.4571,0.6490821725089803,2.007197159704823,76341543.0,80107871.14285715,-0.1347091975859068,1.243450165141696,0.996355741645344,1.015710198132052,1.005755913301556
767,AAPL,2013-07-16,55.793,56.341,55.488,56.275,59047139,0.0002665482007997,55.915,55.792,55.895,0.6438343914870748,0.2204617149412113,-0.1842740853385871,55.493857142857145,55.3676,0.6762362576739214,1.902763119689688,66057635.0,77854311.85714285,-0.1061269601916569,1.2503164080421567,1.0022803434293188,1.015372693194925,1.0086390765866686
768,AAPL,2013-07-17,56.211,56.54,56.015,56.29,54331236,0.0033398472197547,56.275,55.915,55.792,0.0266548200799743,0.6438343914870748,0.2204617149412113,55.77885714285714,55.28470000000001,0.47815319322669,1.8005301738356407,59047139.0,73986201.28571428,-0.0798667484973318,1.2503184126911684,1.0089384068803329,1.009372489511738,1.0014054188681931
769,AAPL,2013-07-18,56.691,56.884,56.329,56.478,59767782,-0.0157760543928608,56.29,56.275,55.915,0.3339847219754777,0.0266548200799743,0.6438343914870748,55.95457142857142,55.2264,0.4765580961961014,1.728864758076866,54331236.0,68771289.71428572,0.1000629913886002,1.24380284119313,1.0131852054193542,1.0098528289158335,0.9962427898608244
770,AAPL,2013-07-19,56.654,56.77,55.511,55.587,73376842,0.003220177379603,56.478,56.29,56.275,-1.5776054392860894,0.3339847219754777,0.0266548200799743,56.03314285714286,55.16746666666666,0.319531651316301,1.6833374840041757,59767782.0,68287680.28571428,0.2276989298348062,1.2469979529876445,1.0156917879827037,1.0226801895119886,0.9811663783669292
771,AAPL,2013-07-22,56.18,56.217,55.658,55.766,56758813,-0.017160994154144,55.587,56.478,56.29,0.3220177379603006,-1.5776054392860894,0.3339847219754777,56.01471428571429,55.09986666666667,0.3322918969285107,1.613494809054744,73376842.0,63668712.85714286,-0.226475118675726,1.239028555556331,1.0166034452421109,1.010043479823206,0.992630829476682
772,AAPL,2013-07-23,55.729,55.852,54.772,54.809,100344971,0.0513601780729442,55.766,55.587,56.478,-1.7160994154144071,0.3220177379603006,-1.5776054392860894,55.87428571428571,55.01306666666667,0.5669525889328477,1.5537006975177958,56758813.0,67097774.0,0.7679187723675616,1.269779705562339,1.0156548089354356,1.019718104140802,0.9834915394139496
773,AAPL,2013-07-24,57.418,58.157,56.939,57.624,161614519,-0.0045814244064973,54.809,55.766,55.587,5.136017807294424,-1.7160994154144071,0.3220177379603006,56.11842857142857,55.025866666666666,0.8728510482226717,1.574127185267544,100344971.0,80748757.42857143,0.6105891245910071,1.5937031928914076,1.0198554238387627,1.0213913135109502,1.003587725103626
774,AAPL,2013-07-25,57.652,57.74,57.01,57.36,62696972,0.0057531380753137,57.624,54.809,55.766,-0.4581424406497336,5.136017807294424,-1.7160994154144071,56.27342857142857,55.053333333333335,0.9933129512143244,1.6082058826268375,161614519.0,81270162.14285715,-0.6120585428342611,1.5787492059055537,1.0221620593018026,1.0128047710927908,0.9949351280094358
775,AAPL,2013-07-26,56.944,57.693,56.818,57.69,54660341,0.0153752816779337,57.36,57.624,54.809,0.5753138075313746,-0.4581424406497336,5.136017807294424,56.47342857142858,55.07543333333333,1.1288950138890148,1.6404946412018904,62696972.0,81317177.14285715,-0.1281821233727205,1.5744749516413987,1.0253832816826725,1.0154000492801576,1.0131005900533856
776,AAPL,2013-07-29,57.665,58.863,57.584,58.577,67772196,0.012342728374618,57.69,57.36,57.624,1.5375281677933783,0.5753138075313746,-0.4581424406497336,56.77328571428571,55.15286666666667,1.3809426387186226,1.749261218112217,54660341.0,82460664.85714285,0.2398787632883592,1.5739940972079671,1.029380504506004,1.0222110308419006,1.015815485996705
777,AAPL,2013-07-30,58.859,59.801,58.766,59.3,84455163,-0.0017706576728498,58.577,57.69,57.36,1.2342728374618028,1.5375281677933783,0.5753138075313746,57.303714285714285,55.24586666666666,1.5518561696984852,1.8922251403057828,67772196.0,84043282.14285715,0.2461624085487801,1.5856420118675787,1.0372488973965042,1.0176122247558113,1.0074924820333335
778,AAPL,2013-07-31,59.517,59.828,58.792,59.195,88104757,0.0091899653686966,59.3,58.577,57.69,-0.1770657672849895,1.2342728374618028,1.5375281677933783,57.79357142857143,55.33636666666667,1.5265550385482545,2.014275132446274,84455163.0,88521274.14285715,0.0432133912286689,1.5864123888919162,1.044404880730721,1.0176214450945706,0.9945897810709544
779,AAPL,2013-08-01,59.601,59.754,59.291,59.739,56271954,0.0128391837827885,59.195,59.3,58.577,0.9189965368696652,-0.1770657672849895,1.2342728374618028,58.497857142857136,55.4832,0.9475511294173264,2.168729159096015,88104757.0,82225128.85714285,-0.3613062913277203,1.5360928602839978,1.0543345939465845,1.0078089423352616,1.002315397392661
780,AAPL,2013-08-02,59.913,60.545,59.737,60.506,74882462,0.014940667041285,59.739,59.195,59.3,1.2839183782788588,0.9189965368696652,-0.1770657672849895,58.90957142857143,55.68246666666666,1.1157635438197802,2.34537766583516,56271954.0,69834835.0,0.3307243960286148,1.5113501034285255,1.0579554921879315,1.0135259554380032,1.0098976849765493
781,AAPL,2013-08-05,60.787,61.568,60.457,61.41,87002474,-0.0089561960592736,60.506,59.739,59.195,1.494066704128505,1.2839183782788588,0.9189965368696652,59.48814285714285,55.92636666666667,1.2232011865838928,2.5462393701066603,74882462.0,73307049.57142857,0.1618538129795999,1.5088213068501275,1.063686886933048,1.0183766974874704,1.0102489019033674
782,AAPL,2013-08-06,61.224,61.73,60.46,60.86,91429189,-0.000591521524811,61.41,60.506,59.739,-0.8956196059273669,1.494066704128505,1.2839183782788588,59.941,56.19983333333333,1.015746359417477,2.6223090125817348,87002474.0,78559742.14285715,0.0508803347362283,1.4158030946764093,1.0665689993149443,1.021005623552762,0.9940546191036196
783,AAPL,2013-08-07,60.671,61.089,60.404,60.824,81575272,-0.0019564645534657,60.86,61.41,60.506,-0.0591521524811011,-0.8956196059273669,1.494066704128505,60.262,56.471700000000006,0.8552143980721582,2.665943310439836,91429189.0,80531610.14285715,-0.1077764891909957,1.4168209267816367,1.0671185744363991,1.011340308588835,1.002521797893557
784,AAPL,2013-08-08,61.077,61.109,60.301,60.705,69398648,-0.0142327650111192,60.824,60.86,61.41,-0.1956464553465764,-0.0591521524811011,-0.8956196059273669,60.46271428571429,56.75953333333333,0.7502390095375407,2.640342085115669,81575272.0,78380679.42857143,-0.1492685675629742,1.3897601363968224,1.0652433297968322,1.0133994461120048,0.9939093275701164
785,AAPL,2013-08-09,60.389,60.631,59.735,59.841,72550376,0.0283584833141157,60.705,60.824,60.86,-1.4232765011119253,-0.1956464553465764,-0.0591521524811011,60.555,57.0372,0.5911801755838221,2.5038326125602604,69398648.0,76158625.0,0.0454148328653318,1.4049882543504366,1.0616755380698912,1.0149995814848916,0.9909254996770936
786,AAPL,2013-08-12,60.159,61.711,60.127,61.538,98783625,0.0475478566089246,59.841,60.705,60.824,2.8358483314115723,-1.4232765011119253,-0.1956464553465764,60.812000000000005,57.34933333333333,0.5678987585858712,2.459953915089477,72550376.0,82231720.85714285,0.3615866718595641,1.461819157836579,1.0603784990235283,1.0263442380295045,1.0229225884738775
787,AAPL,2013-08-13,62.011,65.134,61.631,64.464,238766895,0.018258252668156,61.538,59.841,60.705,4.754785660892469,2.8358483314115723,-1.4232765011119253,61.377428571428574,57.71373333333334,1.4685909184377337,2.6752547533643525,98783625.0,105643782.71428572,1.4170695801050024,1.6106428212673598,1.0634804755557066,1.056838279437296,1.0395574978632822
788,AAPL,2013-08-14,65.557,66.398,64.969,65.641,205035729,-0.0012187504760743,64.464,61.538,59.841,1.825825266815606,4.754785660892469,2.8358483314115723,61.98185714285715,58.077000000000005,2.181750018416589,2.980453980693341,238766895.0,122505676.28571428,-0.1412723736261678,1.597343871141629,1.0672358617500413,1.02199510535794,1.0012813276995591
789,AAPL,2013-08-15,65.366,66.153,64.401,65.561,132937506,0.0088772288403164,65.641,64.464,61.538,-0.1218750476074337,1.825825266815606,4.754785660892469,62.65342857142857,58.4275,2.4817615287771093,3.2203440569019834,205035729.0,128435435.85714284,-0.3516373626764338,1.6030496422218663,1.0723277321711278,1.027204546513253,1.002983202276413
790,AAPL,2013-08-16,65.856,66.229,65.687,66.143,98193588,0.0107947930997989,65.561,65.641,64.464,0.8877228840316498,-0.1218750476074337,1.825825266815606,63.41328571428572,58.81216666666667,2.637658729144572,3.430144996264542,132937506.0,130809481.0,-0.2613552717018778,1.581669273693174,1.0782341360368015,1.0082512521503495,1.004357993197279
791,AAPL,2013-08-19,66.411,67.648,66.364,66.857,138397683,-0.0131025920995558,66.143,65.561,65.641,1.0794793099798916,0.8877228840316498,-0.1218750476074337,64.29214285714286,59.2309,2.60963244082278,3.621132261009056,98193588.0,140666486.0,0.4094370703716417,1.5664495047276692,1.0854493660765387,1.0193478391899222,1.0067157549201189
792,AAPL,2013-08-20,67.118,67.23,65.946,65.981,97177688,0.0025158757824224,66.857,66.143,65.561,-1.3102592099555888,1.0794793099798916,0.8877228840316498,65.16928571428572,59.58866666666667,1.7566538944158236,3.742237089867244,138397683.0,144184673.42857143,-0.2978373200077345,1.5954831408195644,1.093652356392475,1.0194704758438724,0.9830596859262792
793,AAPL,2013-08-21,66.311,66.782,65.999,66.147,91012161,0.0012547810180356,65.981,66.857,66.143,0.2515875782422405,-1.3102592099555888,1.0794793099798916,65.82771428571428,59.959,0.7359788752175029,3.825078218717473,97177688.0,143074464.2857143,-0.0634459115759165,1.5861269061962042,1.097878788600782,1.011863816118426,0.9975268055073818
794,AAPL,2013-08-22,66.492,66.576,65.6,66.23,66170157,-0.0038653178317983,66.147,65.981,66.857,0.1254781018035666,0.2515875782422405,-1.3102592099555888,66.08,60.3035,0.4294512001821658,3.910879676597596,91012161.0,118417787.42857143,-0.2729525782823682,1.5786497296100568,1.0957904599235533,1.0148780487804878,0.9960596763520424
795,AAPL,2013-08-23,66.271,66.278,65.755,65.974,60347161,0.0038803164883136,66.23,66.147,65.981,-0.3865317831798331,0.1254781018035666,0.2515875782422405,66.12757142857143,60.6429,0.3892821843498605,3.947498477647719,66170157.0,97747992.0,-0.0880003352568742,1.582448978483409,1.090442103338914,1.007953767774314,0.9955184017141736
796,AAPL,2013-08-26,65.936,67.179,65.903,66.23,89722850,-0.0286426090895365,65.974,66.23,66.147,0.3880316488313662,-0.3865317831798331,0.1254781018035666,66.22314285714286,60.986733333333326,0.2985506258494142,3.9706491689628174,60347161.0,91574469.71428572,0.4867783092563376,1.5814599831077452,1.085861452771852,1.01936178929639,1.0044588692065033
797,AAPL,2013-08-27,65.574,66.168,64.036,64.333,114980660,0.0048031336949931,66.23,65.974,66.23,-2.864260908953653,0.3880316488313662,-0.3865317831798331,65.96457142857142,61.25533333333333,0.7781385603169683,3.9130563090961994,89722850.0,93972622.85714284,0.2815092253534077,1.701547715939424,1.0768788257115802,1.0332937722531077,0.9810748162381432
798,AAPL,2013-08-28,63.993,65.285,63.993,64.642,83358341,0.0015779214752018,64.333,66.23,65.974,0.4803133694993189,-2.864260908953653,0.3880316488313662,65.64814285714286,61.53373333333333,0.8046608868719896,3.8441090616887545,114980660.0,86109859.71428572,-0.2750229386402896,1.6995704572614565,1.066864292168353,1.0201897082493396,1.0101417342521837
799,AAPL,2013-08-29,64.737,65.376,64.669,64.744,64955661,-0.0033207710366984,64.642,64.333,66.23,0.157792147520186,0.4803133694993189,-2.864260908953653,65.47142857142858,61.809266666666666,0.8537134291154467,3.764653548499064,83358341.0,81506713.0,-0.2207659099165613,1.700382324939526,1.0592493990344798,1.0109325952156367,1.0001081298175696
800,AAPL,2013-08-30,65.162,65.289,64.435,64.529,73441655,-0.0030528909482558,64.744,64.642,64.333,-0.3320771036698478,0.157792147520186,0.4803133694993189,65.24028571428572,62.10733333333334,0.8593355406550782,3.6056512571936974,64955661.0,78996640.71428572,0.1306428703727609,1.6634648336571796,1.0504441619500495,1.0132536664856056,0.9902857493631256
801,AAPL,2013-09-03,64.928,65.915,64.172,64.332,90061942,0.0207206366971337,64.529,64.744,64.642,-0.3052890948255893,-0.3320771036698478,0.157792147520186,64.96914285714286,62.39286666666667,0.791787519600302,3.420585065234095,73441655.0,82409752.85714285,0.2263059975976848,1.6698609580715464,1.0412911976659114,1.02716137879449,0.9908206012814194
802,AAPL,2013-09-04,65.782,66.132,65.346,65.665,93457251,-0.0068377369984011,64.332,64.529,64.744,2.0720636697133754,-0.3052890948255893,-0.3320771036698478,64.925,62.75473333333333,0.7328487793110159,3.154499041416195,90061942.0,87139765.71428572,0.0376997089403201,1.6401941488949014,1.0345833142997978,1.0120282802313838,0.9982213979508072
803,AAPL,2013-09-05,65.869,65.926,65.0,65.216,64045054,0.0059341265947006,65.665,64.332,64.529,-0.6837736998401178,2.0720636697133754,-0.3052890948255893,64.78014285714286,63.0078,0.492810791475544,3.030802720572779,93457251.0,83471509.14285715,-0.3147128412754191,1.416142161291983,1.0281289436727337,1.0142461538461538,0.9900863835795288
804,AAPL,2013-09-06,65.632,65.759,64.515,65.603,97395330,0.0159443927869153,65.216,65.665,64.332,0.5934126594700606,-0.6837736998401178,2.0720636697133754,64.96157142857143,63.28256666666666,0.5329036364283933,2.870538249218568,64045054.0,80959319.14285715,0.520731483808258,1.4065617864640267,1.0265318688912972,1.0192823374409052,0.9995581423695756
805,AAPL,2013-09-09,66.494,66.881,66.297,66.649,92247478,-0.022776035649447,65.603,65.216,65.665,1.5944392786915396,0.5934126594700606,-0.6837736998401178,65.2482857142857,63.5812,0.8035101563968975,2.731302081803828,97395330.0,82229195.85714285,-0.0528552241673189,1.4217166347287973,1.026219790036767,1.0088088450457788,1.002331037386832
806,AAPL,2013-09-10,66.653,66.818,64.454,65.131,201381996,-0.0544287666395418,66.649,65.603,65.216,-2.277603564944708,1.5944392786915396,0.5934126594700606,65.30357142857143,63.79966666666667,0.7758680852559254,2.5748676073536845,92247478.0,101718672.28571428,1.1830623488698522,1.4937762250646227,1.0235722981087376,1.03667732025941,0.9771653188903724
807,AAPL,2013-09-11,61.496,62.374,61.205,61.586,243602913,0.0106842464196408,65.131,66.649,65.603,-5.442876663954188,-2.277603564944708,1.5944392786915396,64.88314285714286,63.87586666666667,1.6121870681969392,2.4687528574690027,201381996.0,126027423.42857143,0.2096558671511033,1.821304474872799,1.015769276301684,1.0190997467527163,1.001463509821777
808,AAPL,2013-09-12,61.689,62.599,61.361,62.244,109494212,-0.0165156480945954,61.586,65.131,66.649,1.068424641964083,-5.442876663954188,-2.277603564944708,64.58485714285715,63.97749999999999,1.8988320470387483,2.3281639613720286,243602913.0,128803462.0,-0.550521746018694,1.8279572091997691,1.009493292842908,1.020175681621877,1.008996741720566
809,AAPL,2013-09-13,61.801,62.129,61.19,61.216,81010241,-0.0317890747516989,62.244,61.586,65.131,-1.6515648094595492,1.068424641964083,-5.442876663954188,63.94928571428572,64.02673333333333,2.198037436312817,2.2497383592441342,109494212.0,127025317.71428572,-0.2601413397084404,1.8523906285721128,0.998790386218138,1.0153456447131883,0.990534133751881
810,AAPL,2013-09-16,60.703,60.783,58.888,59.27,148654192,0.0115404083009953,61.216,62.244,61.586,-3.17890747516989,-1.6515648094595492,1.068424641964083,63.09985714285714,63.985533333333336,2.715040173342002,2.3264475172613985,81010241.0,139112337.42857143,0.8350049347464601,1.9313923250955125,0.9861581806959042,1.0321797310148078,0.976393258982258
811,AAPL,2013-09-17,58.986,60.533,58.927,59.954,108268776,0.0205657670881007,59.27,61.216,62.244,1.1540408300995342,-3.17890747516989,-1.6515648094595492,62.29285714285714,63.937,2.686404314852992,2.3961722924634232,148654192.0,140665686.85714287,-0.2716735764841398,1.9229941700745197,0.9742849546093364,1.0272540601082696,1.0164106737191876
812,AAPL,2013-09-18,60.991,61.407,60.659,61.187,123653234,0.0163760275875595,59.954,59.27,61.216,2.056576708810076,1.1540408300995342,-3.17890747516989,61.51257142857144,63.9479,1.8835085927733524,2.382396755369895,108268776.0,145152223.42857143,0.1420950579509645,1.9541478113232589,0.9619169891203844,1.0123312286717552,1.003213588890164
813,AAPL,2013-09-19,61.981,62.654,61.788,62.189,109532530,-0.010371609127016,61.187,59.954,59.27,1.6376027587559516,2.056576708810076,1.1540408300995342,61.09228571428571,63.9934,1.111581263230553,2.33320473110235,123653234.0,132030871.14285716,-0.1141959942592363,1.9757215027268744,0.9546654141565492,1.0140156664724542,1.0033558671205691
814,AAPL,2013-09-20,62.943,63.011,61.36,61.544,189486492,0.0497692707656312,62.189,61.187,59.954,-1.0371609127016068,1.6376027587559516,2.056576708810076,61.08628571428572,64.02136666666667,1.1085814831419611,2.297179732407876,109532530.0,124299953.85714284,0.7299563152608637,1.985908123977225,0.9541546657749008,1.026906779661017,0.9777735411403968
815,AAPL,2013-09-23,65.327,65.432,63.547,64.607,206436374,-0.0031420743882242,61.544,62.189,61.187,4.97692707656312,-1.0371609127016068,1.6376027587559516,61.42385714285714,64.18023333333333,1.7142132722798966,2.158738052232822,189486492.0,138148834.14285713,0.0894516639212466,2.156934356110745,0.9570525682547713,1.0296630840165548,0.9889785234282916
816,AAPL,2013-09-24,65.163,65.241,64.234,64.404,98395445,-0.0154804049437923,64.607,61.544,62.189,-0.3142074388224225,4.97692707656312,-1.0371609127016068,61.87928571428571,64.27576666666667,2.041947739642738,2.100404110268744,206436374.0,140632434.7142857,-0.5233618809832419,2.104164053927941,0.962715637997613,1.0156770557648598,0.9883522858063624
817,AAPL,2013-09-25,64.447,64.474,63.394,63.407,85916079,0.0097307868216443,64.404,64.607,61.544,-1.5480404943792323,-0.3142074388224225,4.97692707656312,62.47028571428572,64.24053333333333,1.7367534572967556,2.1059956075091,98395445.0,131669847.14285716,-0.1268286961860887,1.939126430558622,0.9724434476615862,1.0170363125847872,0.9838627088925784
818,AAPL,2013-09-26,63.993,64.33,63.719,64.024,64209217,-0.0071535674122203,63.407,64.404,64.607,0.97307868216443,-1.5480404943792323,-0.3142074388224225,63.05171428571428,64.18663333333333,1.4031984552320858,2.089544835493431,85916079.0,125375624.42857143,-0.2526519162961336,1.9170049427156883,0.9823184518539054,1.009588976600386,1.0004844279843108
819,AAPL,2013-09-27,63.702,63.82,63.3,63.566,61799628,-0.006638769153321,64.024,63.407,64.404,-0.7153567412220396,0.97307868216443,-1.5480404943792323,63.391571428571424,64.12013333333333,1.1396348621604695,2.075998849466332,64209217.0,116539395.0,-0.0375271512811002,1.920668202360834,0.9886375485064196,1.008214849921011,0.9978650591818156
820,AAPL,2013-09-30,63.209,63.793,62.832,63.144,70054799,0.0175788673508172,63.566,64.024,63.407,-0.6638769153321067,-0.7153567412220396,0.97307868216443,63.528000000000006,64.02016666666667,1.0228579243165996,2.0472387810008383,61799628.0,110899719.14285716,0.1335796228417427,1.9144512747815567,0.9923123182538836,1.0152947542653423,0.9989716654273916
821,AAPL,2013-10-01,63.0,64.407,62.991,64.254,95834066,0.0032527157842312,63.144,63.566,64.024,1.7578867350817262,-0.6638769153321067,-0.7153567412220396,63.91514285714285,63.9334,0.5506197806664475,1.9768105031879637,70054799.0,97520801.14285716,0.3679871667321464,1.93322744223447,0.9997144349767548,1.0224794018193075,1.019904761904762
822,AAPL,2013-10-02,63.945,64.759,63.698,64.463,78239935,-0.0125808603384885,64.254,63.144,63.566,0.3252715784231252,1.7578867350817262,-0.6638769153321067,63.89457142857143,63.8828,0.5224320871829214,1.941707503097006,95834066.0,79207024.14285715,-0.1835895285920562,1.9213580903853344,1.000184266008557,1.0166567239159785,1.0081007115489873
823,AAPL,2013-10-03,64.588,64.832,63.303,63.652,87499474,-0.0007855212719161,64.463,64.254,63.144,-1.2580860338488598,0.3252715784231252,1.7578867350817262,63.78714285714285,63.79963333333333,0.4754206658610897,1.894236075359245,78239935.0,77650456.85714285,0.1183479894250933,1.9326628995538575,0.999804223385968,1.024153673601567,0.9855081439276648
824,AAPL,2013-10-04,63.714,63.811,63.018,63.602,70181642,0.0097795666802931,63.652,64.463,64.254,-0.0785521271916112,-1.2580860338488598,0.3252715784231252,63.815,63.71203333333334,0.454695135965479,1.8378955634898944,87499474.0,75402680.14285715,-0.1979192697775531,1.932164816965099,1.0016161258914458,1.0125837062426608,0.998242144583608
825,AAPL,2013-10-07,64.07,64.872,63.909,64.224,84575112,-0.0139511709018436,63.602,63.652,64.463,0.9779566680293116,-0.0785521271916112,-1.2580860338488598,63.84357142857143,63.65369999999999,0.4758101362080175,1.7907952028687335,70181642.0,78312093.71428572,0.2050888179561258,1.94163179867688,1.002982881255472,1.015068300239403,1.0024036210394882
826,AAPL,2013-10-08,64.513,64.607,63.275,63.328,78690301,0.0117799393633146,64.224,63.602,63.652,-1.3951170901843613,0.9779566680293116,-0.0785521271916112,63.80957142857143,63.55696666666666,0.506466141400341,1.72396410642068,84575112.0,80725047.0,-0.069580883321798,1.954338646611072,1.0039744622053723,1.0210509679968391,0.9816316091330428
827,AAPL,2013-10-09,63.816,64.229,62.978,64.074,81780985,0.0062427817835628,63.328,64.224,63.602,1.177993936331467,-1.3951170901843613,0.9779566680293116,63.94242857142857,63.54833333333333,0.4168188484041747,1.72058905978175,78690301.0,82400216.42857143,0.0392765558235697,1.8979062961770456,1.0062015039171537,1.0198640795198324,1.004042873260624
828,AAPL,2013-10-10,64.695,64.836,64.13,64.474,75327135,0.0064522132952817,64.074,63.328,64.224,0.6242781783562856,1.177993936331467,-1.3951170901843613,63.97385714285714,63.54273333333333,0.4511106400073574,1.717176771437578,81780985.0,79470654.85714285,-0.07891626641572,1.8993335338087527,1.00678478540201,1.0110088881958523,0.9965839709405674
829,AAPL,2013-10-11,64.124,65.026,63.884,64.89,72543831,0.0065957774695637,64.474,64.074,63.328,0.6452213295281783,0.6242781783562856,1.177993936331467,64.03485714285715,63.5476,0.5469635663014469,1.7209015399905356,75327135.0,78656925.71428572,-0.0369495534378149,1.902733436563351,1.0076675931562662,1.0178761505228229,1.011945605389558
830,AAPL,2013-10-14,64.499,65.521,64.435,65.318,70939202,0.0052818518631922,64.89,64.474,64.074,0.6595777469563746,0.6452213295281783,0.6242781783562856,64.27285714285715,63.5739,0.695027919962876,1.742312976159428,72543831.0,76291172.57142857,-0.0221194411417284,1.9049270911729572,1.0109944040377756,1.0168541941491425,1.0126978712848262
831,AAPL,2013-10-15,65.511,66.1,65.248,65.663,86611099,0.004919056394012,65.318,64.89,64.474,0.52818518631923,0.6595777469563746,0.6452213295281783,64.56728571428572,63.61826666666666,0.7930966133450694,1.7788465060119714,70939202.0,78638237.85714285,0.2209201197385897,1.9055216273994529,1.014917398686631,1.0130578715056398,1.0023202210315825
832,AAPL,2013-10-16,65.942,66.171,65.737,65.986,67932110,0.0067287000272786,65.663,65.318,64.89,0.4919056394012022,0.52818518631923,0.6595777469563746,64.819,63.62896666666666,0.9332200526515206,1.7924954765159966,86611099.0,76260666.14285715,-0.2156650731334098,1.8702407893707047,1.0187026977754892,1.0066020658076884,1.000667253040551
833,AAPL,2013-10-17,65.836,66.465,65.795,66.43,68581262,0.0087159415926538,65.986,65.663,65.318,0.6728700027278656,0.4919056394012022,0.52818518631923,65.26214285714285,63.66943333333334,0.8389486334264787,1.8425633135294968,67932110.0,74816517.71428572,0.00955589337649,1.8687064027872888,1.025015292903128,1.0101831446158522,1.0090224193450392
834,AAPL,2013-10-18,66.624,67.057,66.592,67.009,78736831,0.0245190944499993,66.43,65.986,65.663,0.8715941592653875,0.6728700027278656,0.4919056394012022,65.68142857142858,63.7163,0.8786572819091988,1.9100846551009616,68581262.0,74381638.57142857,0.1480808125111492,1.8720368933197455,1.030841850067072,1.0069828207592504,1.005778698366955
835,AAPL,2013-10-21,67.385,69.038,67.355,68.652,107479988,-0.0028695449513488,67.009,66.43,65.986,2.451909444999933,0.8715941592653875,0.6728700027278656,66.27828571428572,63.78306666666666,1.2586350694700277,2.0462830042128406,78736831.0,78974903.28571428,0.3650535160603556,1.9021382855028024,1.039120399473095,1.0249870091307252,1.018802404095867
836,AAPL,2013-10-22,69.316,69.585,66.897,68.455,144756990,0.0098020597472794,68.652,67.009,66.43,-0.2869544951348834,2.451909444999933,0.8715941592653875,66.78757142857143,63.89386666666667,1.322883070816284,2.205578252949113,107479988.0,89291068.85714285,0.3468273740410168,1.8497473816189056,1.0452892415636883,1.0401811740436788,0.987578625425587
837,AAPL,2013-10-23,68.339,69.217,68.339,69.126,85003666,0.0132222318664467,68.455,68.652,67.009,0.9802059747279436,-0.2869544951348834,2.451909444999933,67.33157142857144,64.1452,1.3986406325616485,2.3578672771275224,144756990.0,91300278.0,-0.4127836866461509,1.518157576967557,1.0496743548787977,1.012847715067531,1.011516118175566
838,AAPL,2013-10-24,69.131,70.114,68.793,70.04,104264177,-0.0111793260993717,69.126,68.455,68.652,1.3222231866446776,0.9802059747279436,-0.2869544951348834,67.95685714285715,64.40506666666667,1.5028724084883074,2.5618877055969915,85003666.0,93822146.28571428,0.2265844746037189,1.5227295941017949,1.0551476872863597,1.019202535141657,1.0131489490966428
839,AAPL,2013-10-25,69.962,70.212,69.144,69.257,91559954,0.0074505104177193,70.04,69.126,68.455,-1.1179326099371778,1.3222231866446776,0.9802059747279436,68.42414285714287,64.6731,1.279931955038581,2.636289481644908,104264177.0,97197552.57142857,-0.121846480407168,1.5008338342569976,1.0580000472707023,1.0154460256855258,0.9899231011120324
840,AAPL,2013-10-28,69.661,69.921,68.894,69.773,148557120,-0.0249236810800738,69.257,70.04,69.126,0.745051041771938,-1.1179326099371778,1.3222231866446776,68.90171428571429,65.0232,1.006283875504527,2.591025857281355,91559954.0,108622675.14285716,0.6225119553904537,1.338282526785565,1.0596481607443848,1.0149069585159811,1.0016077862792667
841,AAPL,2013-10-29,70.614,71.007,67.752,68.034,172429868,0.0159479083987417,69.773,69.257,70.04,-2.492368108007381,0.745051041771938,-1.1179326099371778,69.04814285714285,65.29253333333334,0.7183447242531548,2.4626937134840667,148557120.0,122007394.71428572,0.1606974340913447,1.4433546326440927,1.0575197397325091,1.04804286220333,0.963463335882403
842,AAPL,2013-10-30,68.393,69.462,68.078,69.119,96044079,0.0015769904078473,68.034,69.773,69.257,1.5947908398741717,-2.492368108007381,0.745051041771938,69.11485714285715,65.55693333333333,0.6967843828586333,2.4323266275288145,172429868.0,120373693.42857143,-0.4429962737082186,1.4278135783210852,1.054272273405973,1.0203296219042863,1.0106151214305557
843,AAPL,2013-10-31,69.533,69.862,69.04,69.228,74342353,-0.0108337666840007,69.119,68.034,69.773,0.1576990407847311,1.5947908398741717,-2.492368108007381,69.22528571428572,65.79156666666667,0.6331244517737429,2.4357420689461344,96044079.0,110314459.57142857,-0.2259558967711065,1.40963373552226,1.052190869158292,1.0119061413673232,0.9956135935455108
844,AAPL,2013-11-01,69.051,69.105,67.924,68.478,74523668,0.0128946522970883,69.228,69.119,68.034,-1.0833766684000712,0.1576990407847311,1.5947908398741717,69.13271428571429,66.0227,0.6944627934121348,2.346124951106427,74342353.0,108817317.0,0.0024389193061995,1.4112461660244904,1.0471052272281245,1.0173870796772864,0.9917017856367032
845,AAPL,2013-11-04,68.616,69.371,68.313,69.361,66254698,-0.0024941970271478,68.478,69.228,69.119,1.2894652297088305,-1.0833766684000712,0.1576990407847311,69.03571428571429,66.18116666666667,0.5854849028230914,2.406968734425731,74523668.0,103387391.42857143,-0.1109576356332863,1.1279510942677275,1.0431323254457732,1.0154875353153865,1.0108575259414714
846,AAPL,2013-11-05,69.07,69.644,68.869,69.188,71969237,-0.002847314563219,69.361,68.478,69.228,-0.2494197027147815,1.2894652297088305,-1.0833766684000712,69.02585714285713,66.34063333333333,0.581707093701232,2.4433674682811723,66254698.0,100588717.57142857,0.0862510761123687,1.1269087920738936,1.0404763065198923,1.0112532489218662,1.0017084117561894
847,AAPL,2013-11-06,69.42,69.514,68.635,68.991,60179071,-0.0161615283152873,69.188,69.361,68.478,-0.2847314563219072,-0.2494197027147815,1.2894652297088305,68.91414285714286,66.52676666666667,0.4806126051152259,2.424801188911045,71969237.0,87963282.0,-0.1638223009089285,1.080222221936392,1.0358859495222152,1.0128068769578202,0.9938202247191013
848,AAPL,2013-11-07,68.816,69.296,67.863,67.876,70759975,0.0157493075608461,68.991,69.188,69.361,-1.6161528315287388,-0.2847314563219072,-0.2494197027147815,68.89157142857142,66.65516666666666,0.530008445579989,2.3894318771205003,60179071.0,73439011.57142857,0.1758236513820561,1.1260137814261446,1.0335518591242705,1.0211160720864094,0.9863403859567544
849,AAPL,2013-11-08,68.154,69.02,67.889,68.945,75200409,-0.0029153673217781,67.876,68.991,69.188,1.5749307560846135,-1.6161528315287388,-0.2847314563219072,68.86671428571428,66.83446666666666,0.5215776434054631,2.351141230350653,70759975.0,70461344.42857143,0.0627534704470995,1.1392995864905622,1.0304071794151264,1.0166595472020503,1.0116060686093258
850,AAPL,2013-11-11,68.873,69.096,68.13,68.744,61238751,0.0019201675782614,68.945,67.876,68.991,-0.2915367321778106,1.5749307560846135,-1.6161528315287388,68.79757142857143,67.02113333333334,0.4972131860541284,2.268901659443884,75200409.0,68589401.28571428,-0.185659335975154,1.1306872686126006,1.0265056409357165,1.014178775869661,0.9981269873535348
851,AAPL,2013-11-12,68.562,69.39,68.475,68.876,55096757,0.0011324699459898,68.744,68.945,67.876,0.1920167578261411,-0.2915367321778106,1.5749307560846135,68.85442857142857,67.1752,0.47692097778644,2.231134973273212,61238751.0,65814128.28571428,-0.1002958731147211,1.0961970453240726,1.02499774576672,1.0133625410733846,1.0045797963886702
852,AAPL,2013-11-13,68.625,69.167,68.469,68.954,53108867,0.014502421904458,68.876,68.744,68.945,0.1132469945989811,0.1920167578261411,-0.2915367321778106,68.79628571428572,67.3249,0.4270748233823306,2.1932241477027183,55096757.0,63936152.42857143,-0.0360799819851466,1.0962960016602992,1.0218550003681508,1.010194394543516,1.0047941712204007
853,AAPL,2013-11-14,69.243,70.1,69.12,69.954,76137223,-0.0060325356662949,68.954,68.876,68.744,1.4502421904458052,0.1132469945989811,0.1920167578261411,68.90571428571428,67.53496666666666,0.6051717977294258,2.130200451686457,53108867.0,64531579.0,0.4336066141271664,1.0808860030296807,1.02029685786051,1.0141782407407407,1.0102681859538147
854,AAPL,2013-11-15,69.743,70.074,69.466,69.532,85689577,-0.0120951504343322,69.954,68.954,68.876,-0.6032535666294914,1.4502421904458052,0.1132469945989811,68.98299999999999,67.73263333333334,0.6507106371794665,2.0252085202694805,76137223.0,68175937.0,0.1254623379158443,1.091761951073468,1.01846032857623,1.0087524832292056,0.996974606770572
855,AAPL,2013-11-18,69.532,69.825,68.635,68.691,65960448,0.001761511697311,69.532,69.954,68.954,-1.2095150434332291,-0.6032535666294914,1.4502421904458052,69.09942857142858,67.88153333333334,0.4664532335109456,1.919818952191276,85689577.0,67490290.28571428,-0.2302395424358321,1.1178882345816552,1.0179414809638248,1.0173380928097908,0.9879048495656676
856,AAPL,2013-11-19,68.741,69.319,68.602,68.812,56325427,-0.0087194094053362,68.691,69.532,69.954,0.1761511697311091,-1.2095150434332291,-0.6032535666294914,69.08042857142857,68.06433333333334,0.4763947442889625,1.7222085526578947,65960448.0,64793864.28571428,-0.1460727040544054,1.0750906957777906,1.0149284535429015,1.0104515903326434,1.001032862483816
857,AAPL,2013-11-20,68.768,68.927,68.121,68.212,52299532,0.0118600832698059,68.812,68.691,69.532,-0.871940940533622,0.1761511697311091,-1.2095150434332291,69.00442857142858,68.20226666666666,0.5718775676542407,1.5485515352963577,56325427.0,63516833.0,-0.0714756232562604,1.0813593543810065,1.011761513861151,1.0118318873768737,0.9919148441135412
858,AAPL,2013-11-21,68.552,69.031,68.033,69.021,70627891,-0.0025064835339969,68.212,68.812,68.691,1.186008326980592,-0.871940940533622,0.1761511697311091,69.02514285714285,68.35383333333334,0.5690695413236639,1.384937720081018,52299532.0,65735566.42857143,0.3504497707551188,1.0934951698965774,1.0098210954832016,1.0146693516381755,1.0068415217645
859,AAPL,2013-11-22,68.808,69.156,68.677,68.848,60271546,0.0075238205902858,69.021,68.212,68.812,-0.2506483533996961,1.186008326980592,-0.871940940533622,69.01,68.48576666666666,0.5726770468642689,1.2225946034419153,70627891.0,66758806.28571428,-0.1466325109438706,1.094087882671323,1.007654631887015,1.0069746785677884,1.0005813277525868
860,AAPL,2013-11-25,69.005,69.65,69.002,69.366,61838610,0.0184384280483234,68.848,69.021,68.212,0.752382059028589,-0.2506483533996961,1.186008326980592,68.926,68.6207,0.4385510232631659,1.0754508966159155,60271546.0,64716147.28571428,0.026000063114359,1.095552568828027,1.004449094806669,1.009391032143996,1.0052315049634084
861,AAPL,2013-11-26,69.41,71.01,69.401,70.645,108093005,0.0235827022436125,69.366,68.848,69.021,1.8438428048323408,0.752382059028589,-0.2506483533996961,69.08500000000001,68.78676666666667,0.7707918006862793,0.983724473736115,61838610.0,67916637.0,0.7479856840249157,1.1345166122213333,1.004335620756512,1.0231841039754472,1.0177928252413198
862,AAPL,2013-11-27,71.032,72.316,70.645,72.311,97875204,0.0185172380412386,70.645,69.366,68.848,2.3582702243612585,1.8438428048323408,0.752382059028589,69.60214285714285,68.99759999999999,1.4109395721276554,1.0389999701292467,108093005.0,72475887.85714285,-0.0945278651472405,1.1976385050289962,1.0087617954413322,1.0236534786609104,1.018005969140669
863,AAPL,2013-11-29,72.774,73.948,72.554,73.65,85784777,-0.0087169042769859,72.311,70.645,69.366,1.8517238041238613,2.3582702243612585,1.8438428048323408,70.29328571428572,69.23826666666668,2.015009322914905,1.2404219230261988,97875204.0,76684366.42857143,-0.1235290094516686,1.228803965265127,1.0152375138548486,1.0192132756291865,1.0120372660565586
864,AAPL,2013-12-02,73.904,74.742,72.954,73.008,127378358,0.0273668639053255,73.65,72.311,70.645,-0.8716904276985904,1.8517238041238613,2.3582702243612585,70.97842857142857,69.43823333333333,2.00472582141627,1.3475700911538198,85784777.0,87409913.0,0.4848596971931278,1.2444947591695377,1.022180795278901,1.024508594456781,0.9878761636717904
865,AAPL,2013-12-03,73.945,75.012,73.861,75.006,121442841,-0.0023198144148468,73.008,73.65,72.311,2.73668639053255,-0.8716904276985904,1.8517238041238613,71.83342857142857,69.65003333333333,2.287144643229471,1.6784485340953474,127378358.0,94669191.57142857,-0.0465975311127813,1.262480686775577,1.0313480860467916,1.0155833254356157,1.0143485022651972
866,AAPL,2013-12-04,74.899,75.386,74.278,74.832,101776136,0.0051314945477869,75.006,73.008,73.65,-0.2319814414846854,2.73668639053255,-0.8716904276985904,72.68828571428571,69.8626,2.0956051404708047,1.9097538314006248,121442841.0,100598418.71428572,-0.1619420695205903,1.261634207102419,1.040446329141568,1.0149169336815744,0.9991054620221896
867,AAPL,2013-12-05,75.845,76.175,75.016,75.216,120550905,-0.0138667304828759,74.832,75.006,73.008,0.5131494547786941,-0.2319814414846854,2.73668639053255,73.524,70.06559999999999,1.6739272186505596,2.138704677263642,101776136.0,108985889.42857143,0.18447123007303,1.2558836579523738,1.0493594574227585,1.0154500373253703,0.9917067703869734
868,AAPL,2013-12-06,74.937,75.063,74.113,74.173,92774029,0.0114057675973737,75.216,74.832,75.006,-1.38667304828759,0.5131494547786941,-0.2319814414846854,74.028,70.20336666666667,1.0929045399023942,2.2663076682401497,120550905.0,106797464.28571428,-0.2304161549015331,1.2762850575463838,1.0544793435832376,1.012818264002267,0.9898047693395786
869,AAPL,2013-12-09,74.289,75.439,74.289,75.019,86349511,-0.0015329449872699,74.173,75.216,74.832,1.1405767597373773,-1.38667304828759,0.5131494547786941,74.41485714285714,70.39543333333333,0.8319680339591192,2.4221420369425326,92774029.0,105150936.71428572,-0.0692490998747074,1.2624519305537143,1.0570977919901596,1.0154800845347225,1.0098264884437804
870,AAPL,2013-12-10,74.644,75.213,74.328,74.904,74866930,-0.0074094841396986,75.019,74.173,75.216,-0.1532944987269968,1.1405767597373773,-1.38667304828759,74.59400000000001,70.56646666666666,0.7727261265627592,2.5542295381055764,86349511.0,103591244.28571428,-0.132977950506286,1.261557977899312,1.057074323309372,1.0119066838876332,1.003483200257221
871,AAPL,2013-12-11,75.097,75.622,74.129,74.349,96933561,-0.0014660587230495,74.904,75.019,74.173,-0.7409484139698663,-0.1532944987269968,1.1405767597373773,74.78557142857143,70.77696666666665,0.3808686812892287,2.5981653405392264,74866930.0,99241987.57142857,0.2947447023672533,1.1675613640715086,1.0566371370616068,1.0201405657704812,0.990039548850154
872,AAPL,2013-12-12,74.463,74.877,74.174,74.24,70680718,-0.0108701508620687,74.349,74.904,75.019,-0.1466058723049501,-0.7409484139698663,-0.1532944987269968,74.67614285714286,70.94766666666668,0.415452134663556,2.6531245253708224,96933561.0,91990255.71428572,-0.2708333700853103,1.1441705973916252,1.0525524850308845,1.0094777145630542,0.9970052240710152
873,AAPL,2013-12-13,74.547,74.552,73.33,73.433,89649953,0.0055016137159042,74.24,74.349,74.904,-1.0870150862068773,-0.1466058723049501,-0.7409484139698663,74.47628571428572,71.08783333333334,0.6160513274892245,2.670162400889535,70680718.0,90257943.85714284,0.2683792063346046,1.1697217041247985,1.047665714680933,1.0166643938360835,0.9850564073671644
874,AAPL,2013-12-16,73.51,74.518,73.509,73.837,76133485,-0.0044828473529531,73.433,74.24,74.349,0.5501613715904297,-1.0870150862068773,-0.1466058723049501,74.27928571428572,71.26646666666667,0.5578173877723849,2.668802142939536,89649953.0,83912598.14285715,-0.150769381886904,1.145530231957728,1.0422754092988902,1.013726210396006,1.004448374370834
875,AAPL,2013-12-17,73.614,74.096,73.293,73.506,61879032,-0.0075912170435067,73.837,73.433,74.24,-0.4482847352953123,0.5501613715904297,-1.0870150862068773,74.184,71.40463333333334,0.6311471038297033,2.674042832082882,76133485.0,79499027.14285715,-0.1872297452297107,1.1354544148975922,1.0389241781228948,1.010956025814198,0.998532887765914
876,AAPL,2013-12-18,72.804,73.037,71.362,72.948,152480161,-0.0114739266326696,73.506,73.837,73.433,-0.7591217043506737,-0.4482847352953123,0.5501613715904297,73.88814285714285,71.52996666666667,0.6592711704574904,2.654611543545345,61879032.0,88946262.85714285,1.4641652603744673,1.14617166983317,1.0329676679630708,1.0234718757882348,1.0019779133014668
877,AAPL,2013-12-19,72.759,72.844,72.014,72.111,86456519,0.0083759759260029,72.948,73.506,73.837,-1.1473926632669662,-0.7591217043506737,-0.4482847352953123,73.48914285714285,71.63396666666667,0.7767126084957889,2.6124943752891245,152480161.0,90601918.42857143,-0.4329982442765128,1.1689032709384366,1.0258979961155696,1.011525536701197,0.9910938852925412
878,AAPL,2013-12-20,72.238,73.056,72.159,72.715,117510402,0.0383689747644913,72.111,72.948,73.506,0.8375975926002921,-1.1473926632669662,-0.7591217043506737,73.25571428571428,71.79526666666666,0.7185883648522695,2.520224865901936,86456519.0,93541467.14285716,0.3591849794461421,1.125815164576986,1.0203418370994877,1.0124308818026857,1.0066031728453169
879,AAPL,2013-12-23,75.23,75.588,74.534,75.505,135046926,-0.0042116416131381,72.715,72.111,72.948,3.8368974764491295,0.8375975926002921,-1.1473926632669662,73.43642857142858,72.01393333333334,1.0770391291499757,2.548820659446404,117510402.0,102736639.71428572,0.149233801446786,1.2833140120285875,1.0197530557247982,1.0141411973059271,1.0036554565997606
880,AAPL,2013-12-24,75.48,75.741,74.968,75.187,45181907,-0.0066766861292509,75.505,72.715,72.111,-0.4211641613138139,3.8368974764491295,0.8375975926002921,73.687,72.22869999999999,1.2639268175040417,2.535202245213538,135046926.0,96384061.71428572,-0.6654355020269029,1.2856298966408697,1.0201900352629911,1.01031106605485,0.9961181770005298
881,AAPL,2013-12-26,75.242,75.428,74.618,74.685,54960420,-0.0067349534712458,75.187,75.505,72.715,-0.6676686129250986,-0.4211641613138139,3.8368974764491295,73.80814285714284,72.42233333333334,1.3200909600717134,2.491767539571503,45181907.0,93359338.14285716,0.2164254155983278,1.297804141737247,1.0191351128861197,1.0108552896084055,0.992597219637968
882,AAPL,2013-12-27,74.675,74.753,74.104,74.182,60845998,-0.0099350246690572,74.685,75.187,75.505,-0.6734953471245864,-0.6676686129250986,-0.4211641613138139,73.90471428571428,72.59660000000001,1.319029784134727,2.422696440204009,54960420.0,93211761.85714284,0.1070875732026792,1.3091541175373476,1.0180189469715424,1.0087579617834397,0.9933980582524272
883,AAPL,2013-12-30,73.832,74.182,73.152,73.445,68315985,0.0116822111784329,74.182,74.685,75.187,-0.9935024669057269,-0.6734953471245864,-0.6676686129250986,73.97571428571429,72.71296666666666,1.2714680116966566,2.3747558492771508,60845998.0,81188308.14285715,0.1227687480777288,1.3080594704217994,1.0173661958373443,1.014080271216098,0.994758370354318
884,AAPL,2013-12-31,73.398,74.338,73.374,74.303,60185593,-0.014050576692731,73.445,74.182,74.685,1.1682211178432933,-0.9935024669057269,-0.6734953471245864,74.28885714285714,72.87200000000001,0.9698223941508484,2.3133451223650803,68315985.0,77435318.71428572,-0.1190115607642925,1.3118979996958102,1.0194430939573105,1.0131381688336467,1.0123300362407694
885,AAPL,2014-01-02,73.596,73.776,73.112,73.259,63381747,-0.0219768219604417,74.303,73.445,74.182,-1.405057669273102,1.1682211178432933,-0.9935024669057269,74.36657142857143,73.02426666666666,0.8351283049450003,2.1748472627037194,60185593.0,69702653.71428572,0.0531049681607358,1.3197574103528995,1.018381626042641,1.0090819564503777,0.9954209467905863
886,AAPL,2014-01-03,73.224,73.334,71.579,71.649,105949677,0.0054711161356053,73.259,74.303,73.445,-2.1976821960441706,-1.405057669273102,1.1682211178432933,73.8157142857143,73.11883333333334,1.1654545199625514,2.043060079513978,63381747.0,65545903.85714286,0.6716118127826296,1.391867024698895,1.0095307996669478,1.0245183643247322,0.9784906588003932
887,AAPL,2014-01-06,71.181,72.421,70.671,72.041,111371946,-0.0071487069862994,71.649,73.259,74.303,0.5471116135605358,-2.1976821960441706,-1.405057669273102,73.36628571428571,73.24646666666666,1.1550605632466704,1.8349550728936543,105949677.0,75001623.71428572,0.0511777775405581,1.3802127801353394,1.001635833823416,1.0247626324800838,1.0120818757814585
888,AAPL,2014-01-07,72.092,72.311,71.247,71.526,85837203,0.0063333612951934,72.041,71.649,73.259,-0.7148706986299436,0.5471116135605358,-2.1976821960441706,72.91499999999999,73.32996666666666,1.1709698259729182,1.687080859483242,111371946.0,79412592.71428572,-0.2292744619906345,1.3766033400409654,0.9943411038415854,1.014933962131739,0.9921489208233925
889,AAPL,2014-01-08,71.363,72.257,71.347,71.979,69742195,-0.0127815057169452,71.526,72.041,71.649,0.6333361295193463,-0.7148706986299436,0.5471116135605358,72.60028571428572,73.43433333333333,1.0649345385676128,1.484997697276827,85837203.0,80683478.0,-0.1875062028756925,1.3776796637651167,0.9886422660738036,1.0127545657140455,1.0086319241063295
890,AAPL,2014-01-09,72.421,72.429,70.905,71.059,75296626,-0.0066845860482134,71.979,71.526,72.041,-1.2781505716945252,0.6333361295193463,-0.7148706986299436,72.25942857142857,73.49076666666666,1.129398638975564,1.3512019855465982,69742195.0,81680712.42857143,0.079642331303166,1.3971844458190403,0.9832449959214185,1.0214935477046754,0.9811933002858286
891,AAPL,2014-01-10,71.496,71.626,70.343,70.584,82293116,0.0052278136688201,71.059,71.979,71.526,-0.6684586048213426,-1.2781505716945252,0.6333361295193463,71.72814285714286,73.48873333333333,0.8473756405490609,1.35567056656675,75296626.0,84838930.0,0.0929190373018837,1.36330400610253,0.9760427157152824,1.018239199351748,0.9872440416247064
892,AAPL,2014-01-13,70.186,71.852,70.182,70.953,102208792,0.0199145913492029,70.584,71.059,71.979,0.5227813668820191,-0.6684586048213426,-1.2781505716945252,71.39871428571428,73.44346666666667,0.5486245572040076,1.4176091269385749,82293116.0,90385650.71428572,0.2420090156751386,1.293498412435305,0.9721588253692764,1.0237952751417745,1.010928105320149
893,AAPL,2014-01-14,71.284,72.411,71.21,72.366,90221824,0.020078489898571,70.953,70.584,71.059,1.9914591349202928,0.5227813668820191,-0.6684586048213426,71.50114285714285,73.40066666666667,0.6589753229035836,1.4304831190968057,102208792.0,88138814.57142857,-0.1172792258419412,1.3008326174872251,0.9741211640740256,1.0168656087628145,1.015178721732787
894,AAPL,2014-01-15,73.31,74.196,73.063,73.819,106000094,-0.0055676722794945,72.366,70.953,70.584,2.0078489898571084,1.9914591349202928,0.5227813668820191,71.75514285714284,73.42769999999999,1.098096448190808,1.430469760072088,90221824.0,87371407.14285715,0.1748830748533747,1.343680869009705,0.9772217141098368,1.015507165049341,1.0069431182649025
895,AAPL,2014-01-16,73.494,73.753,73.066,73.408,61901334,-0.0245068657367045,73.819,72.366,70.953,-0.5567672279494507,2.0078489898571084,1.9914591349202928,72.024,73.37443333333334,1.2522204278822124,1.3990798129436508,106000094.0,83951997.28571428,-0.4160256688074257,1.2473065022254937,0.9815953149893718,1.0094024580516243,0.998829836449234
896,AAPL,2014-01-17,73.041,73.119,71.506,71.609,116852625,0.0155567037662864,73.408,73.819,72.366,-2.450686573670457,-0.5567672279494507,2.0078489898571084,71.97114285714285,73.26700000000001,1.2622056658336809,1.4070181480576027,61901334.0,90682058.71428572,0.8877238574535404,1.3211811341480415,0.9823132222848328,1.0225575476183817,0.9803945729111048
897,AAPL,2014-01-21,71.639,72.854,71.577,72.723,88608305,0.0044140093230478,71.609,73.408,73.819,1.5556703766286484,-2.450686573670457,-0.5567672279494507,72.20885714285714,73.18390000000001,1.2176963809571004,1.360799317591152,116852625.0,92583727.14285716,-0.2417089046994023,1.352250978950155,0.9866768120154452,1.0178409265546196,1.0151314228283477
898,AAPL,2014-01-22,72.964,73.809,72.554,73.044,102612534,0.0084743442308745,72.723,71.609,73.408,0.4414009323047807,1.5556703766286484,-2.450686573670457,72.56028571428571,73.14626666666666,1.0074303473528614,1.348053946871594,88608305.0,95486501.14285716,0.1580464607691118,1.3334930680981918,0.9919889151000514,1.017297461201312,1.001096431116715
899,AAPL,2014-01-23,72.837,73.705,72.157,73.663,108796944,-0.0181773753444741,73.044,72.723,71.609,0.8474344230874564,0.4414009323047807,1.5556703766286484,72.94742857142857,73.10106666666667,0.7824054484216981,1.3051466540215566,102612534.0,96427665.71428572,0.0602695378324835,1.3255749076522418,0.9978982783392386,1.0214532200618096,1.0113403901863065
900,AAPL,2014-01-24,73.374,73.588,72.151,72.324,116677005,0.0081162546319342,73.663,73.044,72.723,-1.8177375344474167,0.8474344230874564,0.4414009323047807,72.94142857142857,73.01506666666667,0.7877501416819661,1.2666846471794833,108796944.0,100206977.28571428,0.0724290656546382,1.3642150961212685,0.9989914671231588,1.0199165638729886,0.9856897538637664
901,AAPL,2014-01-27,72.907,73.48,72.283,72.911,153946079,-0.0799193537326329,72.324,73.663,73.044,0.8116254631934217,-1.8177375344474167,0.8474344230874564,72.81171428571427,72.96713333333334,0.6875458080018267,1.2414220636946145,116677005.0,107056403.71428572,0.3194209004593493,1.3688100816780562,0.997870012969962,1.016559910352365,1.0000548644163112
902,AAPL,2014-01-28,67.38,68.212,66.494,67.084,287513027,-0.0113439866436111,72.911,72.324,73.663,-7.991935373263292,0.8116254631934217,-1.8177375344474167,71.90828571428571,72.72859999999999,2.220142166191322,1.6186079289266135,153946079.0,139286645.57142857,0.8676216300383981,1.993556037508901,0.9887208844152882,1.025836917616627,0.995607005046008
903,AAPL,2014-01-29,66.758,67.197,66.038,66.323,135707442,-0.0019299488865099,67.084,72.911,72.324,-1.1343986643611137,-7.991935373263292,0.8116254631934217,71.15314285714285,72.49159999999999,3.0737693162514845,1.98986500321815,287513027.0,141980190.85714287,-0.5279955019220747,1.994205329253763,0.981536382934614,1.0175505012265669,0.9934839270199826
904,AAPL,2014-01-30,66.562,67.084,65.786,66.195,183051179,0.0016013294055443,66.323,67.084,72.911,-0.1929948886509991,-1.1343986643611137,-7.991935373263292,70.22057142857143,72.23686666666666,3.48136107756522,2.279728639830241,135707442.0,155472030.0,0.3488661808244826,1.98763920915884,0.972087725684458,1.019730641777886,0.994486343559388
905,AAPL,2014-01-31,65.593,66.425,65.368,66.301,125399329,0.0018702583671437,66.195,66.323,67.084,0.160132940554436,-0.1929948886509991,-1.1343986643611137,69.25728571428571,71.99669999999999,3.502739533293924,2.5093695478315,183051179.0,158727286.42857143,-0.3149493508588655,1.9896406976527703,0.9619508354450376,1.0161699914331173,1.010793834707972
906,AAPL,2014-02-03,66.57,67.246,66.129,66.425,108441037,0.0144373353406097,66.301,66.195,66.323,0.1870258367143717,0.160132940554436,-0.1929948886509991,68.22328571428571,71.77926666666667,3.0205556174485357,2.699499837879324,125399329.0,158676442.57142857,-0.135234312138943,1.9899987149909155,0.9504594973240048,1.0168912277518185,0.9978218416704222
907,AAPL,2014-02-04,66.996,67.476,66.591,67.384,101619608,0.0074943606790929,66.425,66.301,66.195,1.4437335340609758,0.1870258367143717,0.160132940554436,67.51757142857143,71.6217,2.4202221562738355,2.81495505139552,108441037.0,156525385.85714287,-0.0629044980453295,2.0077489444775543,0.9426971354850754,1.013290084245619,1.005791390530778
908,AAPL,2014-02-05,67.088,68.246,67.05,67.889,88655086,0.0058330510097364,67.384,66.425,66.301,0.7494360679092926,1.4437335340609758,0.1870258367143717,66.80014285714286,71.46083333333333,0.65711653674325,2.8872883601591446,101619608.0,147198101.14285713,-0.1275789412610212,2.006233108243276,0.934779791127674,1.0178374347501864,1.011939542093966
909,AAPL,2014-02-06,67.959,68.417,67.66,68.285,69118384,0.0139855019403969,67.889,67.384,66.425,0.5833051009736412,0.7494360679092926,1.4437335340609758,66.97171428571428,71.22016666666667,0.8668892113564737,2.8390722632736534,88655086.0,115998866.42857143,-0.2203675263481217,1.8628105985301493,0.9403476209086042,1.0111882944132426,1.0047970099618886
910,AAPL,2014-02-07,69.43,69.674,68.935,69.24,100349532,0.0179231658001155,68.285,67.889,67.384,1.3985501940396938,0.5833051009736412,0.7494360679092926,67.38842857142858,71.02193333333334,1.1559783529051946,2.7590353628272246,69118384.0,110947736.42857143,0.4518500895507047,1.888752654431725,0.9488396810482288,1.0107202437078409,0.9972634307936048
911,AAPL,2014-02-10,69.021,70.882,69.017,70.481,92647341,0.0131808572523091,69.24,68.285,67.889,1.7923165800115548,1.3985501940396938,0.5833051009736412,68.00071428571428,70.88180000000001,1.501842503316018,2.671958075759892,100349532.0,98032902.42857143,-0.0767536314967567,1.9233678609220968,0.9593536603996268,1.0270223278322734,1.0211529824256385
912,AAPL,2014-02-11,70.697,71.647,70.551,71.41,75715859,-7.001820473317988e-05,70.481,69.24,68.285,1.3180857252309108,1.7923165800115548,1.3985501940396938,68.73057142857142,70.78939999999999,1.7577706389209136,2.60088168870068,92647341.0,90935263.85714284,-0.1827519475167668,1.9398497095841416,0.9709161460412356,1.0155348613060056,1.0100852935768136
913,AAPL,2014-02-12,71.541,71.89,71.049,71.405,82624900,0.015881240809467,71.41,70.481,69.24,-0.0070018204733179,1.3180857252309108,1.7923165800115548,69.442,70.7214,1.6749397999147153,2.5553258325197263,75715859.0,87247244.28571428,0.0912495888080726,1.9326711773467584,0.98190929478206,1.0118369012934734,0.9980989921862988
914,AAPL,2014-02-13,71.238,72.593,71.174,72.539,82460844,-0.0007995698865438,71.405,71.41,70.481,1.5881240809467068,-0.0070018204733179,1.3180857252309108,70.17842857142857,70.66260000000001,1.750823411727422,2.489516648834747,82624900.0,84510278.0,-0.0019855515710155,1.9434771505439183,0.9931481232140984,1.019937055666395,1.018262724950167
915,AAPL,2014-02-14,72.279,72.745,72.11,72.481,73373818,0.0036699272912901,72.539,71.405,71.41,-0.0799569886543838,1.5881240809467068,-0.0070018204733179,70.83442857142856,70.63666666666667,1.604176617163162,2.465473380205827,82460844.0,82327239.71428572,-0.1101980717054024,1.9268690019086776,1.0027997060746812,1.0088059908473166,1.002794725992335
916,AAPL,2014-02-18,72.733,73.44,72.696,72.747,69951104,-0.015780719479841,72.481,72.539,71.405,0.366992729129012,-0.0799569886543838,1.5881240809467068,71.47185714285715,70.67326666666666,1.2750446304068883,2.489056820859875,73373818.0,82446199.71428572,-0.0466476202723974,1.8831827416161464,1.0112997532710222,1.0102344007923407,1.0001924848418189
917,AAPL,2014-02-19,72.58,72.865,71.194,71.599,84194209,-0.011578373999637,72.747,72.481,72.539,-1.5780719479841054,0.366992729129012,-0.0799569886543838,71.80885714285714,70.65853333333334,0.8159277804210822,2.48197979559563,69951104.0,80138296.42857143,0.2036151566671484,1.904407756867684,1.0162800408564543,1.023471079023513,0.98648387985671
918,AAPL,2014-02-20,70.988,71.549,70.482,70.77,82022735,-0.0111205312985727,71.599,72.747,72.481,-1.1578373999637015,-1.5780719479841054,0.366992729129012,71.85014285714286,70.63333333333334,0.7414531741988504,2.476700827412053,84194209.0,78620495.57142857,-0.0257912512724004,1.9118251382770743,1.0172271286995211,1.015138616951846,0.9969290584324112
919,AAPL,2014-02-21,70.962,71.225,69.896,69.983,74764289,0.0043724904619693,70.77,71.599,72.747,-1.1120531298572711,-1.1578373999637015,-1.5780719479841054,71.64628571428571,70.5668,1.0247039758393188,2.4660919579012823,82022735.0,78484557.0,-0.0884930988950807,1.917894789333303,1.015297359583908,1.0190139636030673,0.9862038837687775
920,AAPL,2014-02-24,69.701,70.606,69.608,70.289,77490655,-0.0103856933517335,69.983,70.77,71.599,0.4372490461969303,-1.1120531298572711,-1.1578373999637015,71.48685714285715,70.54113333333333,1.1479106278493207,2.4647992536751,74764289.0,77751093.42857143,0.0364661529784626,1.9063341936313924,1.0134066999612117,1.0143374324790253,1.0084360339162997
921,AAPL,2014-02-25,70.539,70.56,69.417,69.559,62349200,-0.0090283069049296,70.289,69.983,70.77,-1.038569335173356,0.4372490461969303,-1.1120531298572711,71.06114285714285,70.50696666666666,1.241450284759432,2.471280227810194,77490655.0,74878001.42857143,-0.1953971740205319,1.9118773436062324,1.007859878486847,1.0164657072475043,0.9861069762826238
922,AAPL,2014-02-26,69.87,69.951,68.699,68.931,74079480,0.0199329764547158,69.559,70.289,69.983,-0.9028306904929616,-1.038569335173356,0.4372490461969303,70.554,70.43956666666666,1.2889498309367846,2.486224081826747,62349200.0,74978810.28571428,0.1881384203806946,1.9153651367007605,1.0016245604388063,1.0182244283031776,0.9865607556891368
923,AAPL,2014-02-27,68.902,70.452,68.755,70.305,80967174,-0.002702510490008,68.931,69.559,70.289,1.9932976454715807,-0.9028306904929616,-1.038569335173356,70.20514285714286,70.37086666666667,0.8533456565360803,2.459488084293027,74079480.0,76552534.57142857,0.0929770835324437,1.9154336626767248,0.9976449940525984,1.0246818413206311,1.0203622536355983
924,AAPL,2014-02-28,70.493,70.981,69.567,70.115,99751584,0.002895243528489,70.305,68.931,69.559,-0.2702510490008025,1.9932976454715807,-0.9028306904929616,69.99314285714286,70.2474,0.5944006585311429,2.37183103427925,80967174.0,78775016.71428572,0.2320003165727384,1.8746136274326148,0.9963805472820754,1.0203257291531904,0.9946377654518888
925,AAPL,2014-03-03,69.683,70.703,69.659,70.318,64072608,0.006584373844535,70.115,70.305,68.931,0.2895243528489022,-0.2702510490008025,1.9932976454715807,69.92857142857143,70.14439999999999,0.5152202950059762,2.2957172510022823,99751584.0,76210712.85714285,-0.3576782901011376,1.874709582714427,0.9969230819362834,1.0149872952525876,1.0091126960664722
926,AAPL,2014-03-04,70.75,70.966,70.319,70.781,69522755,0.0021192127830913,70.318,70.115,70.305,0.658437384453503,0.2895243528489022,-0.2702510490008025,70.04257142857143,70.1168,0.6090172020444794,2.2824409710230507,64072608.0,75461922.28571428,0.0850620439860978,1.8270808785523844,0.9989413582561018,1.009200927203174,1.0004381625441696
927,AAPL,2014-03-05,70.738,71.25,70.5,70.931,53655882,-0.0030311147453159,70.781,70.318,70.115,0.2119212783091351,0.658437384453503,0.2895243528489022,70.13428571428571,70.05706666666667,0.6946353274203687,2.2348352393687057,69522755.0,72056954.71428572,-0.2282256075726573,1.803386489221611,1.0011022306712676,1.0106382978723405,1.0027283779580989
928,AAPL,2014-03-06,70.986,71.207,70.364,70.716,49737443,-0.0005939249957574,70.931,70.781,70.318,-0.3031114745315921,0.2119212783091351,0.658437384453503,70.29957142857143,69.97946666666667,0.6722241335443901,2.166929636737762,53655882.0,70255275.14285715,-0.0730290669716322,1.8012728111371552,1.0045742669550417,1.011980558240009,0.9961964330994842
929,AAPL,2014-03-07,70.84,70.881,70.09,70.674,59366890,0.0009055664034862,70.716,70.931,70.781,-0.0593924995757499,-0.3031114745315921,0.2119212783091351,70.54857142857142,69.87983333333334,0.3012512003620687,2.0576861139823768,49737443.0,68153476.57142857,0.1936055900581781,1.7925581295500277,1.0095698295679691,1.0112854900841777,0.997656691134952
930,AAPL,2014-03-10,70.399,71.059,70.397,70.738,47918092,0.0097401679436794,70.674,70.716,70.931,0.0905566403486268,-0.0593924995757499,-0.3031114745315921,70.61042857142857,69.82696666666666,0.2870208222172648,2.012604633961029,59366890.0,63432179.14285714,-0.1928482020870555,1.7639345048504074,1.0112200478147924,1.009403809821441,1.0048154093097914
931,AAPL,2014-03-11,71.344,71.781,70.96,71.427,75267090,0.0009520209444606,70.738,70.674,70.716,0.974016794367949,0.0905566403486268,-0.0593924995757499,70.79785714285715,69.77749999999999,0.3340955095914819,1.951499701820276,47918092.0,59934394.28571428,0.5707447199692341,1.7669426347558057,1.0146230108968817,1.0115698985343855,1.0011633774388875
932,AAPL,2014-03-12,71.216,71.597,70.884,71.495,53819509,-0.0110776977411007,71.427,70.738,70.674,0.0952020944460674,0.974016794367949,0.0905566403486268,70.96600000000001,69.92453333333333,0.3482240658045222,1.907231984755892,75267090.0,58469665.85714286,-0.2849529721422735,0.935015997278472,1.0148941525530384,1.010058687432989,1.0039176589530443
933,AAPL,2014-03-13,71.608,71.903,70.504,70.703,69087181,-0.0112442187743094,71.495,71.427,70.738,-1.107769774110079,0.0952020944460674,0.974016794367949,70.95485714285714,70.07053333333333,0.3562851987699912,1.785805811223617,53819509.0,58407441.0,0.283682855597958,0.9337008438268338,1.0126204806422263,1.0198428457959832,0.9873617472908056
934,AAPL,2014-03-14,70.453,70.735,69.682,69.908,63579800,0.0039337414888138,70.703,71.495,71.427,-1.1244218774309478,-1.107769774110079,0.0952020944460674,70.80871428571429,70.19430000000001,0.533459062566152,1.6297988272296442,69087181.0,59825143.571428575,-0.0797163948547849,0.9628556823315346,1.008753050970154,1.0151115065583651,0.9922643464437284
935,AAPL,2014-03-17,70.249,70.613,70.062,70.183,53487828,0.0088197996665859,69.908,70.703,71.495,0.3933741488813869,-1.1244218774309478,-1.107769774110079,70.73257142857143,70.3237,0.5844954682341982,1.454731807252537,63579800.0,60360912.85714286,-0.1587292190286852,0.9635763787508888,1.0058141341904854,1.0078644629042848,0.9990604848467596
936,AAPL,2014-03-18,70.068,70.879,69.976,70.802,56191210,-0.0002542301064941,70.183,69.908,70.703,0.881979966658597,0.3933741488813869,-1.1244218774309478,70.75085714285714,70.46959999999999,0.5843598858544653,1.256176453670573,53487828.0,59907244.28571428,0.0505420036872688,0.9717140025445684,1.0039911840404536,1.0129044243740712,1.010475538048753
937,AAPL,2014-03-19,70.918,71.446,70.482,70.784,60225016,-0.0048316003616638,70.802,70.183,69.908,-0.0254230106494168,0.881979966658597,0.3933741488813869,70.75742857142858,70.58293333333333,0.5844498430601109,1.1134597505476873,56191210.0,61665376.28571428,0.071787135390037,0.9444212677732864,1.0024722015628222,1.0136772509293153,0.998110493809752
938,AAPL,2014-03-20,70.617,70.97,70.261,70.442,55860392,0.0078930183697227,70.784,70.802,70.183,-0.4831600361663857,-0.0254230106494168,0.881979966658597,70.61671428571428,70.66803333333334,0.5102377597100225,0.9913298446618608,60225016.0,58892990.85714286,-0.072471944216669,0.945088960671974,0.999273801106407,1.0100909466133416,0.9975218431822364
939,AAPL,2014-03-21,70.874,71.116,70.128,70.998,100370851,0.0119017437110904,70.442,70.784,70.802,0.7893018369722782,-0.4831600361663857,-0.0254230106494168,70.54571428571428,70.75846666666666,0.3874621333333309,0.8844245248904284,55860392.0,65543182.571428575,0.7968160875061527,0.9492544513148378,0.996993259026448,1.0140885238421171,1.001749583768378
940,AAPL,2014-03-24,71.742,72.016,71.29,71.843,95345170,0.0107038959954344,70.998,70.442,70.784,1.190174371109043,0.7893018369722782,-0.4831600361663857,70.70857142857143,70.84523333333333,0.6289297409512243,0.8575951413310136,100370851.0,69294323.85714285,-0.0500711207479948,0.9404058602130432,0.9980709795376228,1.010183756487586,1.0014078224749798
941,AAPL,2014-03-25,72.149,72.715,71.895,72.612,75668667,-0.0095576488734643,71.843,70.998,70.442,1.070389599543442,1.190174371109043,0.7893018369722782,71.09485714285714,70.91626666666666,0.847636405657477,0.9128590907352632,95345170.0,71021304.85714285,-0.2063712613863921,0.9048981545213116,1.0025183287923196,1.0114055219417206,1.0064172753607117
942,AAPL,2014-03-26,72.816,73.148,71.797,71.918,80352724,-0.0042687505214271,72.612,71.843,70.998,-0.9557648873464332,1.070389599543442,1.190174371109043,71.34271428571428,70.9332,0.7881384637871397,0.926936645529439,75668667.0,74859147.14285715,0.0619022005501961,0.8948109624945069,1.0057732385640896,1.01881694221207,0.9876675455943748
943,AAPL,2014-03-27,71.933,72.149,71.297,71.611,59515262,-0.0011171468070547,71.918,72.612,71.843,-0.4268750521427167,-0.9557648873464332,1.070389599543442,71.45828571428572,70.94006666666665,0.7542194009487223,0.9313049403669058,80352724.0,75334011.71428572,-0.2593248985560216,0.898644590303257,1.0073050262280423,1.0119500119219602,0.9955236122502884
944,AAPL,2014-03-28,71.723,71.807,71.181,71.531,53761202,-0.0002516391494596,71.611,71.918,72.612,-0.1117146807054769,-0.4268750521427167,-0.9557648873464332,71.56500000000001,70.90646666666666,0.6933003197308553,0.888844338154351,59515262.0,74410609.71428572,-0.0966820913936328,0.8481059940165726,1.0092873522584214,1.0087944816734804,0.997323034451989
945,AAPL,2014-03-31,71.847,72.058,71.406,71.513,45120078,0.0091591738565015,71.531,71.611,71.918,-0.0251639149459692,-0.1117146807054769,-0.4268750521427167,71.718,70.8742,0.4935760664162502,0.8462651577603568,53761202.0,72876279.14285715,-0.1607315997138605,0.8480830157976719,1.0119056017563517,1.0091308853597738,0.9953512324801316
946,AAPL,2014-04-01,71.649,72.196,71.518,72.168,53756949,0.0016904999445737,71.513,71.531,71.611,0.9159173856501556,-0.0251639149459692,-0.1117146807054769,71.88514285714287,70.8549,0.3979629080657173,0.8078097398891969,45120078.0,66217150.28571428,0.1914196823861873,0.8629870700886809,1.0145401779854726,1.009480130876143,1.0072436461081105
947,AAPL,2014-04-02,72.266,72.411,71.981,72.29,48236882,-0.0069580854890026,72.168,71.513,71.531,0.1690499944573709,0.9159173856501556,-0.0251639149459692,71.949,70.87793333333333,0.4250168624172412,0.8390070458502058,53756949.0,59487394.85714286,-0.1026856453479159,0.8118659824871682,1.015111426311339,1.0059737986413082,1.0003321063847452
948,AAPL,2014-04-03,72.133,72.283,71.634,71.787,43575329,-0.0129410617521278,72.29,72.168,71.513,-0.6958085489002674,0.1690499944573709,0.9159173856501556,71.83114285714286,70.91183333333333,0.3091059303800436,0.854891164006644,48236882.0,54902632.28571428,-0.0966387711378193,0.792607715933762,1.0129641200995063,1.0090599436022,0.9952033050060308
949,AAPL,2014-04-04,71.946,71.946,70.693,70.858,73750958,-0.0156933585480821,71.787,72.29,72.168,-1.2941061752127836,-0.6958085489002674,0.1690499944573709,71.6797142857143,70.941,0.4747328070618639,0.8368449368154453,43575329.0,53959522.85714286,0.6924934290226472,0.8024520905639989,1.0104130796819089,1.017724527180909,0.9848775470491758
950,AAPL,2014-04-07,70.385,70.736,69.534,69.746,77608565,-7.168869899343289e-05,70.858,71.787,72.29,-1.569335854808218,-1.2941061752127836,-0.6958085489002674,71.41328571428572,70.9229,0.8746301531318488,0.8570612721011933,73750958.0,56544280.42857143,0.0523058561490143,0.8507621468001573,1.0069143494454644,1.0172865073201598,0.9909213610854584
951,AAPL,2014-04-08,69.975,70.099,69.113,69.741,65359845,0.0131486500050186,69.746,70.858,71.787,-0.0071688698993432,-1.569335854808218,-1.2941061752127836,71.15757142857143,70.92896666666667,1.0735316882699653,0.8476667157069013,77608565.0,58201229.42857143,-0.157826909955106,0.828837234032363,1.0032230099019923,1.014266491108764,0.9966559485530548
952,AAPL,2014-04-09,69.619,70.68,69.553,70.658,55224337,-0.0128930906620623,69.741,69.746,70.858,1.3148650005018636,-0.0071688698993432,-1.569335854808218,71.03542857142858,70.98653333333333,1.0749908305282108,0.7615719104000801,65359845.0,59644695.0,-0.1550723995749989,0.8432008307514244,1.0006887959701547,1.016203470734548,1.0149240868153808
953,AAPL,2014-04-10,70.707,70.915,69.704,69.747,64210843,-0.0073981676631253,70.658,69.741,69.746,-1.2893090662062343,1.3148650005018636,-0.0071688698993432,70.68957142857143,70.96793333333333,1.0387205041394187,0.7852374529204833,55224337.0,61138108.42857143,0.1627272772871859,0.7989827457530707,0.9960776382841184,1.01737346493745,0.9864228435657008
954,AAPL,2014-04-11,69.192,69.66,68.902,69.231,72865944,0.0039577645852291,69.747,70.658,69.741,-0.7398167663125399,-1.2893090662062343,1.3148650005018636,70.25257142857143,70.93846666666667,0.8853358792305196,0.8334542054854973,64210843.0,64656545.85714286,0.1347918917681863,0.8085263851801902,0.9903311239962628,1.011001132042611,1.0005636489767604
955,AAPL,2014-04-14,69.521,69.572,68.912,69.505,55141578,-0.007107402345155,69.231,69.747,70.658,0.3957764585229117,-0.7398167663125399,-1.2893090662062343,69.92657142857142,70.91136666666667,0.6004689437315892,0.8668720417566783,72865944.0,66308867.14285714,-0.2432462276204093,0.8102465413760854,0.9861123077386948,1.0095774320872997,0.9997698537132664
956,AAPL,2014-04-15,69.319,69.5,68.128,69.011,71395004,0.0020141716537944,69.505,69.231,69.747,-0.7107402345155056,0.3957764585229117,-0.7398167663125399,69.66271428571429,70.85236666666667,0.5238869834550972,0.9337081240501878,55141578.0,65972302.28571428,0.294758086175916,0.8083652962200845,0.9832094192908298,1.0201385627054955,0.995556773756113
957,AAPL,2014-04-16,69.023,69.429,68.503,69.15,57571857,0.0114533622559651,69.011,69.505,69.231,0.2014171653794472,-0.7107402345155056,0.3957764585229117,69.57757142857143,70.79299999999999,0.5555687347688905,0.9838112378509984,71395004.0,63109915.42857143,-0.1936150462292851,0.8082362112519038,0.9828312323050504,1.0135176561610442,1.0018399663880158
958,AAPL,2014-04-17,69.304,70.318,69.176,69.942,76225876,0.0118812730548167,69.15,69.011,69.505,1.145336225596516,0.2014171653794472,-0.7107402345155056,69.6062857142857,70.7672,0.5704190606624205,0.9959738744658236,57571857.0,64662205.571428575,0.3240128071602761,0.8372864336125583,0.9835953056541124,1.0165086157048686,1.0092058178460117
959,AAPL,2014-04-21,69.995,70.902,69.813,70.773,48937241,0.0009749480734178,69.942,69.15,69.011,1.1881273054816788,1.145336225596516,0.2014171653794472,69.62271428571428,70.77050000000001,0.6062861574924849,0.9958184209904846,76225876.0,63764049.0,-0.3579970009134431,0.8664175833840696,0.983781579693718,1.0155988139744747,1.0111150796485462
960,AAPL,2014-04-22,70.393,70.859,70.151,70.842,54306219,-0.0130572259394143,70.773,69.942,69.15,0.0974948073417802,1.1881273054816788,1.145336225596516,69.77914285714284,70.77396666666667,0.7643536329446046,0.9958824014255094,48937241.0,62349102.71428572,0.1097114976301993,0.8664412237592704,0.985943647694508,1.010092514718251,1.0063784751324705
961,AAPL,2014-04-23,70.494,70.767,69.876,69.917,105031141,0.0819686199350657,70.842,70.773,69.942,-1.3057225939414383,0.0974948073417802,1.1881273054816788,69.87714285714286,70.72363333333334,0.7253430058914474,0.9998897692108292,54306219.0,66944130.85714286,0.9340536486253996,0.8787282684723706,0.9880310097729168,1.0127511591962906,0.9918149062331546
962,AAPL,2014-04-24,75.707,75.945,74.711,75.648,203605444,0.007336611675127,69.917,70.842,70.773,8.196861993506577,-1.3057225939414383,0.0974948073417802,70.75471428571429,70.86206666666666,2.270466744548491,1.3400086704120189,105031141.0,88153254.57142857,0.938524537213206,1.7466959118310286,0.9984850515091896,1.016516978758148,0.999220679725785
963,AAPL,2014-04-25,75.218,76.211,75.141,76.203,104551267,0.0387255094943768,75.648,69.917,70.842,0.7336611675127003,8.196861993506577,-1.3057225939414383,71.78214285714286,71.0454,2.892061746032197,1.6563879189153785,203605444.0,92889863.57142857,-0.486500631093145,1.7313479758556232,1.010370028983479,1.0142398956628205,1.013095269749262
964,AAPL,2014-04-28,76.319,79.376,76.285,79.154,179365028,-0.0029436288753568,76.203,75.648,69.917,3.872550949437681,0.7336611675127003,8.196861993506577,73.21128571428572,71.35359999999999,3.726103492671837,2.206347466929309,104551267.0,110288888.0,0.7155701039950095,1.8306893043278285,1.0260349262586013,1.0405191059841383,1.0371467131382748
965,AAPL,2014-04-29,79.108,79.408,78.544,78.921,90348130,-0.0038012696240545,79.154,76.203,75.648,-0.2943628875356818,3.872550949437681,0.7336611675127003,74.494,71.64486666666667,3.9517548844371664,2.5899091680691,179365028.0,112306352.85714284,-0.4962890424771098,1.835470548765188,1.0397674455392476,1.011000203707476,0.9976361429943874
966,AAPL,2014-04-30,78.961,79.866,78.583,78.621,122417131,0.0023530608870403,78.921,79.154,76.203,-0.3801269624054582,-0.2943628875356818,3.872550949437681,75.61514285714286,71.9055,3.831574064210477,2.879411910143053,90348130.0,122803480.0,0.3549492501947744,1.838684204662276,1.0515905300309831,1.0163266864334526,0.9956940768227353
967,AAPL,2014-05-01,78.877,79.252,78.125,78.806,65429177,0.0018526508133898,78.621,78.921,79.154,0.2353060887040348,-0.3801269624054582,-0.2943628875356818,76.75285714285714,72.1729,3.327253092697338,3.1329914684494624,122417131.0,124392474.0,-0.4655227053148305,1.8373882247878144,1.063458128228977,1.0144256,0.9990998643457536
968,AAPL,2014-05-02,78.942,79.168,78.571,78.952,51295837,0.0141351707366501,78.806,78.621,78.921,0.1852650813389811,0.2353060887040348,-0.3801269624054582,78.04357142857143,72.45656666666667,1.464545533281502,3.348698199798115,65429177.0,116716002.0,-0.2160097474556344,1.830673131427354,1.0771083287399958,1.007598223263036,1.0001266752805855
969,AAPL,2014-05-05,78.627,80.074,78.609,80.068,76869322,-0.0108657641005146,78.952,78.806,78.621,1.413517073665016,0.1852650813389811,0.2353060887040348,78.675,72.7589,1.1858889773811014,3.6115902825435935,51295837.0,98610841.71428572,0.4985489368269789,1.8388206646798937,1.0813110148724074,1.018636542889491,1.0183270377860023
970,AAPL,2014-05-06,80.183,80.532,79.198,79.198,100362399,-0.0034975630697743,80.068,78.952,78.806,-1.0865764100514652,1.413517073665016,0.1852650813389811,79.10285714285715,73.00406666666667,0.468918766452404,3.792387483233523,76869322.0,98012432.0,0.305623575032963,1.8527538685483964,1.0835404211663615,1.0168438596934266,0.9877156005637104
971,AAPL,2014-05-07,79.306,79.581,78.307,78.921,75755285,-0.0017992676220525,79.198,80.068,78.952,-0.3497563069774334,-1.0865764100514652,1.413517073665016,79.06957142857144,73.21436666666666,0.4729358156470197,3.9418772132533006,100362399.0,83211040.14285715,-0.2451826007068643,1.8516287648338217,1.0799734400293672,1.0162692990409543,0.9951453862255064
972,AAPL,2014-05-08,78.815,79.641,78.566,78.779,61329017,-0.0041254649081607,78.921,79.198,80.068,-0.1799267622052514,-0.3497563069774334,-1.0865764100514652,79.04928571428572,73.44306666666667,0.4833024292331455,4.061293109286502,75755285.0,79065452.57142857,-0.1904324958978109,1.838944870349955,1.0763342178106994,1.01368276353639,0.9995432341559348
973,AAPL,2014-05-09,78.316,78.545,77.754,78.454,77701371,0.0124276646187575,78.779,78.921,79.198,-0.4125464908160792,-0.1799267622052514,-0.3497563069774334,79.02542857142858,73.67116666666668,0.5112793943188356,4.146128423275941,61329017.0,72677486.85714285,0.2669593416114919,1.8387460619224745,1.0726778487028426,1.010173110065077,1.0017620920373869
974,AAPL,2014-05-12,78.713,79.54,78.701,79.429,56840197,0.0015611426557049,78.454,78.779,78.921,1.242766461875755,-0.4125464908160792,-0.1799267622052514,79.11442857142858,73.93443333333335,0.5208508606646036,4.254871842012614,77701371.0,71450489.71428572,-0.2684788406114481,1.844389639100934,1.0700620131183156,1.0106606015171349,1.009096337326744
975,AAPL,2014-05-13,79.315,79.657,79.141,79.553,42568593,0.0002011237791159,79.429,78.454,78.779,0.156114265570495,1.242766461875755,-0.4125464908160792,79.20028571428573,74.20243333333333,0.5388375495168897,4.349254115071808,56840197.0,70203740.57142857,-0.2510829439947226,1.8433619981495912,1.067354292257519,1.0065200085922592,1.003000693437559
976,AAPL,2014-05-14,79.375,80.041,79.282,79.569,44314309,-0.0085209063831391,79.553,79.429,78.454,0.0201123779115963,0.156114265570495,1.242766461875755,79.129,74.44913333333334,0.4261310440159346,4.438855170309829,42568593.0,65553024.42857143,0.0410094832121887,1.8414956129497797,1.062859921360177,1.0095734214575818,1.002444094488189
977,AAPL,2014-05-15,79.68,79.935,78.786,78.891,61473971,0.0147672104549314,79.569,79.553,79.429,-0.8520906383139182,0.0201123779115963,0.156114265570495,79.08514285714286,74.66916666666667,0.4335790695262412,4.491430553792191,44314309.0,59997534.71428572,0.3872262117412233,1.8541916887773944,1.0591405581126907,1.0145838093062218,0.990097891566265
978,AAPL,2014-05-16,78.866,80.057,78.434,80.056,73643793,0.0118666933146798,78.891,79.569,79.553,1.4767210454931456,-0.8520906383139182,0.0201123779115963,79.24728571428571,74.9448,0.5567065996579462,4.561636808472545,61473971.0,59695893.0,0.1979670712991681,1.856070342611329,1.0574087290150311,1.0206925567993472,1.0150888849440824
979,AAPL,2014-05-19,80.1,81.371,80.031,81.006,84639303,0.0001728267041947,80.056,78.891,79.569,1.186669331467982,1.4767210454931456,-0.8520906383139182,79.56542857142857,75.28306666666667,0.8190252045705605,4.6239662847275005,73643793.0,63025933.85714286,0.1493066768030266,1.8340378136151845,1.0568834678816028,1.0167435118891428,1.0113108614232211
980,AAPL,2014-05-20,80.996,81.247,80.488,81.02,62516532,0.0026536657615403,81.006,80.056,78.891,0.0172826704194717,1.186669331467982,1.4767210454931456,79.932,75.65886666666667,0.8128853957811785,4.616564588771248,84639303.0,60856671.14285714,-0.261377046075155,1.795895986312516,1.0564789498124476,1.0094299771394493,1.000296310928935
981,AAPL,2014-05-21,80.9,81.286,80.665,81.235,52478753,0.0015879854742415,81.02,81.006,80.056,0.2653665761540358,0.0172826704194717,1.186669331467982,80.19000000000001,76.042,0.9077029616974877,4.585343111292072,62516532.0,60233607.71428572,-0.1605619934259948,1.7938478752478024,1.0545488019778544,1.0076985061674828,1.004140914709518
982,AAPL,2014-05-22,81.273,81.709,80.938,81.364,53517596,0.0112949215869426,81.235,81.02,81.006,0.1587985474241549,0.2653665761540358,0.0172826704194717,80.4487142857143,76.39886666666668,0.9528486613499356,4.568450221889569,52478753.0,61797751.0,0.0197954970462046,1.7887005372815272,1.0530092630394294,1.0095258098791668,1.0011196830435694
983,AAPL,2014-05-23,81.361,82.362,81.256,82.283,61841671,0.0187158951423744,81.364,81.235,81.02,1.1294921586942674,0.1587985474241549,0.2653665761540358,80.83642857142857,76.81673333333333,1.0790407556662769,4.512009659543505,53517596.0,64301659.85714286,0.1555390305648258,1.760192594597516,1.0523283803367744,1.0136113025499656,1.0113322107643712
984,AAPL,2014-05-27,82.487,83.855,82.483,83.823,92959721,-0.0026126480798824,82.283,81.364,81.235,1.8715895142374483,1.1294921586942674,0.1587985474241549,81.54100000000001,77.30313333333334,1.2004127068116006,4.452181090697638,61841671.0,68799624.14285715,0.5031890228192573,1.757912725088283,1.0548214087052965,1.0166337305869089,1.0161964915683683
985,AAPL,2014-05-28,83.874,84.387,83.575,83.604,84112408,0.0182527151810918,83.823,82.283,81.364,-0.2612648079882484,1.8715895142374483,1.1294921586942674,82.04785714285715,77.77310000000001,1.2178094307123903,4.3434435516309735,92959721.0,70295140.57142857,-0.0951736182598913,1.7653174613068168,1.0549644689855122,1.0097158241100808,0.9967808856141356
986,AAPL,2014-05-29,84.121,85.331,84.11,85.13,100301688,-0.0037237166686243,83.604,83.823,82.283,1.825271518109184,-0.2612648079882484,1.8715895142374483,82.63700000000001,78.3104,1.574953544291084,4.217322230989445,84112408.0,72532624.14285715,0.1924719596661648,1.7595098014475392,1.0552493666230796,1.014516704315777,1.0119946267876037
987,AAPL,2014-05-30,85.478,86.307,84.26,84.813,150300491,-0.0068975275016802,85.13,83.604,83.823,-0.3723716668624366,1.825271518109184,-0.2612648079882484,83.17885714285714,78.8325,1.5783902589449592,4.008532380413731,100301688.0,85073189.71428572,0.4984841630980328,1.7683989842892245,1.0551340772252198,1.0242938523617375,0.9922202204075904
988,AAPL,2014-06-02,84.939,85.054,83.404,84.228,98405789,0.0141164458374887,84.813,85.13,83.604,-0.6897527501680267,-0.3723716668624366,1.825271518109184,83.60642857142857,79.3087,1.3534088883468507,3.7565990685814143,150300491.0,91634194.85714284,-0.34527300379877,1.7840413154094994,1.0541898754036891,1.0197832238261957,0.9916292869000106
989,AAPL,2014-06-03,84.202,85.581,84.174,85.417,78047724,0.011438004144374,84.228,84.813,85.13,1.4116445837488725,-0.6897527501680267,-0.3723716668624366,84.18542857142857,79.79683333333332,1.0718589548333444,3.5552486220186634,98405789.0,95138498.85714284,-0.2068787335265408,1.7868898760173944,1.0549971102206883,1.0167153752940337,1.014429585995582
990,AAPL,2014-06-04,85.403,86.805,85.227,86.394,89398150,0.0039238836030279,85.417,84.228,84.813,1.1438004144374014,1.4116445837488725,-0.6897527501680267,84.77271428571429,80.31523333333334,0.9778813347083022,3.331280179350144,78047724.0,99075138.71428572,0.1454293016923851,1.7860714643174476,1.0554998194910423,1.0185152592488296,1.0116038078287648
991,AAPL,2014-06-05,86.578,87.002,86.097,86.733,80934610,-0.0027555832266842,86.394,85.417,84.228,0.3923883603027978,1.1438004144374014,1.4116445837488725,85.18842857142856,80.87576666666665,1.1156870614364611,2.9093425336592342,89398150.0,97357265.71428572,-0.09467242890373,1.7475077361388431,1.053324525782077,1.010511399932634,1.001790293146065
992,AAPL,2014-06-06,87.075,87.256,86.346,86.494,93342815,0.0160126713991721,86.733,86.394,85.417,-0.2755583226684233,0.3923883603027978,1.1438004144374014,85.60128571428571,81.2373,0.9547679847853766,2.911201649632915,80934610.0,98675895.28571428,0.1533114819482048,1.0424183801703129,1.0537189900979689,1.0105389942788316,0.9933275911570484
993,AAPL,2014-06-09,86.938,88.048,86.051,87.879,80295914,0.0058603306819604,86.494,86.733,86.394,1.6012671399172174,-0.2755583226684233,0.3923883603027978,85.994,81.62650000000001,1.2487188100913678,2.994255762115747,93342815.0,95817927.57142857,-0.1397740254565924,1.0623242191924642,1.053505908007816,1.023207167842326,1.0108238054705652
994,AAPL,2014-06-10,88.846,89.147,87.757,88.394,66883772,-0.0041179265561011,87.879,86.494,86.733,0.5860330681960457,1.6012671399172174,-0.2755583226684233,86.50557142857143,81.93450000000001,1.407663176707089,3.199360601529396,80295914.0,83901253.42857143,-0.1670339290240845,0.8485393980660231,1.0557893369529492,1.0158391923151429,0.9949125453031088
995,AAPL,2014-06-11,88.282,88.872,87.662,88.03,48658211,-0.0167442917187322,88.394,87.879,86.494,-0.4117926556101103,0.5860330681960457,1.6012671399172174,87.04871428571428,82.23813333333332,1.07708057796907,3.3329570668091817,66883772.0,76794456.57142857,-0.2724960099439367,0.8519840064841505,1.0584957459197473,1.013803016130136,0.99714551097619
996,AAPL,2014-06-12,88.189,88.273,86.19,86.556,58320003,-0.0109524469707471,88.03,88.394,87.879,-1.6744291718732265,-0.4117926556101103,0.5860330681960457,87.21142857142857,82.50263333333334,0.8520132739912448,3.350815613356025,48658211.0,73976210.71428572,0.1985644724998212,0.9211512190504326,1.0570744841448927,1.02416753683722,0.9814829513884952
997,AAPL,2014-06-13,86.473,86.697,85.234,85.608,58118984,0.0101041958695449,86.556,88.03,88.394,-1.0952446970747154,-1.6744291718732265,-0.4117926556101103,87.09914285714285,82.72936666666668,1.0140756757757798,3.322062907948266,58320003.0,69507758.42857143,-0.0034468276690589,0.9569600142953492,1.0528201334851612,1.0171645118145345,0.9899968776381068
998,AAPL,2014-06-16,85.824,86.986,85.769,86.473,37895837,-0.0013298948804828,85.608,86.556,88.03,1.010419586954492,-1.0952446970747154,-1.6744291718732265,87.06200000000001,82.98006666666667,1.0342818764774036,3.3109418071860754,58118984.0,63359362.28571428,-0.347961124027908,0.9659369225449562,1.0491917335970646,1.0141892758455853,1.0075619873228934
999,AAPL,2014-06-17,86.574,86.938,86.096,86.358,31676565,0.0011116514972555,86.473,85.608,86.556,-0.1329894880482851,1.010419586954492,-1.0952446970747154,87.04257142857143,83.18973333333334,1.0479172768197074,3.3193229049196646,37895837.0,54549898.0,-0.1641149132027352,0.9459786033145337,1.0463138651953618,1.0097797807099052,0.9975050246032297
1000,AAPL,2014-06-18,86.537,86.556,85.674,86.454,35716386,-0.0035047539732111,86.358,86.473,85.608,0.1111651497255561,-0.1329894880482851,1.010419586954492,86.83900000000001,83.43159999999999,0.9954478054337584,3.282585971770862,31676565.0,48181394.0,0.1275334304713911,0.9119952448769162,1.0408406407164674,1.0102948385741295,0.9990408726902942
1001,AAPL,2014-06-19,86.556,86.565,85.665,86.151,37860944,-0.0103306984248586,86.454,86.358,86.473,-0.350475397321115,0.1111651497255561,-0.1329894880482851,86.51857142857143,83.6726,0.7396052679574467,3.204484697936353,35716386.0,44035275.71428572,0.0600440929269832,0.9120128289932256,1.0340131826735566,1.0105060409735598,0.9953209482878136
1002,AAPL,2014-06-20,86.142,86.799,85.251,85.261,107532634,-0.0008796518924243,86.151,86.454,86.358,-1.0330698424858675,-0.350475397321115,0.1111651497255561,86.123,83.88866666666667,0.4972973624261528,3.0792301583048305,37860944.0,52445907.571428575,1.840199494233424,0.9402487405707812,1.02663450764108,1.0181581447724954,0.9897727008892294
1003,AAPL,2014-06-23,85.646,85.928,84.973,85.186,46568517,-0.0060455943464888,85.261,86.151,86.454,-0.0879651892424338,-1.0330698424858675,-0.350475397321115,85.92728571428572,84.11306666666665,0.563645785434305,2.910177763658065,107532634.0,50767123.85714286,-0.5669359591805405,0.9339922469366532,1.0215688134972971,1.011238864109776,0.9946290544800692
1004,AAPL,2014-06-24,85.113,86.041,84.589,84.671,41613569,0.0008857814363829,85.186,85.261,86.151,-0.6045594346488881,-0.0879651892424338,-1.0330698424858675,85.79342857142858,84.2878,0.7367796724418555,2.773394290333252,46568517.0,48409207.42857143,-0.1064012409929223,0.9291443816111996,1.017862947798241,1.0171653524689972,0.9948069037632324
1005,AAPL,2014-06-25,84.608,85.064,84.08,84.746,39299432,0.0059589833148467,84.671,85.186,85.261,0.0885781436382959,-0.6045594346488881,-0.0879651892424338,85.54671428571429,84.4609,0.7600744951019017,2.625816580378572,41613569.0,48609721.0,-0.0556101544666837,0.9293798236725116,1.0128558218739594,1.0117031398667935,1.0016310514372162
1006,AAPL,2014-06-26,84.756,85.392,84.221,85.251,34768469,0.0119060186977277,84.746,84.671,85.186,0.5958983314846789,0.0885781436382959,-0.6045594346488881,85.38857142857144,84.6503,0.6733594525883454,2.46051487673182,39299432.0,49051421.571428575,-0.1152933457155309,0.9311564352267144,1.008721427196022,1.0139038957029718,1.0058402944924254
1007,AAPL,2014-06-27,85.177,86.286,85.13,86.266,68252052,0.0103285187675328,85.251,84.746,84.671,1.1906018697727785,0.5958983314846789,0.0885781436382959,85.36171428571429,84.89613333333334,0.6258556048357776,2.22212851879024,34768469.0,53699373.85714286,0.9630445044905488,0.9236257451074916,1.0054841243540846,1.0135792317631858,1.0127851415288165
1008,AAPL,2014-06-30,86.377,87.895,86.368,87.157,52861317,0.0063333983501039,86.266,85.251,84.746,1.0328518767532824,1.1906018697727785,0.5958983314846789,85.50542857142857,85.13283333333332,0.8949556520056069,2.061148158159177,68252052.0,55842284.28571428,-0.225498494902395,0.907582208885433,1.0043766338262978,1.017680159318266,1.009030181645577
1009,AAPL,2014-07-01,87.709,88.225,87.345,87.709,40725631,-0.0004332508636513,87.157,86.266,85.251,0.6333398350103936,1.0328518767532824,1.1906018697727785,85.85514285714287,85.35626666666667,1.2073079458861145,1.959150307259423,52861317.0,46298426.71428572,-0.2295759297862366,0.8942059431506882,1.005844634611591,1.0100749899822543,1.0
1010,AAPL,2014-07-02,88.03,88.215,87.307,87.671,30350622,0.0059084531943285,87.709,87.157,86.266,-0.0433250863651313,0.6333398350103936,1.0328518767532824,86.21014285714286,85.57796666666667,1.3362238371120798,1.8231280713010047,40725631.0,43981584.571428575,-0.254753793747235,0.8948629680498696,1.0073871373099874,1.0104000824676145,0.9959218448256276
1011,AAPL,2014-07-03,87.851,88.255,87.41,88.189,24408182,0.0206034766240688,87.671,87.709,87.157,0.5908453194328533,-0.0433250863651313,0.6333398350103936,86.71271428571427,85.80976666666666,1.3223611098226706,1.6890548404421015,30350622.0,41523672.14285714,-0.1957930219683801,0.8968110219963584,1.010522667222196,1.00966708614575,1.0038474234783894
1012,AAPL,2014-07-07,88.292,90.026,88.255,90.006,60137317,-0.006432904473035,88.189,87.671,87.709,2.0603476624068806,0.5908453194328533,-0.0433250863651313,87.46414285714286,86.09783333333333,1.5009488586225166,1.6409452928178008,24408182.0,44500512.85714286,1.463817952521003,0.9534999841002034,1.01586926721512,1.0200668517364455,1.019412857337018
1013,AAPL,2014-07-08,90.29,90.785,88.084,89.427,69499690,0.000391380679213,90.006,88.189,87.671,-0.6432904473035017,2.0603476624068806,0.5908453194328533,88.06071428571428,86.33596666666666,1.289742185388941,1.5856850468532535,60137317.0,49462115.85714286,0.1556832507176866,0.95789926003141,1.0199771623071838,1.0306639117206302,0.9904419094030348
1014,AAPL,2014-07-09,89.509,89.989,88.872,89.462,38832141,-0.0036328273456887,89.427,90.006,88.189,0.0391380679213071,-0.6432904473035017,2.0603476624068806,88.51728571428573,86.52393333333335,1.1003037026681777,1.611538714981111,69499690.0,45259271.42857143,-0.4412616660592299,0.9103056049878312,1.023038161860638,1.012568638041228,0.9994749131372264
1015,AAPL,2014-07-10,87.933,89.615,87.709,89.137,42298257,0.0018735205358044,89.462,89.427,90.006,-0.3632827345688705,0.0391380679213071,-0.6432904473035017,88.80014285714286,86.70836666666666,0.9343108741387648,1.5821884774447172,38832141.0,43750262.85714286,0.0892589466030213,0.9123585125837724,1.0241242716347965,1.0217309512136723,1.0136922429577064
1016,AAPL,2014-07-11,89.436,89.933,88.966,89.304,36251885,0.0129221535429544,89.137,89.462,89.427,0.1873520535804473,-0.3632827345688705,0.0391380679213071,89.028,86.84750000000001,0.8100892954957868,1.6216383743730576,42298257.0,43111156.28571428,-0.142946126598077,0.8603776646452977,1.02510722818734,1.0108693208641506,0.9985240842613712
1017,AAPL,2014-07-14,89.905,90.87,89.707,90.458,45599128,-0.0117070905834751,89.304,89.137,89.462,1.292215354295445,0.1873520535804473,-0.3632827345688705,89.42614285714286,87.03566666666667,0.7107853470170217,1.7028975171809089,36251885.0,45289514.28571428,0.2578415715486242,0.8781356705023955,1.0274654780278911,1.0129644286399055,1.0061509371002724
1018,AAPL,2014-07-15,90.785,90.832,89.127,89.399,48635107,-0.0056823901833353,90.458,89.304,89.137,-1.1707090583475188,1.292215354295445,0.1873520535804473,89.59900000000002,87.20803333333333,0.4641034367577323,1.6702981663061636,45599128.0,48750503.571428575,0.0665797600340076,0.8994259250107491,1.0274168167229245,1.0191300054977728,0.9847331607644436
1019,AAPL,2014-07-16,90.936,91.067,88.853,88.891,56993284,-0.0178195767850514,89.399,90.458,89.304,-0.5682390183335384,-1.1707090583475188,1.292215354295445,89.43971428571429,87.32383333333334,0.4916576431883614,1.6622509682978417,48635107.0,48301356.0,0.1718548085028373,0.8800901981082423,1.0242302802295016,1.0249175604650378,0.9775116565496612
1020,AAPL,2014-07-17,89.127,89.361,86.818,87.307,61033713,0.014397470993162,88.891,89.399,90.458,-1.7819576785051416,-0.5682390183335384,-1.1707090583475188,89.13685714285715,87.35426666666666,0.9448646161579778,1.6529720137252282,56993284.0,47091930.71428572,0.0708930722433891,0.9255739214487912,1.0204064500133994,1.029291160819185,0.9795797008762778
1021,AAPL,2014-07-18,87.804,88.853,87.24,88.564,53258066,-0.0052052752811525,87.307,88.891,89.399,1.439747099316202,-1.7819576785051416,-0.5682390183335384,89.00857142857141,87.41530000000002,0.9542764898381428,1.6630145903100555,61033713.0,49152777.14285714,-0.1273992129562886,0.9585222358653191,1.0182264595393644,1.0184892251260889,1.0086556421119766
1022,AAPL,2014-07-21,89.089,89.098,87.895,88.103,41588495,0.0083311578493354,88.564,87.307,88.891,-0.5205275281152555,1.439747099316202,-1.7819576785051416,88.86085714285716,87.46893333333334,1.0095123292299573,1.658216219279914,53258066.0,49051382.571428575,-0.2191136831743008,0.9626382679965044,1.0159133506775413,1.0136867853689062,0.988932415898708
1023,AAPL,2014-07-22,88.798,88.994,88.273,88.837,58640916,0.0260477053479968,88.103,88.564,87.307,0.8331157849335469,-0.5205275281152555,1.439747099316202,88.79414285714287,87.50086666666668,0.990599890403424,1.675519574244382,41588495.0,52249815.571428575,0.4100273645391592,0.9300565086522156,1.0147801529258322,1.0081678429417829,1.0004391990810604
1024,AAPL,2014-07-23,89.49,91.798,89.256,91.151,99020557,-0.0016346501958288,88.837,88.103,88.564,2.604770534799683,0.8331157849335469,-0.5205275281152555,88.89314285714285,87.59276666666666,1.197600159847725,1.7973738252834344,58640916.0,59881448.28571428,0.6885915799814586,1.037701086237894,1.0148457029040394,1.0284798781034328,1.018560733042798
1025,AAPL,2014-07-24,91.011,91.273,90.43,91.002,48739410,0.0065822729170788,91.151,88.837,88.103,-0.1634650195828868,2.604770534799683,0.8331157849335469,89.12214285714285,87.69183333333334,1.4393156277205787,1.901209235583811,99020557.0,59896348.71428572,-0.5077849339910298,1.0344001424383038,1.016310635431382,1.009322127612518,0.999901110854732
1026,AAPL,2014-07-25,90.832,91.761,90.636,91.601,46330790,0.0138426436392615,91.002,91.151,88.837,0.6582272917078802,-0.1634650195828868,2.604770534799683,89.50928571428571,87.86,1.706454678987659,2.0168801957815568,48739410.0,58373135.28571428,-0.0494183249243271,0.981501530631274,1.0187717472602515,1.012412286508672,1.0084661793200635
1027,AAPL,2014-07-28,91.741,93.074,91.49,92.869,58914302,-0.0064822491897188,91.601,91.002,91.151,1.3842643639261576,0.6582272917078802,-0.1634650195828868,90.30385714285714,88.10203333333332,1.8023196561286356,2.1673719901475352,46330790.0,58070362.28571428,0.2716014987009718,0.97358900607162,1.0249917479338215,1.0173133675811563,1.012295484025681
1028,AAPL,2014-07-29,93.159,93.262,92.146,92.267,45964362,-0.002330193893808,92.869,91.601,91.002,-0.6482249189718847,1.3842643639261576,0.6582272917078802,90.83285714285716,88.29516666666667,1.7491939504243377,2.272790493299967,58914302.0,57028404.571428575,-0.2198097840487017,0.9775498025598944,1.0287409897052553,1.012111214811278,0.9904249723590848
1029,AAPL,2014-07-30,92.324,92.567,91.601,92.052,35187956,-0.0259744492243515,92.267,92.869,91.601,-0.2330193893808063,-0.6482249189718847,1.3842643639261576,91.397,88.48496666666666,1.301567388450335,2.342134179779179,45964362.0,56114041.85714286,-0.2344513342750194,0.9789684738981408,1.032909921798392,1.0105457364002577,0.9970538538191588
1030,AAPL,2014-07-31,91.124,91.395,89.408,89.661,60546841,0.0055431012368811,92.052,92.267,92.869,-2.597444922435155,-0.2330193893808063,-0.6482249189718847,91.51471428571428,88.59186666666666,1.0430376653982163,2.319316066449307,35187956.0,56386316.85714286,0.72066945292304,1.105815663296094,1.032992279415954,1.0222239620615603,0.9839449541284404
1031,AAPL,2014-08-01,89.004,90.617,88.921,90.158,51711818,-0.0056123693959493,89.661,92.052,92.267,0.5543101236881176,-2.597444922435155,-0.2330193893808063,91.37285714285714,88.72543333333334,1.1615425704070836,2.289084483207709,60546841.0,49627925.571428575,-0.1459204618123677,1.104670889145753,1.0298383869208918,1.0190731098390706,1.0129657094063187
1032,AAPL,2014-08-04,90.382,90.579,89.256,89.652,42582820,-0.0049301744523269,90.158,89.661,92.052,-0.5612369395949335,0.5543101236881176,-2.597444922435155,91.18,88.87180000000002,1.332825569986822,2.198517186807415,51711818.0,48748412.71428572,-0.1765360096216304,1.090401584800642,1.025972243163748,1.014822532938962,0.9919231705428072
1033,AAPL,2014-08-05,89.436,89.734,88.498,89.21,59603481,-0.0016926353547808,89.652,90.158,89.661,-0.4930174452326907,-0.5612369395949335,0.5543101236881176,90.83842857142858,89.00593333333333,1.5025259684028405,2.085751017198617,42582820.0,50644511.42857143,0.3997072293474222,1.0962400632944005,1.0205884615717968,1.0139664173201652,0.99747305335659
1034,AAPL,2014-08-06,88.862,89.548,88.827,89.059,41075935,-0.0001010566029261,89.21,89.652,90.158,-0.1692635354780813,-0.4930174452326907,-0.5612369395949335,90.29414285714286,89.1522,1.3238153734065774,1.918419902976372,59603481.0,48096173.28571428,-0.3108467104463244,1.0886288052172033,1.0128089139375458,1.0081169013925946,1.0022169206184872
1035,AAPL,2014-08-07,89.474,90.437,88.693,89.05,49506505,0.0027512633352049,89.059,89.21,89.652,-0.0101056602926141,-0.1692635354780813,-0.4930174452326907,89.83457142857142,89.29566666666668,1.0561098202323835,1.7291424889593046,41075935.0,48602193.71428572,0.2052435324965822,1.0890457315012354,1.0060350606252422,1.0196633330702536,0.9952611931957888
1036,AAPL,2014-08-08,88.845,89.373,87.919,89.295,44397365,0.0132034268436083,89.05,89.059,89.21,0.2751263335204923,-0.0101056602926141,-0.1692635354780813,89.44071428571428,89.43046666666666,0.4042465066088362,1.5514578179626688,49506505.0,49917823.571428575,-0.1032013873732351,1.0863013749628787,1.000114587560924,1.0165379497037046,1.0050650008441668
1037,AAPL,2014-08-11,89.797,90.558,89.392,90.474,38777694,-0.0001989521851581,89.295,89.05,89.059,1.3203426843608312,0.2751263335204923,-0.0101056602926141,89.55685714285714,89.57073333333332,0.5635040457122339,1.4418437653491136,44397365.0,46807945.42857143,-0.1265766785934255,1.0907935167665954,0.999845081200524,1.0130436728118848,1.0075392273683976
1038,AAPL,2014-08-12,90.523,91.313,90.116,90.456,35843833,0.0132329530379411,90.474,89.295,89.05,-0.0198952185158196,1.3203426843608312,0.2751263335204923,89.59942857142858,89.68070000000002,0.6244490524117081,1.375691654254018,38777694.0,44541090.42857143,-0.075658470047239,1.0787665548916332,0.9990937690208548,1.013282879843757,0.9992598566110272
1039,AAPL,2014-08-13,90.624,91.653,90.523,91.653,33844029,0.0026731258114844,90.456,90.474,89.295,1.3232953037941142,-0.0198952185158196,1.3203426843608312,89.88528571428573,89.81216666666666,0.9984998271268064,1.369207676328719,35843833.0,43292691.71428572,-0.0557921358466322,1.0970768915722553,1.0008141329881337,1.0124830153662605,1.0113546080508475
1040,AAPL,2014-08-14,91.735,91.963,91.238,91.898,29809389,0.0049076149644171,91.653,90.456,90.474,0.2673125811484489,1.3232953037941142,-0.0198952185158196,90.26928571428572,89.95306666666667,1.1933724920461266,1.358722547438398,33844029.0,39036392.85714286,-0.1192127568499601,1.096630399666248,1.0035153781781652,1.0079462504658143,1.0017768572518668
1041,AAPL,2014-08-15,92.273,92.547,91.294,92.349,51895143,0.0120521066822596,91.898,91.653,90.456,0.4907614964417162,0.2673125811484489,1.3232953037941142,90.73928571428571,90.09173333333337,1.2818572091978653,1.3845127845464846,29809389.0,40581994.0,0.7408992515747304,1.0954351843176096,1.0071877003249174,1.013724888820733,1.0008236428857846
1042,AAPL,2014-08-18,92.831,93.659,92.349,93.462,50442748,0.0139093963321992,92.349,91.898,91.653,1.2052106682259645,0.4907614964417162,0.2673125811484489,91.36957142857143,90.20693333333334,1.3926960492961578,1.5147847220053865,51895143.0,40715743.0,-0.0279871085430866,1.054634707334301,1.0128885669014145,1.0141853187365322,1.0067972983162952
1043,AAPL,2014-08-19,93.698,94.904,93.612,94.762,73588829,0.0003798991156793,93.462,92.349,91.898,1.390939633219923,1.2052106682259645,0.4907614964417162,92.15057142857144,90.38476666666664,1.5584507111419037,1.7194045216857343,50442748.0,44885952.14285714,0.4588584468078542,1.0684367824303282,1.0195365306237607,1.013801649361193,1.0113556319238406
1044,AAPL,2014-08-20,94.685,95.271,94.209,94.798,55845077,8.438996603299387e-05,94.762,93.462,92.349,0.0379899115679371,1.390939633219923,1.2052106682259645,92.76828571428572,90.56263333333332,1.638068040336903,1.888351214470801,73588829.0,47324149.71428572,-0.2411201841518636,1.0684427215006882,1.0243549938840013,1.0112728083304143,1.0011934308496593
1045,AAPL,2014-08-21,94.798,95.128,94.359,94.806,35506462,0.0072358289559733,94.798,94.762,93.462,0.0084389966032993,0.0379899115679371,1.390939633219923,93.38971428571428,90.7516,1.4260669355866076,2.01983882252111,55845077.0,47275953.85714286,-0.3641970983404679,1.0638447734829353,1.0290696173479503,1.0081497260462702,1.000084389966033
1046,AAPL,2014-08-22,94.529,95.635,94.437,95.492,46837483,0.002209609181921,94.806,94.798,94.762,0.72358289559733,0.0084389966032993,0.0379899115679371,93.93814285714286,90.95786666666666,1.3844380843993944,2.1767754185920185,35506462.0,49132161.571428575,0.3191256002921383,1.0679270422958616,1.0327654583346595,1.0126857058144585,1.0101873499137832
1047,AAPL,2014-08-25,95.957,96.304,95.453,95.703,42651286,-0.0064052328558142,95.492,94.806,94.798,0.2209609181921035,0.72358289559733,0.0084389966032993,94.48171428571428,91.1327,1.1821069768738068,2.3397731123421632,46837483.0,50966718.28571428,-0.0893770700701401,1.048893398270897,1.036748766202629,1.0089153824395252,0.9973529810227498
1048,AAPL,2014-08-26,95.585,95.664,95.06,95.09,35148584,0.0123672310442739,95.703,95.492,94.806,-0.6405232855814291,0.2209609181921035,0.72358289559733,94.87328571428571,91.3224,0.7225539689927626,2.4235662892973746,42651286.0,48574352.71428572,-0.1759079902069072,1.0294027926698397,1.0388829653435052,1.006353881758889,0.9948213631846002
1049,AAPL,2014-08-27,95.203,96.682,94.924,96.266,50529216,0.0011011156586957,95.09,95.703,95.492,1.2367231044273952,-0.6405232855814291,0.2209609181921035,95.27385714285715,91.56823333333334,0.5711434229122332,2.5396917228522824,35148584.0,48586705.28571428,0.4375889509517652,1.0350171367113326,1.0404684427626154,1.0185200792212716,1.011165614528954
1050,AAPL,2014-08-28,95.75,96.885,95.721,96.372,72606328,0.0025007263520524,96.266,95.09,95.703,0.110111565869575,1.2367231044273952,-0.6405232855814291,95.50385714285711,91.8704,0.6494675841559092,2.554441103592348,50529216.0,48446348.0,0.4369177625870941,0.9605612694199894,1.0395498130285394,1.0121603409910052,1.0064960835509138
1051,AAPL,2014-08-29,96.91,96.998,96.332,96.613,47291611,0.0077008270108578,96.372,96.266,95.09,0.2500726352052451,0.110111565869575,1.2367231044273952,95.76314285714288,92.1387,0.6821789668916816,2.617120939189241,72606328.0,47224424.28571428,-0.3486571721406982,0.9376332089064416,1.0393368134903451,1.0069135904995226,0.9969353007945516
1052,AAPL,2014-09-02,97.144,97.778,96.826,97.357,56799272,-0.0421335908049755,96.613,96.372,96.266,0.7700827010857836,0.2500726352052451,0.110111565869575,96.12757142857144,92.44716666666666,0.7623220791721382,2.6698803290151982,47291611.0,50266254.28571428,0.2010432886289284,0.9285060627789988,1.039810898425639,1.009832069898581,1.0021926212632792
1053,AAPL,2014-09-03,97.173,97.261,92.914,93.255,132973538,-0.0082890997801725,97.357,96.613,96.372,-4.213359080497559,0.7700827010857836,0.2500726352052451,95.808,92.59443333333331,1.3303911705505826,2.584357689603749,56799272.0,62571405.0,1.3411134213128646,1.2403956959415297,1.034705830048099,1.0467851992164796,0.9596801580685992
1054,AAPL,2014-09-04,93.171,94.341,92.172,92.482,90877484,0.00867195778638,93.255,97.357,96.613,-0.828909978017256,-4.213359080497559,0.7700827010857836,95.34785714285714,92.6388,1.8343379758201424,2.570108845138665,132973538.0,69460861.85714285,-0.3165746706686859,1.1639953849543665,1.0292432236045497,1.023532092175498,0.992604995116506
1055,AAPL,2014-09-05,93.122,93.678,92.662,93.284,61989515,-0.0061961322413276,92.482,93.255,97.357,0.867195778638008,-0.828909978017256,-4.213359080497559,95.08985714285714,92.71486666666668,1.9964903730135657,2.553712034278908,90877484.0,73295280.57142857,-0.3178781776132798,1.1725046527333198,1.0256160695860046,1.0109645809501198,1.0017396533579606
1056,AAPL,2014-09-08,93.593,93.603,92.418,92.706,49137848,-0.0037430155545489,93.284,92.482,93.255,-0.6196132241327645,0.867195778638008,-0.828909978017256,94.58128571428573,92.7517,2.0978080397024965,2.545046495747213,61989515.0,73096513.71428572,-0.2073200121020466,1.1743344256512604,1.019725629980752,1.0128221774978898,0.9905227955082112
1057,AAPL,2014-09-09,93.385,97.153,90.615,92.359,201284504,0.0305871653006204,92.706,93.284,92.482,-0.3743015554548923,-0.6196132241327645,0.867195778638008,94.008,92.7347,2.0750940540961063,2.545939107947643,49137848.0,91479110.28571428,3.096323143821846,1.148882329607754,1.0137305668751828,1.072151409810738,0.9890132248219734
1058,AAPL,2014-09-10,92.378,95.289,92.142,95.184,106928476,0.0043179525970751,92.359,92.706,93.284,3.0587165300620445,-0.3743015554548923,-0.6196132241327645,93.80385714285714,92.83193333333334,1.832180979834896,2.5828951269417693,201284504.0,99998662.42857143,-0.4687694587756243,1.2709429425289007,1.0104697141880468,1.034153806081917,1.03037519755786
1059,AAPL,2014-09-11,94.645,95.605,93.897,95.595,66170138,0.0022909147967988,95.184,92.359,92.706,0.4317952597075125,3.0587165300620445,-0.3743015554548923,93.55214285714284,92.95003333333332,1.309018134405332,2.626633370098969,106928476.0,101337357.57142857,-0.3811738418492002,1.2705212440858211,1.0064777763085924,1.0181901445200592,1.0100375085847113
1060,AAPL,2014-09-12,95.385,96.323,95.261,95.814,66492385,-0.0002713590915731,95.595,95.184,92.359,0.2290914796798882,0.4317952597075125,3.0587165300620445,93.91771428571428,93.15513333333334,1.547760609646579,2.6010572616070653,66170138.0,91840050.0,0.0048699762421531,1.1610834632285674,1.0081861398840173,1.0111483188293215,1.0044975625098285
1061,AAPL,2014-09-15,96.91,97.134,95.605,95.788,65021888,-0.0076001169248757,95.814,95.595,95.184,-0.0271359091573164,0.2290914796798882,0.4317952597075125,94.39,93.34279999999998,1.541032878735923,2.5803774302912634,66492385.0,88146393.42857143,-0.0221152692898592,1.160302387544132,1.0112188620868456,1.0159928874012865,0.988422247446084
1062,AAPL,2014-09-16,94.065,95.433,93.207,95.06,70954298,0.0071533768146432,95.788,95.814,95.595,-0.7600116924875722,-0.0271359091573164,0.2290914796798882,94.6437142857143,93.52306666666668,1.473304756244879,2.5013373792944025,65021888.0,89427076.71428572,0.0912371231053763,1.1654068638312316,1.0119825799023658,1.02388232643471,1.0105777919523735
1063,AAPL,2014-09-17,95.443,95.947,94.815,95.74,64628387,0.0020681011071652,95.06,95.788,95.814,0.7153376814643231,-0.7600116924875722,-0.0271359091573164,95.07714285714285,93.74073333333334,1.2353032594748372,2.394928966383115,70954298.0,91640010.85714284,-0.0891547260463347,1.1614302592848431,1.0142564440909307,1.011939039181564,1.0031118049516463
1064,AAPL,2014-09-18,96.13,96.469,95.721,95.938,39549055,-0.0082344847714149,95.74,95.06,95.788,0.2068101107165265,0.7153376814643231,-0.7600116924875722,95.58842857142857,93.97003333333332,0.336335079535961,2.256537299726147,64628387.0,68534946.71428572,-0.3880544318706267,1.1588612645294911,1.0172224610408982,1.0078143772004051,0.9980027046707584
1065,AAPL,2014-09-19,96.362,96.469,95.08,95.148,75183589,0.000998444528524,95.938,95.74,95.06,-0.8234484771414974,0.2068101107165265,0.7153376814643231,95.58328571428572,94.17329999999998,0.3437434674881045,2.064546491905491,39549055.0,63999962.85714286,0.9010211242721222,1.1746801197235797,1.0149722449387004,1.014608750525873,0.9874016728585956
1066,AAPL,2014-09-22,95.947,96.276,94.806,95.243,55962429,0.0158226851317158,95.148,95.938,95.74,0.0998444528524045,-0.8234484771414974,0.2068101107165265,95.533,94.37156666666668,0.3667228744962948,1.8548665847236356,75183589.0,62541718.71428572,-0.2556563241480797,1.1748722843178023,1.0123070260922515,1.0155053477627998,0.99266261581915
1067,AAPL,2014-09-23,94.825,97.036,94.771,96.75,67229669,-0.0088062015503875,95.243,95.148,95.938,1.5822685131715808,0.0998444528524045,-0.8234484771414974,95.66671428571428,94.58076666666668,0.5893337238843877,1.7511410207948774,55962429.0,62647045.0,0.2013357926261563,1.1842523274005732,1.0114816960923445,1.0238997161578964,1.020300553651463
1068,AAPL,2014-09-24,96.295,96.949,95.375,95.898,63786691,-0.0381029844209471,96.75,95.243,95.148,-0.8806201550387582,1.5822685131715808,0.0998444528524045,95.68242857142856,94.76216666666666,0.5945502101531529,1.5829106338358216,67229669.0,62470588.28571428,-0.0512121813361895,1.2008416336991343,1.0097112796924432,1.0165032765399735,0.9958772521937794
1069,AAPL,2014-09-25,94.742,94.933,92.105,92.244,106124440,0.0295195351459174,95.898,96.75,95.243,-3.810298442094717,-0.8806201550387582,1.5822685131715808,95.28014285714286,94.78186666666667,1.4389508248034628,1.546131763428634,63786691.0,67494894.28571428,0.6637395409020355,1.3868955869673945,1.0052570835329562,1.030704087725965,0.9736336577230796
1070,AAPL,2014-09-26,92.869,94.967,92.745,94.967,66137193,-0.006402223930418,92.244,95.898,96.75,2.951953514591743,-3.810298442094717,-0.8806201550387582,95.16971428571428,94.88416666666669,1.4273930449508168,1.4470994552314678,106124440.0,67710438.0,-0.3767958351535235,1.4857678226032125,1.0030094338083904,1.0239581648606393,1.022590961461844
1071,AAPL,2014-09-29,92.983,94.665,92.963,94.359,52777909,0.0064434765099248,94.967,92.244,95.898,-0.6402223930418005,2.951953514591743,-3.810298442094717,94.94414285714286,94.95116666666668,1.4104090929711872,1.3701606772955763,66137193.0,69600274.28571428,-0.2019935136950853,1.490385740184209,0.9999260271382608,1.0183083592396978,1.014798404009335
1072,AAPL,2014-09-30,95.012,95.703,94.762,94.967,58608757,-0.015637010751103,94.359,94.967,92.244,0.6443476509924828,-0.6402223930418005,2.951953514591743,94.91828571428572,95.00133333333332,1.4077054277939551,1.3409980928604437,52777909.0,67232441.14285715,0.1104789505775987,1.4792948648944282,0.9991258268054384,1.009930140773728,0.9995263756157116
1073,AAPL,2014-10-01,94.815,94.914,93.028,93.482,54606482,0.0072420358999594,94.967,94.359,94.967,-1.563701075110302,0.6443476509924828,-0.6402223930418005,94.66671428571428,94.95866666666667,1.4946720615039577,1.3689472505215536,58608757.0,67038734.42857143,-0.0682880034463109,1.4862391941043165,0.9969254793564316,1.020273466053231,0.9859410430839004
1074,AAPL,2014-10-02,93.564,94.463,92.408,94.159,50644838,-0.0027825274270117,93.482,94.967,94.359,0.724203589995942,-1.563701075110302,0.6443476509924828,94.29657142857144,94.93736666666668,1.1806016625967035,1.3764838133823534,54606482.0,64669472.85714286,-0.0725489695527354,1.49266095067084,0.9932503369263956,1.0222383343433468,1.0063592834851012
1075,AAPL,2014-10-03,93.726,94.454,93.348,93.897,46100381,0.0,94.159,93.482,94.967,-0.2782527427011794,0.724203589995942,-1.563701075110302,94.01071428571429,94.90706666666668,0.9474532027706224,1.3894192022345555,50644838.0,62142857.14285714,-0.0897318893585956,1.4934451866165377,0.9905554727120526,1.0118481381497193,1.0018244670635683
1076,AAPL,2014-10-06,94.209,94.874,93.708,93.897,39284946,-0.0087542732994664,93.897,94.159,93.482,0.0,-0.2782527427011794,0.724203589995942,94.24685714285717,94.8539,0.5608494832563752,1.396761928964552,46100381.0,52594358.0,-0.1478390167751542,1.4868296520978448,0.9936002330200144,1.012442907756008,0.9966882145017992
1077,AAPL,2014-10-07,93.717,94.369,93.057,93.075,44640757,0.0207037335482136,93.897,93.897,94.159,-0.8754273299466431,0.0,-0.2782527427011794,93.97657142857145,94.7663,0.6097233955322294,1.4238204349679642,39284946.0,49523438.571428575,0.1363324007114583,1.4935172559282968,0.9916665674250386,1.014098885629238,0.9931495886552066
1078,AAPL,2014-10-08,93.084,95.289,92.662,95.002,60880729,0.0021157449316857,93.075,93.897,93.897,2.0703733548213643,-0.8754273299466431,0.0,94.06842857142858,94.76336666666666,0.7160963289898262,1.4232210791819255,44640757.0,50680984.28571428,0.3637924867627133,1.5398446430826256,0.992666595545486,1.028350348578705,1.0206050449056765
1079,AAPL,2014-10-09,95.703,96.499,94.835,95.203,82050763,-0.0026364715397624,95.002,93.075,93.897,0.2115744931685759,2.0703733548213643,-0.8754273299466431,94.10214285714288,94.72793333333333,0.769050156276496,1.397521128908256,60880729.0,54029842.28571428,0.3477296403595955,1.5229294204877677,0.9933938126361482,1.0175462645647704,0.9947755033802492
1080,AAPL,2014-10-10,94.914,96.169,94.539,94.952,70335317,-0.0092362456820287,95.203,95.002,93.075,-0.263647153976243,0.2115744931685759,2.0703733548213643,94.31214285714286,94.6806,0.7721840084260675,1.363551792068439,82050763.0,56276818.71428572,-0.14278290136071,1.5233086844536246,0.9961084198573188,1.017241561683538,1.0004003624333606
1081,AAPL,2014-10-13,95.502,95.928,94.075,94.075,56785539,-0.0106298166356629,94.952,95.203,95.002,-0.9236245682028744,-0.263647153976243,0.2115744931685759,94.30014285714287,94.596,0.7756056619629247,1.3174792807366245,70335317.0,57154061.71428572,-0.1926454387061339,1.5307044134026653,0.9968724138139338,1.0196970502258835,0.9850579045465018
1082,AAPL,2014-10-14,94.626,94.752,92.904,93.075,67552864,-0.0122374429223743,94.075,94.952,95.203,-1.062981663566298,-0.9236245682028744,-0.263647153976243,94.18271428571428,94.45326666666666,0.8991949574148796,1.237571786376314,56785539.0,60218702.14285714,0.1896138557388704,1.532297501685692,0.9971355953001902,1.0198915009041591,0.983609156045907
1083,AAPL,2014-10-15,92.34,93.452,89.71,91.936,107047620,-0.0131286982248521,93.075,94.075,94.952,-1.2237442922374386,-1.062981663566298,-0.9236245682028744,93.90257142857142,94.4093,1.2428489928624993,1.3032946354890087,67552864.0,69899084.14285715,0.5846496160399655,1.3437581900320288,0.9946326413665963,1.0417121837030432,0.9956248646307126
1084,AAPL,2014-10-16,90.059,92.105,89.928,90.729,76540345,0.0146369958888559,91.936,93.075,94.075,-1.3128698224852189,-1.2237442922374386,-1.062981663566298,93.56742857142858,94.35086666666668,1.7257113371184822,1.4261887898752017,107047620.0,74456168.14285715,-0.284987886699396,1.3564166755518532,0.991696545851498,1.0242082554932836,1.007439567394708
1085,AAPL,2014-10-17,91.898,93.313,91.247,92.057,72278875,0.0213997849158673,90.729,91.936,93.075,1.463699588885592,-1.3128698224852189,-1.2237442922374386,93.1467142857143,94.30996666666668,1.6759511443078503,1.4746110529455352,76540345.0,76084474.71428572,-0.0556761274070557,1.3746487818068256,0.987665647417056,1.0226418402796804,1.0017301791116238
1086,AAPL,2014-10-20,92.716,94.218,92.576,94.027,82008266,0.0271943165261041,92.057,90.729,91.936,2.139978491586736,1.463699588885592,-1.3128698224852189,92.97871428571428,94.354,1.483346297432517,1.4444787629278597,72278875.0,76078403.71428572,0.1346090541669333,1.425567177775921,0.9854241927815915,1.017736778430695,1.0141399542689504
1087,AAPL,2014-10-21,97.104,97.104,95.443,96.584,100342644,0.0051871945663877,94.027,92.057,90.729,2.719431652610416,2.139978491586736,1.463699588885592,93.21185714285716,94.49483333333336,1.9116152357457783,1.4492197920760683,82008266.0,80365164.71428572,0.22356743892134,1.5030836542695505,0.9864227900593204,1.0174030573221713,0.9946449167902456
1088,AAPL,2014-10-22,96.94,98.132,96.71,97.085,72394711,0.0177267343049905,96.584,94.027,92.057,0.5187194566387721,2.719431652610416,2.139978491586736,93.64185714285712,94.5582,2.411346679665841,1.5202138551911428,100342644.0,82595046.42857143,-0.2785249808645664,1.4023404769436374,0.9903092184798056,1.0147037534898151,1.00149577057974
1089,AAPL,2014-10-23,98.102,99.014,97.67,98.806,75378691,0.0037143493310123,97.085,96.584,94.027,1.77267343049905,0.5187194566387721,2.719431652610416,94.46057142857144,94.66523333333332,3.0698140474182045,1.6983320556540886,72394711.0,83713021.71428572,0.041218204462478,1.435076163411563,0.9978380457370104,1.0137606225043514,1.007176204358729
1090,AAPL,2014-10-24,99.143,99.423,98.518,99.173,49878793,-0.0009982555735936,98.806,97.085,96.584,0.3714349331012334,1.77267343049905,0.5187194566387721,95.49442857142856,94.7772,3.2887192976992914,1.8779098873016933,75378691.0,75546046.42857143,-0.3382905389004433,1.4356839824149294,1.00756752226726,1.0091861385736616,1.0003025932239291
1091,AAPL,2014-10-27,98.826,99.413,98.686,99.074,36271985,0.0154026283384136,99.173,98.806,97.085,-0.0998255573593676,0.3714349331012334,1.77267343049905,96.6865714285714,94.88673333333334,2.7401227987798857,2.028679440242405,49878793.0,69793423.57142857,-0.2727974592328246,1.4360107017823522,1.018968279674202,1.0073667997486977,1.002509461072997
1092,AAPL,2014-10-28,99.343,100.6,99.303,100.6,50990915,0.005765407554672,99.074,99.173,98.806,1.540262833841366,-0.0998255573593676,0.3714349331012334,97.907,95.0714,2.1796600652424263,2.281401635111082,36271985.0,66752286.42857143,0.4057933416106121,1.4486221940324635,1.029826004455599,1.0130610354168554,1.0126531310711373
1093,AAPL,2014-10-29,100.52,101.21,100.24,101.18,55900054,-0.0035580154180669,100.6,99.074,99.173,0.5765407554672031,1.540262833841366,-0.0998255573593676,98.92885714285714,95.25273333333332,1.676021721081398,2.538126677272614,50990915.0,63022541.85714286,0.0962747775755739,1.4471376166551084,1.0385933681993078,1.0096767757382283,1.006565857540788
1094,AAPL,2014-10-30,100.8,101.19,99.82,100.82,43133355,0.0096211069232297,101.18,100.6,99.074,-0.3558015418066995,0.5765407554672031,1.540262833841366,99.534,95.41546666666666,1.435790955076551,2.7326312156815806,55900054.0,54849786.28571428,-0.2283843768737683,1.4506141071356984,1.0431642109734829,1.0137247044680424,1.0001984126984127
1095,AAPL,2014-10-31,101.8,101.83,101.05,101.79,47360766,0.0129678750368404,100.82,101.18,100.6,0.9621106923229704,-0.3558015418066995,0.5765407554672031,100.20614285714284,95.63686666666668,1.1760439941616057,2.9690560758609865,43133355.0,51273508.42857143,0.0980079337672665,1.4448220053360752,1.0477773514517363,1.0077189510143494,0.999901768172888
1096,AAPL,2014-11-03,102.01,103.96,101.8,103.11,55411077,-0.0073707690815634,101.79,100.82,101.18,1.2967875036840493,0.9621106923229704,-0.3558015418066995,100.821,95.8991,1.4215084710780184,3.265668473048038,47360766.0,48420992.14285714,0.1699784796555021,1.4574246034814269,1.051323735050694,1.0212180746561883,1.010783256543476
1097,AAPL,2014-11-04,103.07,103.19,101.53,102.35,44070830,0.0023448949682463,103.11,101.79,100.82,-0.7370769081563422,1.2967875036840493,0.9621106923229704,101.27485714285714,96.08576666666666,1.3104802463996947,3.469660985956565,55411077.0,47591283.14285714,-0.204656679024665,1.4471776411747233,1.054004777775173,1.0163498473357628,0.9930144561948192
1098,AAPL,2014-11-05,102.81,103.01,101.92,102.59,39689849,0.0028267862364752,102.35,103.11,101.79,0.2344894968246302,-0.7370769081563422,1.2967875036840493,101.77714285714286,96.30883333333334,0.95078413754328,3.6666949609668142,44070830.0,48079549.42857143,-0.0994077261535577,1.4327707564736891,1.056778899032898,1.0106946624803768,0.997860130337516
1099,AAPL,2014-11-06,102.71,102.97,102.06,102.88,36913586,0.0029160186625194,102.59,102.35,103.11,0.2826786236475254,0.2344894968246302,-0.7370769081563422,102.10285714285716,96.66336666666666,0.8671738442803637,3.772776581879638,39689849.0,46068502.42857143,-0.0699489433683661,1.2121688349355852,1.0562725121601444,1.0089163237311385,1.0016551455554474
1100,AAPL,2014-11-07,102.93,103.49,102.74,103.18,35579243,-0.001647606125218,102.88,102.59,102.35,0.2916018662519448,0.2826786236475254,0.2344894968246302,102.3885714285714,96.93713333333334,0.8415348788936393,3.939726296578458,36913586.0,43165529.42857143,-0.0361477478779763,1.1098743427276998,1.0562368403911064,1.007299980533385,1.0024288351306714
1101,AAPL,2014-11-10,103.19,103.5,102.85,103.01,28715933,0.0082516260557226,103.18,102.88,102.59,-0.1647606125218081,0.2916018662519448,0.2826786236475254,102.70142857142856,97.2255,0.4982779870660606,4.05930235852527,35579243.0,41105897.71428572,-0.1929020805754636,1.099586502135384,1.0563219378807882,1.006319883325231,0.998255644926834
1102,AAPL,2014-11-11,102.89,103.91,102.6,103.86,28975210,0.0138648180242633,103.01,103.18,102.88,0.8251626055722605,-0.1647606125218081,0.2916018662519448,102.99714285714286,97.52193333333334,0.4811692109201684,4.210576665668142,28715933.0,38479389.71428572,0.009029029284892,1.1020395875893738,1.0561433652581012,1.012768031189084,1.0094275439790068
1103,AAPL,2014-11-12,103.55,105.48,103.54,105.3,49565600,0.0143399810066477,103.86,103.01,103.18,1.3864818024263317,0.8251626055722605,-0.1647606125218081,103.31000000000002,97.91586666666667,0.9995332244005056,4.369413578054809,28975210.0,37644321.571428575,0.710620906630185,1.0604106395274804,1.0550894713692982,1.0187367201081707,1.0169000482858523
1104,AAPL,2014-11-13,105.84,107.39,105.65,106.81,62848423,0.0118902724464,105.3,103.86,103.01,1.4339981006647795,1.3864818024263317,0.8251626055722605,103.94714285714284,98.33756666666666,1.5535519976936003,4.598793355108085,49565600.0,40326834.85714286,0.2679847111706506,1.075633471826702,1.0570440817342053,1.016469474680549,1.00916477702192
1105,AAPL,2014-11-14,107.1,108.09,107.01,108.08,46514993,-0.0015729089563286,106.81,105.3,103.86,1.1890272446400063,1.4339981006647795,1.3864818024263317,104.73142857142857,98.81033333333332,2.058077003514474,4.848779564422947,62848423.0,41301855.42857143,-0.2598860754230858,1.075834133820057,1.0599238464070415,1.010092514718251,1.0091503267973856
1106,AAPL,2014-11-17,108.17,111.03,107.24,107.91,49355439,0.0130664442591048,108.08,106.81,105.3,-0.1572908956328667,1.1890272446400063,1.4339981006647795,105.45,99.27743333333332,2.1785010136974927,5.0306880703257,46514993.0,43079263.0,0.0610651709654133,1.078611441093967,1.0621749219275411,1.0353412905632229,0.9975963760746972
1107,AAPL,2014-11-18,107.86,109.52,107.82,109.32,46700497,-0.0071350164654224,107.91,108.08,106.81,1.306644425910486,-0.1572908956328667,1.1890272446400063,106.32714285714285,99.81893333333332,2.34213374430348,5.2111060109605365,49355439.0,44668013.571428575,-0.0537922882217702,1.0581100571934066,1.0652001509781328,1.0157670191059174,1.0135360652697942
1108,AAPL,2014-11-19,109.29,109.57,107.73,108.54,44193084,0.0143725815367605,109.32,107.91,108.08,-0.7135016465422472,1.306644425910486,-0.1572908956328667,107.11714285714288,100.2702,1.9338279334535573,5.3635360788348665,46700497.0,46879035.14285714,-0.0536913557900678,1.0414890711936708,1.0682849227102655,1.017079736377982,0.993137524018666
1109,AAPL,2014-11-20,108.78,110.62,108.72,110.1,45810221,0.0013623978201635,108.54,109.32,107.91,1.4372581536760576,-0.7135016465422472,1.306644425910486,108.00857142857144,100.76676666666668,1.5897633846150347,5.564075526169401,44193084.0,49284036.71428572,0.0365925356103231,1.0557457320906158,1.0718669954535749,1.01747608535688,1.012134583563155
1110,AAPL,2014-11-21,111.23,111.29,109.83,110.25,60391456,0.0185941043083899,110.1,108.54,109.32,0.1362397820163563,1.4372581536760576,-0.7135016465422472,108.71571428571428,101.2767,1.2484237681080668,5.711840093325608,45810221.0,50830587.571428575,0.3182965434722526,1.0483863103539777,1.073452376368052,1.0132932714194665,0.9911894273127752
1111,AAPL,2014-11-24,110.63,112.44,110.39,112.3,50094566,-0.008726625111309,110.25,110.1,108.54,1.8594104308389925,0.1362397820163563,1.4372581536760576,109.5,101.8842,1.541698197880766,5.8860014318015725,60391456.0,49008608.0,-0.1705024300126163,1.0407656536428895,1.0747495686279127,1.0185705226922728,1.01509536292145
1112,AAPL,2014-11-25,112.73,113.34,111.18,111.32,72696667,0.0120373697448796,112.3,110.25,110.1,-0.8726625111309061,1.8594104308389925,0.1362397820163563,109.96285714285716,102.49236666666664,1.5306503442021224,5.886986492626389,50094566.0,52748847.14285714,0.4511886778298468,1.030829538928668,1.0728882620155176,1.0194279546681058,0.9874922380910138
1113,AAPL,2014-11-26,111.64,112.76,111.53,112.66,43101440,-0.0005325758920646,111.32,112.3,110.25,1.2037369744879678,-0.8726625111309061,1.8594104308389925,110.64142857142858,103.18316666666668,1.5217580685060987,5.821095524829766,72696667.0,51855418.71428572,-0.4071056930299156,0.9762768406779092,1.072281769843872,1.011028422845871,1.0091365102113938
1114,AAPL,2014-11-28,112.91,113.02,111.75,112.6,26213573,-0.0325044404973356,112.66,111.32,112.3,-0.0532575892064679,1.2037369744879678,-0.8726625111309061,111.11,103.9122,1.551740957768378,5.5717737991561735,43101440.0,48928715.28571428,-0.3918167699269445,0.9124110833099052,1.0692680936405927,1.0113646532438478,0.9972544504472588
1115,AAPL,2014-12-01,112.47,112.89,105.32,108.94,88523014,-0.0039471268588212,112.6,112.66,111.32,-3.2504440497335696,-0.0532575892064679,1.2037369744879678,111.16714285714284,104.47496666666667,1.445022655949182,5.17129694586344,26213573.0,55261562.42857143,2.3769915303037856,1.1548088446575604,1.0640553082139566,1.0718761868590962,0.968613852582911
1116,AAPL,2014-12-02,107.44,109.57,106.74,108.51,62668871,0.0112432033913925,108.94,112.6,112.66,-0.3947126858821259,-3.2504440497335696,-0.0532575892064679,110.93999999999998,104.95773333333334,1.73632754206953,4.826852432920764,88523014.0,57669941.0,-0.2920612599114621,1.1283529630392328,1.0569969117727387,1.0265130222971708,1.0099590469099031
1117,AAPL,2014-12-03,109.57,110.14,108.98,109.73,45449566,-0.0035541784379841,108.51,108.94,112.6,1.124320339139251,-0.3947126858821259,-3.2504440497335696,110.86571428571428,105.39593333333332,1.7813090424678608,4.633279801559358,62668871.0,55535385.28571428,-0.2747664785599856,1.0545953811062874,1.0518974573248647,1.0106441548908056,1.0014602537190838
1118,AAPL,2014-12-04,109.58,110.95,109.14,109.34,44522535,-0.0042985183830254,109.73,108.51,108.94,-0.3554178437984112,1.124320339139251,-0.3947126858821259,110.44285714285716,105.80443333333334,1.7348075232926845,4.410133516497094,45449566.0,54739380.85714286,-0.0203969164414022,1.0641402345694593,1.0438395978636417,1.016584203774968,0.9978098193100932
1119,AAPL,2014-12-05,109.79,109.88,108.52,108.87,40469204,-0.0227794617433636,109.34,109.73,108.51,-0.4298518383025418,-0.3554178437984112,1.124320339139251,110.09285714285714,106.1399,1.7750278334548657,4.23886998889519,44522535.0,50135457.571428575,-0.0910399868291417,1.0421021836881543,1.037242894923183,1.0125322521194249,0.991620366153566
1120,AAPL,2014-12-08,108.0,108.52,105.67,106.39,60872177,0.015320988814738,108.87,109.34,109.73,-2.277946174336365,-0.4298518383025418,-0.3554178437984112,109.19714285714284,106.38046666666666,1.8443220460481493,4.029465736240714,40469204.0,52674134.28571428,0.5041604722445245,1.1455213890224354,1.0264773814097092,1.0269707580202516,0.9850925925925926
1121,AAPL,2014-12-09,104.32,108.2,103.52,108.02,63577767,-0.0187928161451582,106.39,108.87,109.34,1.532098881473809,-2.277946174336365,-0.4298518383025418,108.54285714285712,106.67866666666666,1.0968700057614174,3.7942658490584216,60872177.0,58011876.28571428,0.0444470714428366,1.16732808419028,1.0174748197970584,1.045208655332303,1.035467791411043
1122,AAPL,2014-12-10,108.3,108.72,105.59,105.99,47045201,-0.0030191527502594,108.02,106.39,108.87,-1.8792816145158264,1.532098881473809,-2.277946174336365,108.12142857142858,106.85833333333332,1.4338111053166678,3.620120100249104,63577767.0,52086474.42857143,-0.2600369088143659,1.2078112476983072,1.0118202782945824,1.029642958613505,0.9786703601108032
1123,AAPL,2014-12-11,106.27,107.73,105.39,105.67,43789936,-0.0168448944828238,105.99,108.02,106.39,-0.3019152750259435,-1.8792816145158264,1.532098881473809,107.71571428571428,107.008,1.68528787989181,3.466835384930268,47045201.0,49389483.71428572,-0.0691944115617658,1.2085450013048042,1.006613657723855,1.022203245089667,0.9943540039521972
1124,AAPL,2014-12-12,104.57,105.91,103.74,103.89,59159400,-0.0139570699778612,105.67,105.99,108.02,-1.6844894482823891,-0.3019152750259435,-1.8792816145158264,106.88142857142856,107.11033333333332,1.947121196124087,3.3200846305509573,43789936.0,51348031.42857143,0.3509816502129621,1.2513808593669649,0.9978629068290508,1.0209176788124157,0.9934971789232094
1125,AAPL,2014-12-15,104.77,105.65,100.66,102.44,70959092,-0.0135689183912534,103.89,105.67,105.99,-1.395706997786128,-1.6844894482823891,-0.3019152750259435,105.89571428571428,107.132,2.222160038815768,3.286114359879248,59159400.0,55124682.42857143,0.1994559106414195,1.2697722694857705,0.9884601639632816,1.0495728193920129,0.9777608093920016
1126,AAPL,2014-12-16,100.68,104.3,100.59,101.05,64100708,0.025037110341415,102.44,103.89,105.67,-1.3568918391253404,-1.395706997786128,-1.6844894482823891,104.77857142857142,107.06333333333332,2.433327136329002,3.392845752292354,70959092.0,58500611.571428575,-0.0966526460062369,1.2708440140037465,0.978659716322782,1.036882393876131,1.0036750099324592
1127,AAPL,2014-12-17,101.42,103.98,101.12,103.58,56384329,0.0295423826993628,101.05,102.44,103.89,2.503711034141509,-1.3568918391253404,-1.395706997786128,104.37714285714286,107.10433333333334,2.3536617874150587,3.340959683862273,64100708.0,57859490.42857143,-0.1203789979979628,1.3467266251792471,0.9745370668831592,1.0282832278481011,1.0212975744429107
1128,AAPL,2014-12-18,105.91,106.64,104.74,106.64,62279357,-0.007689422355589,103.58,101.05,102.44,2.9542382699362824,2.503711034141509,-1.3568918391253404,104.18,107.23933333333332,2.033732201318713,3.2323152088237164,56384329.0,57674003.28571428,0.1045508229777816,1.4474470322566204,0.9714719101822092,1.0181401565781936,1.0068926446983288
1129,AAPL,2014-12-19,106.27,107.18,105.71,105.82,93393464,0.0103950103950105,106.64,103.58,101.05,-0.7689422355589004,2.9542382699362824,2.503711034141509,104.15571428571428,107.33733333333332,2.0093851227284816,3.1388037841509,62279357.0,64295183.71428572,0.4995894064866468,1.4565598437572085,0.9703586911579158,1.013905969160912,0.995765502964148
1130,AAPL,2014-12-22,106.18,107.43,106.01,106.92,47699142,-0.0036475869809202,105.82,106.64,103.58,1.0395010395010562,-0.7689422355589004,2.9542382699362824,104.33428571428573,107.462,2.211740318868665,3.0407297218557634,93393464.0,64853641.71428572,-0.4892668077928879,1.4662456341642092,0.9708946950018214,1.013394962739364,1.0069692974194764
1131,AAPL,2014-12-23,107.17,107.27,106.45,106.53,27476050,-0.004599643292969,106.92,105.82,106.64,-0.364758698092027,1.0395010395010562,-0.7689422355589004,104.71142857142856,107.57933333333334,2.3444574963933698,2.928871659086486,47699142.0,60327448.85714286,-0.4239718190318811,1.4680816005290644,0.9733414897355926,1.007703147017379,0.9940281795278528
1132,AAPL,2014-12-24,106.57,106.7,106.04,106.04,15296050,0.0176348547717841,106.53,106.92,105.82,-0.4599643292969024,-0.364758698092027,1.0395010395010562,105.22571428571428,107.652,2.149929123973502,2.859636340515648,27476050.0,52375585.71428572,-0.4432951606944957,1.4656186346256068,0.9774617683434984,1.0062240663900417,0.995026742985831
1133,AAPL,2014-12-26,106.13,108.4,106.04,107.91,35610489,-0.0006486887220831,106.04,106.53,106.92,1.763485477178417,-0.4599643292969024,-0.364758698092027,106.2057142857143,107.739,1.3403464370986389,2.825107077616304,15296050.0,48305554.42857143,1.3280839824660613,1.4787675789462522,0.9857685173030593,1.022255752546209,1.0167718835390558
1134,AAPL,2014-12-29,107.72,108.64,107.63,107.84,29133164,-0.0123330860534124,107.91,106.04,106.53,-0.0648688722083123,1.763485477178417,-0.4599643292969024,106.81428571428572,107.77333333333333,0.8127290885917273,2.819681240645529,35610489.0,44412530.85714286,-0.1818937392294725,1.457031443245009,0.9911012530708188,1.0093840007432873,1.001113999257334
1135,AAPL,2014-12-30,107.57,107.84,106.14,106.51,31555587,-0.0189653553656934,107.84,107.91,106.04,-1.2333086053412434,-0.0648688722083123,1.763485477178417,106.7957142857143,107.721,0.8188377361295716,2.828349524807797,29133164.0,40023420.85714286,0.0831500141900138,1.4584082337567237,0.9914103497527345,1.016016581872998,0.9901459514734592
1136,AAPL,2014-12-31,106.81,107.09,104.34,104.49,43715939,-0.0094745908699396,106.51,107.84,107.91,-1.896535536569344,-1.2333086053412434,-0.0648688722083123,106.60571428571428,107.607,1.1643718928145044,2.888747670435409,31555587.0,32926631.57142857,0.3853628835996618,1.4973434538397243,0.9906949760305024,1.02635614337742,0.9782791873420092
1137,AAPL,2015-01-02,105.44,105.49,101.62,103.5,56196458,-0.0282125603864734,104.49,106.51,107.84,-0.9474590869939624,-1.896535536569344,-1.2333086053412434,106.11714285714284,107.413,1.6335208833084751,2.9641829135236075,43715939.0,34140533.85714286,0.2854912712729331,1.48097375376464,0.9879357513256576,1.0380830545168274,0.9816009104704098
1138,AAPL,2015-01-05,102.51,102.83,99.79,100.58,67880159,9.942334460144586e-05,103.5,104.49,106.51,-2.821256038647346,-0.9474590869939624,-1.896535536569344,105.26714285714286,107.14766666666668,2.6281280682020425,3.2062048500099904,56196458.0,39912549.42857143,0.2079081389791506,1.555681005818179,0.9824492322789066,1.0304639743461268,0.9811725685298994
1139,AAPL,2015-01-06,100.97,101.69,99.044,100.59,69460979,0.0141167114027238,100.58,103.5,104.49,0.0099423344601445,-2.821256038647346,-0.9474590869939624,104.48857142857142,106.83066666666669,3.121898079544193,3.370177457041647,67880159.0,47650396.42857143,0.0232883956562328,1.5240625112723636,0.9780765644250534,1.02671539921651,0.9962365058928396
1140,AAPL,2015-01-07,101.49,102.42,100.99,102.01,42324520,0.0384276051367513,100.59,100.58,103.5,1.4116711402723858,0.0099423344601445,-2.821256038647346,103.64571428571428,106.556,2.8267110284054824,3.4173417779882467,69460979.0,48609543.71428572,-0.3906719915364279,1.5538446549160978,0.9726877349535856,1.014159817803743,1.0051236575032023
1141,AAPL,2015-01-08,103.4,106.17,102.88,105.93,62679241,0.0010384215991692,102.01,100.59,100.58,3.842760513675136,1.4116711402723858,0.0099423344601445,103.37285714285716,106.34366666666666,2.4168348053196294,3.2415103794724365,42324520.0,53401840.42857143,0.480920303408048,1.6833494265873308,0.97206406721783,1.03197900466563,1.024468085106383
1142,AAPL,2015-01-09,106.66,107.19,104.34,106.04,56712884,-0.0247076574877405,105.93,102.01,100.59,0.1038421599169225,3.842760513675136,1.4116711402723858,103.30571428571427,106.16766666666668,2.3197331537863968,3.102353593014439,62679241.0,56995740.0,-0.0951887244454667,1.678945367623062,0.9730430886275572,1.0273145485911443,0.9941871366960436
1143,AAPL,2015-01-12,106.59,106.62,102.98,103.42,52421263,0.0089924579385032,106.04,105.93,102.01,-2.470765748774051,0.1038421599169225,3.842760513675136,103.15285714285714,105.85966666666668,2.263255135758596,2.8867515251253817,56712884.0,58239357.71428572,-0.07567276952447,1.710645821643597,0.9744302092662658,1.035346669256166,0.970259874284642
1144,AAPL,2015-01-13,105.48,106.79,103.09,104.35,70853466,-0.0038332534738858,103.42,106.04,105.93,0.8992457938503229,-2.470765748774051,0.1038421599169225,103.27428571428572,105.58466666666666,2.307356764375443,2.601358707759158,52421263.0,60333216.0,0.3516169192642306,1.7236117948972296,0.9781182152170363,1.0358909690561646,0.9892870686386044
1145,AAPL,2015-01-14,103.21,104.59,102.7,103.95,51653023,-0.0272246272246272,104.35,103.42,106.04,-0.3833253473885856,0.8992457938503229,-2.470765748774051,103.75571428571428,105.41833333333332,1.9798304400737312,2.538183009261418,70853466.0,58015053.71428572,-0.270988055827784,1.6276941150231743,0.9842283690602296,1.0184031158714704,1.0071698478829572
1146,AAPL,2015-01-15,104.14,104.2,100.96,101.12,63283616,-0.0079113924050634,103.95,104.35,103.42,-2.7224627224627262,-0.3833253473885856,0.8992457938503229,103.83142857142856,105.172,1.844066417566065,2.585941301304166,51653023.0,57132573.28571428,0.2251677118684805,1.6942087776459305,0.9872535329881392,1.0320919175911254,0.9710005761474938
1147,AAPL,2015-01-16,101.33,101.84,99.59,100.32,82925523,0.0257177033492823,101.12,103.95,104.35,-0.7911392405063444,-2.7224627224627262,-0.3833253473885856,103.59,104.85833333333332,2.198787544689257,2.5847071245187125,63283616.0,62932716.571428575,0.3103790244855793,1.6777734445765085,0.987904315346102,1.0225926297821066,0.990032566860752
1148,AAPL,2015-01-20,102.1,102.96,100.8,102.9,86996261,0.0079689018464528,100.32,101.12,103.95,2.571770334928236,-0.7911392405063444,-2.7224627224627262,103.15714285714286,104.64366666666666,1.9449482793991344,2.4642820642027914,82925523.0,66406576.571428575,0.0490890844306162,1.7567851764462354,0.9857944216131208,1.0214285714285714,1.0078354554358473
1149,AAPL,2015-01-21,103.13,105.12,102.49,103.72,57995531,0.0257423833397609,102.9,100.32,101.12,0.7968901846452825,2.571770334928236,-0.7911392405063444,102.82571428571428,104.472,1.5239188204895728,2.335742368882031,86996261.0,66589811.85714286,-0.3333560507847573,1.7652013049222577,0.984241847439642,1.0256610401014734,1.005720934742558
1150,AAPL,2015-01-22,104.4,106.46,103.88,106.39,80829941,0.0053576463953377,103.72,102.9,100.32,2.5742383339760977,0.7968901846452825,2.571770334928236,103.25,104.472,2.042253657118493,2.335742368882031,57995531.0,70648194.42857143,0.3937270614868584,1.7853395573537156,0.9883030859943334,1.0248363496341932,1.0190613026819924
1151,AAPL,2015-01-23,106.33,107.68,105.58,106.96,53300672,0.0009349289454001,106.39,103.72,102.9,0.5357646395337756,2.5742383339760977,0.7968901846452825,103.62285714285714,104.43666666666668,2.470011567355725,2.2877444596460537,80829941.0,68140652.42857143,-0.3405825695208661,1.7653063214420823,0.9922076264037898,1.0198901307065733,1.005924950625411
1152,AAPL,2015-01-26,107.67,108.26,106.79,107.06,58694780,-0.0350270876144218,106.96,106.39,103.72,0.0934928945400148,0.5357646395337756,2.5742383339760977,104.06714285714284,104.47233333333334,2.796752368290381,2.3208970966699214,53300672.0,69146617.71428572,0.1012015007990894,1.7299660608665597,0.9961215523453688,1.013765333832756,0.9943345407262932
1153,AAPL,2015-01-27,106.41,106.47,103.2,103.31,100510975,0.0566256896718613,107.06,106.96,106.39,-3.502708761442186,0.0934928945400148,0.5357646395337756,104.38,104.39366666666666,2.521024923851566,2.3188976027309955,58694780.0,74464811.85714285,0.7124346492141209,1.8470255068696808,0.9998690852893376,1.0316860465116278,0.9708673996804812
1154,AAPL,2015-01-28,111.34,111.82,109.16,109.16,155781252,0.0312385489190178,103.31,107.06,106.96,5.662568967186132,-3.502708761442186,0.0934928945400148,105.64285714285714,104.56933333333332,2.357065366694688,2.473861888561224,100510975.0,84872773.14285715,0.5498929544758668,2.094537193649282,1.0102661437660865,1.0243679003297912,0.9804203341117298
1155,AAPL,2015-01-29,110.11,112.84,109.4,112.57,89138209,-0.0147463800302034,109.16,103.31,107.06,3.123854891901789,5.662568967186132,-3.502708761442186,107.02428571428572,104.907,3.1738034865825133,2.837773714581551,155781252.0,85178765.71428572,-0.4277988663231439,2.138908003380455,1.0201825017804886,1.0314442413162703,1.0223412950685675
1156,AAPL,2015-01-30,112.08,113.58,110.61,110.91,88431556,0.0125326841583266,112.57,109.16,103.31,-1.4746380030203454,3.123854891901789,5.662568967186132,108.05142857142856,105.23566666666667,3.0885132808083053,2.94463121434643,89138209.0,89526769.28571428,-0.0079276104818305,2.14222844297104,1.0267567260601942,1.0268510984540276,0.9895610278372592
1157,AAPL,2015-02-02,111.75,112.82,109.88,112.3,66181590,0.0001780943900266,110.91,112.57,109.16,1.2532684158326646,-1.4746380030203454,3.123854891901789,108.89571428571428,105.52633333333333,3.354940919218069,3.195275049768918,88431556.0,87434147.71428572,-0.2516066323654873,2.110462410023588,1.031929290499821,1.0267564615944669,1.0049217002237136
1158,AAPL,2015-02-03,112.17,112.75,111.33,112.32,54824287,0.0075676638176638,112.3,110.91,112.57,0.0178094390026695,1.2532684158326646,-1.4746380030203454,109.66142857142856,105.71566666666666,3.449837815375724,3.4236597511948577,66181590.0,87651807.0,-0.1716081919458266,2.049917847302886,1.0373242872052573,1.0127548729003863,1.001337255950789
1159,AAPL,2015-02-04,112.17,114.08,111.99,113.17,74030839,0.0072457365026066,112.32,112.3,110.91,0.7567663817663828,0.0178094390026695,1.2532684158326646,110.53428571428572,105.96066666666664,3.454894388850528,3.684437853845306,54824287.0,89842672.57142857,0.3503292619199953,2.0441407267914067,1.0431633661008084,1.0186623805696935,1.0089150396719266
1160,AAPL,2015-02-05,114.06,114.26,113.31,113.99,44438620,-0.0085095183788052,113.17,112.32,112.3,0.7245736502606626,0.7567663817663828,0.0178094390026695,112.06,106.19633333333334,1.5850762337132858,3.963458506573645,74030839.0,81832336.14285715,-0.3997282672968221,2.0407210395295303,1.0552153401404316,1.0083840790751035,0.9993862879186391
1161,AAPL,2015-02-06,114.06,114.28,112.59,113.02,45964935,0.0066359936294462,113.99,113.17,112.32,-0.8509518378805203,0.7245736502606626,0.7567663817663828,112.61142857142856,106.41266666666668,0.953754485737175,4.154798582887682,44438620.0,66144290.85714286,0.0343465886204386,2.047556096071284,1.0582521056838023,1.0150102140509814,0.9908819919340698
1162,AAPL,2015-02-09,112.68,113.89,112.57,113.77,40895791,0.0192493627494065,113.02,113.99,113.17,0.6635993629446224,-0.8509518378805203,0.7245736502606626,112.78285714285713,106.67033333333332,1.04823207173158,4.365254255211415,45964935.0,59252516.85714286,-0.1102828493067595,2.0450127945682257,1.057302940925691,1.011726037132451,1.0096734114306
1163,AAPL,2015-02-10,114.21,116.07,114.2,115.96,65164771,0.0233701276302173,113.77,113.02,113.99,1.9249362749406584,0.6635993629446224,-0.8509518378805203,113.50428571428571,106.93866666666668,1.2606989746875614,4.680144953055076,40895791.0,55928690.42857143,0.5934346642176453,2.0493276788540964,1.0613961184693317,1.0163747810858144,1.0153226512564577
1164,AAPL,2015-02-11,116.67,118.71,116.42,118.67,77332011,0.0128086289710962,115.96,113.77,113.02,2.33701276302174,1.9249362749406584,0.6635993629446224,114.41428571428573,107.29966666666664,2.197489910051576,5.146512366664209,65164771.0,57521607.71428572,0.1867149966659131,2.082832140850646,1.0663060684961965,1.019670159766363,1.0171423673609326
1165,AAPL,2015-02-12,119.8,121.15,119.34,120.19,78330856,0.004825692653299,118.67,115.96,113.77,1.2808628971096248,2.33701276302174,1.9249362749406584,115.53857142857144,107.75566666666666,2.8606084933800022,5.655056134562704,77332011.0,60879689.0,0.0129163199958681,2.0678586122502147,1.0722273361825188,1.015166750460868,1.003255425709516
1166,AAPL,2015-02-13,120.96,120.96,119.42,120.77,56927581,0.0059617454665894,120.19,118.67,115.96,0.4825692653299018,1.2808628971096248,2.33701276302174,116.62428571428572,108.29833333333332,3.2301901757397693,6.09489276493769,78330856.0,58436366.42857143,-0.2732419392940121,2.020877551232417,1.0768797831387285,1.0128956623681125,0.9984292328042328
1167,AAPL,2015-02-17,121.16,122.47,120.61,121.49,66393629,0.0067495267100172,120.77,120.19,118.67,0.5961745466589452,0.4825692653299018,1.2808628971096248,117.69571428571427,108.898,3.447336445931267,6.479388753631592,56927581.0,61572796.28571428,0.1662822806400292,2.002227629373473,1.080788575416576,1.0154216068319375,1.0027236711786067
1168,AAPL,2015-02-18,121.3,122.37,121.12,122.31,47218044,-0.0019622271277901,121.49,120.77,120.19,0.6749526710017273,0.5961745466589452,0.4825692653299018,119.02285714285712,109.62233333333332,3.119961080346192,6.72731113131162,66393629.0,61751811.85714286,-0.2888166423317514,1.8979774190206589,1.0857537284938028,1.0103203434610304,1.0083264633140974
1169,AAPL,2015-02-19,122.1,122.61,121.97,122.07,39279445,0.0081920209715737,122.31,121.49,120.77,-0.196222712779015,0.6749526710017273,0.5961745466589452,120.20857142857145,110.33833333333334,2.24559144823788,6.874306025580427,47218044.0,61520905.28571428,-0.1681263840577556,1.9008261747988973,1.0894542974962291,1.0052471919324424,0.9997542997542996
1170,AAPL,2015-02-20,122.22,123.07,121.71,123.07,51474822,0.0270577719996751,122.07,122.31,121.49,0.8192020971573788,-0.196222712779015,0.6749526710017273,121.2242857142857,111.04033333333334,1.4816528736899277,7.06710811622653,39279445.0,59565198.28571428,0.310477324717801,1.8958674419726615,1.0917139932422666,1.011174102374497,1.0069546719031257
1171,AAPL,2015-02-23,123.59,126.4,123.23,126.4,74617465,-0.00625,123.07,122.07,122.31,2.7057771999675184,0.8192020971573788,-0.196222712779015,122.32857142857142,111.72266666666664,2.0371256594524585,7.52974100087301,51474822.0,59177406.0,0.449591510972102,1.8402835943053872,1.0949306445893232,1.025724255457275,1.0227364673517274
1172,AAPL,2015-02-24,126.34,126.97,124.65,125.61,72791386,-0.0257145131757026,126.4,123.07,122.07,-0.6250000000000089,2.7057771999675184,0.8192020971573788,123.10285714285712,112.375,2.1172680060735494,7.86088559984124,74617465.0,58386053.14285714,-0.0244725413815652,1.851927876230536,1.0954648021611313,1.018612113918973,0.994221940794681
1173,AAPL,2015-02-25,125.03,125.07,121.79,122.38,78560740,0.0126654682137605,125.61,126.4,123.07,-2.5714513175702614,-0.6250000000000089,2.7057771999675184,123.33285714285714,113.007,1.89767150552356,7.878249039668194,72791386.0,61476504.42857143,0.0792587463577076,1.8577343365019008,1.091373606439045,1.0269316035799323,0.978805086779173
1174,AAPL,2015-02-26,122.38,124.36,120.33,123.93,96020337,-0.0149277818123134,122.38,125.61,126.4,1.2665468213760578,-2.5714513175702614,-0.6250000000000089,123.68142857142855,113.65966666666668,1.7183754786813303,7.94708035016335,78560740.0,65708891.28571428,0.2222432858957286,1.86112325542546,1.0881734233318934,1.033491232444112,1.0126654682137606
1175,AAPL,2015-02-27,123.57,124.07,121.88,122.08,65231155,0.0048328964613368,123.93,122.38,125.61,-1.4927781812313468,1.2665468213760578,-2.5714513175702614,123.64857142857144,114.264,1.7508610126829844,7.872243513194503,96020337.0,68282192.85714285,-0.3206527175591979,1.891929275563341,1.0821306048149149,1.0179684936002624,0.9879420571336084
1176,AAPL,2015-03-02,122.83,123.82,121.94,122.67,50608817,0.0022010271460013,122.08,123.93,122.38,0.4832896461336888,-1.4927781812313468,1.2665468213760578,123.73428571428572,114.98233333333332,1.673687118743402,7.610361214560743,65231155.0,69900674.57142857,-0.2241618747974031,1.788145447184612,1.0761156268726997,1.0154174184024929,0.9986973866319304
1177,AAPL,2015-03-03,122.55,123.09,121.74,122.94,39791443,-0.0063445583211322,122.67,122.08,123.93,0.2201027146001344,0.4832896461336888,-1.4927781812313468,123.71571428571428,115.73633333333332,1.682982047274297,7.218021738405236,50608817.0,68231620.42857143,-0.2137448500327522,1.7692518523239416,1.068944476834249,1.0110892065056678,1.0031823745410038
1178,AAPL,2015-03-04,122.68,123.13,121.96,122.16,33320315,-0.0165356908971839,122.94,122.67,122.08,-0.6344558321132232,0.2201027146001344,0.4832896461336888,123.11,116.37833333333332,1.2676224464269772,6.885823559455519,39791443.0,62332027.571428575,-0.1626261203947793,1.7486972531365084,1.057842954730978,1.0095933092817315,0.9957613302901858
1179,AAPL,2015-03-05,122.19,122.35,119.53,120.14,59469141,0.0014982520392874,122.16,122.94,122.67,-1.6535690897183986,-0.6344558321132232,0.2201027146001344,122.32857142857144,116.92566666666669,1.150194600520389,6.485931556909789,33320315.0,60428849.71428572,0.7847712724204439,1.795224958139777,1.046208030417371,1.023592403580691,0.983222849660365
1180,AAPL,2015-03-06,122.02,122.95,119.99,120.32,76646735,0.004155585106383,120.14,122.16,122.94,0.149825203928744,-1.6535690897183986,-0.6344558321132232,122.03428571428572,117.39,1.3761765529104424,6.197900089323813,59469141.0,60155420.42857143,0.2888488670115481,1.7530071802254972,1.0395628734499167,1.024668722393533,0.9860678577282412
1181,AAPL,2015-03-09,121.62,123.14,118.85,120.82,93152478,-0.0206919384207913,120.32,120.14,122.16,0.415558510638303,0.149825203928744,-1.6535690897183986,121.59,117.852,1.14471248210418,5.90318931916721,76646735.0,59745726.28571428,0.2153482858728423,1.7528843168617645,1.0317177476835353,1.0360959192259152,0.9934221345173492
1182,AAPL,2015-03-10,120.14,120.9,117.66,118.32,72453061,-0.0182555780933062,120.82,120.32,120.14,-2.069193842079131,0.415558510638303,0.149825203928744,121.05285714285712,118.22733333333332,1.647995896902901,5.540158054096169,93152478.0,60777427.14285714,-0.2222100522113861,1.810376413817741,1.0238990741807348,1.0275369709331974,0.9848510071583152
1183,AAPL,2015-03-11,118.53,118.57,116.03,116.16,72539762,0.0054235537190083,118.32,120.82,120.32,-1.8255578093306248,-2.069193842079131,0.415558510638303,120.12285714285711,118.65566666666668,2.2936849121465133,4.793494645823556,72453061.0,63910419.28571428,0.0011966506149407,1.710451200907625,1.0123651108910976,1.0218908902869948,0.9800050620096178
1184,AAPL,2015-03-12,116.23,118.69,115.58,116.79,50910842,0.0058224163027655,116.16,118.32,120.82,0.5423553719008378,-1.8255578093306248,-2.069193842079131,119.24428571428572,118.91,2.211122317914534,4.463347282647423,72539762.0,65498904.85714286,-0.2981664042404771,1.3939756203140117,1.0028112498047743,1.026907769510296,1.0048180332100147
1185,AAPL,2015-03-13,118.22,119.17,116.5,117.47,54534273,0.0108112709627989,116.79,116.16,118.32,0.5822416302765587,0.5423553719008378,-1.8255578093306248,118.57428571428572,119.07333333333332,1.8636331643985704,4.31037348036441,50910842.0,68529470.28571428,0.0711720894343095,1.285339488536584,0.9958089052764604,1.0229184549356225,0.9936558957875148
1186,AAPL,2015-03-16,117.73,118.74,116.77,118.74,37748111,0.0167593060468249,117.47,116.79,116.16,1.0811270962798991,0.5822416302765587,0.5423553719008378,118.3742857142857,119.33433333333332,1.7385229089026997,4.02675421899932,54534273.0,65426466.0,-0.3078094027218443,1.258351875439745,0.9919549756366768,1.016870771602295,1.0085789518389534
1187,AAPL,2015-03-17,119.67,121.0,119.42,120.73,53688174,0.01126480576493,118.74,117.47,116.79,1.6759306046824962,1.0811270962798991,0.5822416302765587,118.43285714285716,119.61533333333333,1.819997383571773,3.807093862536081,37748111.0,62146671.571428575,0.4222744550051789,1.272429463296586,0.9901143427224254,1.0132306146374142,1.0088576919862955
1188,AAPL,2015-03-18,120.69,122.74,120.1,122.09,68680174,-0.0075354246867065,120.73,118.74,117.47,1.1264805764930053,1.6759306046824962,1.0811270962798991,118.61428571428571,119.941,2.1338607978918387,3.5721396563036207,53688174.0,58650628.14285714,0.2792421288159288,1.2815385067149057,0.988938609101856,1.0219816819317236,1.0115999668572375
1189,AAPL,2015-03-19,122.35,122.83,121.07,121.17,48202149,-0.0123793018073781,122.09,120.73,118.74,-0.7535424686706538,1.1264805764930053,1.6759306046824962,119.0214285714286,120.20766666666668,2.3311258265193304,3.340327965864922,68680174.0,55186212.14285714,-0.2981650133850855,1.2920440679916378,0.9901317600771048,1.0145370446848931,0.990355537392726
1190,AAPL,2015-03-20,121.91,122.02,118.95,119.67,72283235,0.0101947020974346,121.17,122.09,120.73,-1.2379301807378118,-0.7535424686706538,1.1264805764930053,119.52285714285712,120.397,1.96119618503821,3.1301108826893205,48202149.0,55149565.42857143,0.4995853193184394,1.3159157736570302,0.992739496356696,1.0258091635140816,0.9816257895168568
1191,AAPL,2015-03-23,120.8,121.51,120.24,120.89,39679274,-0.0040532715691951,119.67,121.17,122.09,1.0194702097434671,-1.2379301807378118,-0.7535424686706538,120.10857142857142,120.65933333333332,1.585185883652898,2.8032529544149054,72283235.0,53545055.71428572,-0.4510584093254819,1.3101435215883217,0.9954353974156284,1.0105622089155024,1.000745033112583
1192,AAPL,2015-03-24,120.91,121.7,120.28,120.4,34557741,-0.0259966777408638,120.89,119.67,121.17,-0.4053271569195105,1.0194702097434671,-1.2379301807378118,120.52714285714283,120.88033333333333,1.0780648447760794,2.4846265012218334,39679274.0,50691265.42857143,-0.1290732537092286,1.3125605952973551,0.9970781808218832,1.0118057864981709,0.9957819866016046
1193,AAPL,2015-03-25,120.26,120.52,117.27,117.27,54353186,0.0068218640743582,120.4,120.89,119.67,-2.5996677740863894,-0.4053271569195105,1.0194702097434671,120.31714285714284,120.924,1.5318693839691464,2.4054200292756605,34557741.0,53063419.0,0.5728223091897124,1.3660623161882592,0.9949814995959684,1.0277138228020806,0.975137202727424
1194,AAPL,2015-03-26,116.66,118.67,116.52,118.07,50057655,-0.0078766833234521,117.27,120.4,120.89,0.6821864074358253,-2.5996677740863894,-0.4053271569195105,119.93714285714286,120.904,1.7295540300537675,2.427203016386919,54353186.0,52544773.42857143,-0.0790299762740679,1.302305703637619,0.9920031004527796,1.018451767936835,1.012086404937425
1195,AAPL,2015-03-27,118.41,118.5,116.81,117.14,41611700,0.0252689089977804,118.07,117.27,120.4,-0.7876683323452149,0.6821864074358253,-2.5996677740863894,119.23,120.80233333333334,1.71449701079292,2.5202349142466125,50057655.0,48677848.571428575,-0.1687245437286265,1.2863384017212929,0.9869842469930216,1.014467939388751,0.989274554513977
1196,AAPL,2015-03-30,117.89,120.13,117.85,120.1,49559739,-0.0154870940882597,117.14,118.07,117.27,2.526890899778045,-0.7876683323452149,0.6821864074358253,119.07714285714287,120.78,1.5527793821214964,2.523497846107554,41611700.0,48871790.0,0.1910049096768458,1.3685592871537118,0.9859011662290352,1.0193466270683071,1.0187462889133938
1197,AAPL,2015-03-31,119.83,120.21,118.18,118.24,44289056,-0.0013531799729363,120.1,117.14,118.07,-1.5487094088259767,2.526890899778045,-0.7876683323452149,118.87285714285714,120.67166666666668,1.5558461179933196,2.561442324474299,49559739.0,44872621.571428575,-0.1063500959922327,1.3916594049360846,0.9850933564315606,1.0171771873413435,0.9867312025369273
1198,AAPL,2015-04-01,118.62,118.91,116.99,118.08,42743165,0.0086382113821137,118.24,120.1,117.14,-0.135317997293638,-1.5487094088259767,2.526890899778045,118.47142857142856,120.53066666666668,1.288130797861211,2.5844681081990424,44289056.0,45310320.28571428,-0.0349045822968093,1.3843261663963862,0.982915235166391,1.0164116591161638,0.9954476479514416
1199,AAPL,2015-04-02,118.82,119.33,118.02,119.1,33903042,0.0161209068010075,118.08,118.24,120.1,0.8638211382113736,-0.135317997293638,-1.5487094088259767,118.28571428571428,120.43166666666666,1.031986064883039,2.580350261352796,42743165.0,45216791.85714286,-0.2068195698657318,1.3954799429053932,0.9821811618127648,1.0110998135909168,1.002356505638781
1200,AAPL,2015-04-06,118.28,121.18,118.15,121.02,39136637,-0.0104115022310361,119.1,118.08,118.24,1.6120906801007528,0.8638211382113736,-0.135317997293638,118.82142857142856,120.36333333333332,1.3432352557905325,2.53481460021642,33903042.0,43042999.14285714,0.1543694810630858,1.42024223146568,0.9871895807535122,1.025645366060093,1.0231653703077443
1201,AAPL,2015-04-07,121.31,121.77,119.73,119.76,36819494,-0.0032565130260521,121.02,119.1,118.08,-1.0411502231036152,1.6120906801007528,0.8638211382113736,119.06285714285714,120.142,1.3375314860623857,2.2650742547010183,39136637.0,41151833.28571428,-0.0592064923718407,1.3318900050286675,0.9910177718271476,1.0170383362565771,0.9872228175748085
1202,AAPL,2015-04-08,119.62,120.13,118.76,119.37,39279005,0.0076233559520817,119.76,121.02,119.1,-0.3256513026052121,-1.0411502231036152,1.6120906801007528,119.38142857142856,119.934,1.034447172357693,2.018751064908193,36819494.0,40818591.14285714,0.0667991526445204,1.3294914831722828,0.9953927040824836,1.011535870663523,0.9979100484868751
1203,AAPL,2015-04-09,119.62,120.3,118.46,120.28,34132932,0.0041569670768206,119.37,119.76,121.02,0.7623355952081745,-0.3256513026052121,-1.0411502231036152,119.40714285714284,119.864,1.0572718711578837,1.966750514479628,39279005.0,38614761.571428575,-0.1310133237845511,1.2585101109918226,0.9961885374853404,1.015532669255445,1.0055174719946498
1204,AAPL,2015-04-10,119.7,120.89,119.04,120.78,42287023,-0.001987083954297,120.28,119.37,119.76,0.4156967076820672,0.7623355952081745,-0.3256513026052121,119.77,119.759,1.0253292154317997,1.8208663152274531,34132932.0,38328756.85714286,0.2388921936152452,1.2372245709289142,1.0000918511343615,1.0155409946236558,1.0090225563909774
1205,AAPL,2015-04-13,121.99,122.19,120.33,120.54,38264547,-0.0042309606769537,120.78,120.28,119.37,-0.1987083954297031,0.4156967076820672,0.7623355952081745,120.12142857142858,119.70766666666668,0.7280208003432224,1.7742889461321625,42287023.0,37688954.28571428,-0.0951231776235466,1.2084348131822222,1.0034564361354903,1.0154574918972823,0.988113779818018
1206,AAPL,2015-04-14,120.69,120.97,119.67,120.03,26857714,0.0037490627343164,120.54,120.78,120.28,-0.4230960676953721,-0.1987083954297031,0.4156967076820672,120.25428571428571,119.61966666666666,0.5804554861888296,1.6855480707620072,38264547.0,36682478.85714286,-0.2981044829826419,1.2063525864594804,1.0053053069390965,1.0108632071530042,0.9945314441958738
1207,AAPL,2015-04-15,120.14,120.81,119.76,120.48,30457939,-0.0047310756972112,120.03,120.54,120.78,0.374906273431641,-0.4230960676953721,-0.1987083954297031,120.17714285714284,119.53766666666664,0.4906700957621732,1.5746366484721424,26857714.0,35442664.85714286,0.1340480801902945,1.2079461639723397,1.0053495789930331,1.0087675350701402,1.0028300316297654
1208,AAPL,2015-04-16,120.01,120.78,119.85,119.91,29850770,-0.0113418397131181,120.48,120.03,120.54,-0.4731075697211206,0.374906273431641,-0.4230960676953721,120.19857142857144,119.46266666666666,0.4723497493726552,1.497102795938916,30457939.0,34447132.85714286,-0.0199346712198746,1.2056586055410228,1.0061601233459667,1.0077596996245308,0.9991667361053244
1209,AAPL,2015-04-17,119.32,119.88,118.27,118.55,54670854,0.0229439055250948,119.91,120.48,120.03,-1.1341839713118196,-0.4731075697211206,0.374906273431641,120.08142857142856,119.40966666666668,0.7386796457637886,1.500437828821919,29850770.0,36645968.42857143,0.8314721529796383,1.1854708978885005,1.0056256911480803,1.0136129195907668,0.9935467650016762
1210,AAPL,2015-04-20,119.32,121.77,118.96,121.27,49502951,-0.005524861878453,118.55,119.91,120.48,2.2943905525094843,-1.1341839713118196,-0.4731075697211206,120.22285714285714,119.44133333333332,0.8667124530134589,1.5300456007024124,54670854.0,38841685.42857143,-0.0945275703942726,1.259510409729295,1.0065431604597277,1.02362138533961,1.0163426081126383
1211,AAPL,2015-04-21,121.75,121.84,120.38,120.6,34094920,0.0134328358208954,121.27,118.55,119.91,-0.5524861878453025,2.2943905525094843,-1.1341839713118196,120.19714285714284,119.434,0.8499355717985922,1.523724112959007,49502951.0,37671385.0,-0.3112547977190288,1.261793399478297,1.0063896617139412,1.01212826050839,0.9905544147843942
1212,AAPL,2015-04-22,120.69,122.46,120.05,122.22,39585604,0.0083456062837505,120.6,121.27,118.55,1.3432835820895497,-0.5524861878453025,2.2943905525094843,120.43714285714285,119.564,1.1478634397038094,1.5903168194437998,34094920.0,37860107.42857143,0.1610411169757841,1.2218580207864458,1.0073027237056542,1.0200749687630153,1.0126771066368383
1213,AAPL,2015-04-23,121.94,123.94,121.78,123.24,48161636,0.0047062641999351,122.22,120.6,121.27,0.8345606283750584,1.3432835820895497,-0.5524861878453025,120.89571428571428,119.8,1.5342626583411991,1.5930776979554804,39585604.0,40903524.85714286,0.2166452228441431,1.1716380117715492,1.0091461960410206,1.017736902611266,1.0106609808102345
1214,AAPL,2015-04-24,123.99,124.13,122.81,123.82,46851616,0.0180907769342595,123.24,122.22,120.6,0.4706264199935139,0.8345606283750584,1.3432835820895497,121.37285714285714,120.03433333333332,1.8667593514454115,1.6510387186779594,48161636.0,43245478.71428572,-0.0272004879568459,1.1709968184426394,1.0111511746044088,1.010748310398176,0.9986289216872328
1215,AAPL,2015-04-27,125.74,126.53,124.63,126.06,102018381,-0.0158654608916388,123.82,123.24,122.22,1.8090776934259531,0.4706264199935139,0.8345606283750584,122.25142857142858,120.32066666666668,2.4267566048259286,1.9147808613848087,46851616.0,53555137.42857143,1.1774783819623211,1.2056558736179348,1.016046801918999,1.0152451255716923,1.0025449339907746
1216,AAPL,2015-04-28,127.78,127.86,123.14,124.06,125135690,-0.0146703208125101,126.06,123.82,123.24,-1.5865460891638872,1.8090776934259531,0.4706264199935139,123.03857142857144,120.498,1.8514897476716212,2.00745060488014,102018381.0,63621542.571428575,0.2265994497599408,1.239573214198816,1.021083930260846,1.0383303556927077,0.9708874628267334
1217,AAPL,2015-04-29,123.72,125.06,121.94,122.24,66696822,-0.0269960732984293,124.06,126.06,123.82,-1.4670320812510185,-1.5865460891638872,1.8090776934259531,123.17714285714284,120.54833333333336,1.7293323787546873,2.0322453750388965,125135690.0,66077809.85714286,-0.4670040018159487,1.2392925139006676,1.021807099701167,1.0255863539445629,0.9880375040413836
1218,AAPL,2015-04-30,121.17,121.54,118.38,118.94,87540921,0.0302673616949722,122.24,124.06,126.06,-2.6996073298429346,-1.4670320812510185,-1.5865460891638872,122.93999999999998,120.44333333333334,2.193232013874838,2.0312206850225576,66696822.0,73712952.85714285,0.3125201227728662,1.3188859746326205,1.0207289735145155,1.0266936982598414,0.9815961046463646
1219,AAPL,2015-05-01,119.84,123.69,119.08,122.54,61568872,-0.0019585441488494,118.94,122.24,124.06,3.026736169497224,-2.6996073298429346,-1.4670320812510185,122.98571428571428,120.489,2.179012445607885,2.0632688326684976,87540921.0,76853419.71428572,-0.2966846670484538,1.428239393048122,1.0207215122186613,1.0387134699361773,1.0225300400534043
1220,AAPL,2015-05-04,123.07,124.07,121.9,122.3,53651452,-0.0223221586263286,122.54,118.94,122.24,-0.1958544148849439,3.026736169497224,-2.6996073298429346,122.85142857142856,120.57666666666664,2.189668381071986,2.0830487161903264,61568872.0,77637679.14285715,-0.1285945274423737,1.4084377977184248,1.0188656890893366,1.0178014766201804,0.9937433980661412
1221,AAPL,2015-05-05,121.79,122.07,119.55,119.57,51844979,-0.0064397424103035,122.3,122.54,118.94,-2.232215862632869,-0.1958544148849439,3.026736169497224,122.24428571428572,120.53266666666669,2.4500738570052496,2.090131052372344,53651452.0,78351016.71428572,-0.033670533278391,1.4580565050730705,1.0142004578091062,1.0210790464240902,0.9817719024550454
1222,AAPL,2015-05-06,120.28,120.45,117.25,118.8,75857987,0.0063131313131312,119.57,122.3,122.54,-0.6439742410303539,-2.232215862632869,-0.1958544148849439,121.20714285714288,120.47933333333334,2.073280124876748,2.113911121566896,51844979.0,74613817.57142857,0.4631694035405049,1.460843925701568,1.0060409491293902,1.0272921108742004,0.9876953774526104
1223,AAPL,2015-05-07,119.07,120.33,118.35,119.55,45652779,0.018736930154747,118.8,119.57,122.3,0.631313131313127,-0.6439742410303539,-2.232215862632869,120.56285714285714,120.55533333333332,1.7074612175806945,2.0340256217374035,75857987.0,63259116.0,-0.3981809852138576,1.3821735006131497,1.0000624095949615,1.0167300380228137,1.0040312421264803
1224,AAPL,2015-05-08,120.89,121.79,120.35,121.79,58208702,-0.0102635684374743,119.55,118.8,119.57,1.873693015474709,0.631313131313127,-0.6439742410303539,120.49857142857142,120.67933333333332,1.6409695159872055,1.9902069435513792,45652779.0,62046527.42857143,0.2750308584719454,1.4169511579640042,0.9985021303998872,1.0119651017864564,1.0074447845148482
1225,AAPL,2015-05-11,121.58,121.74,119.89,120.54,44047350,-0.0034843205574912,121.79,119.55,118.8,-1.0263568437474335,1.873693015474709,0.631313131313127,120.72714285714288,120.79266666666666,1.492399793244264,1.875191821605278,58208702.0,55833160.14285714,-0.2432858234839182,1.4228415459938837,0.9994575514281456,1.0154308115772792,0.9914459615068268
1226,AAPL,2015-05-12,119.86,121.08,119.12,120.12,50464764,0.0011655011655011,120.54,121.79,119.55,-0.348432055749126,-1.0263568437474335,1.873693015474709,120.38142857142856,120.79333333333334,1.2655094965003573,1.8749406120861007,44047350.0,54246859.0,0.1456935320740067,1.3490145325266594,0.9965900041787232,1.01645399597045,1.002169197396963
1227,AAPL,2015-05-13,120.39,121.39,120.13,120.26,36354556,0.0233660402461333,120.12,120.54,121.79,0.1165501165501181,-0.348432055749126,-1.0263568437474335,120.09,120.86066666666666,0.9441398201634368,1.815409013158388,50464764.0,51775873.85714286,-0.2796051518243502,1.3165644519688091,0.993623511371221,1.0104886373095814,0.99892017609436
1228,AAPL,2015-05-14,121.6,123.07,121.36,123.07,47366643,-0.0014625822702526,120.26,120.12,120.54,2.3366040246133317,0.1165501165501181,-0.348432055749126,120.59,121.027,1.4264407920946685,1.7801068352283964,36354556.0,51136111.571428575,0.3029080316645869,1.3794558996849615,0.996389235459856,1.014090309822017,1.0120888157894736
1229,AAPL,2015-05-15,123.18,123.6,122.35,122.89,40021590,0.0109040605419481,123.07,120.26,120.12,-0.1462582270252643,2.3366040246133317,0.1165501165501181,121.17428571428572,121.15333333333334,1.4085791557856029,1.7731062424811797,47366643.0,46016626.28571428,-0.1550680507377312,1.373677525722571,1.0001729410192517,1.010216591744994,0.9976457217080694
1230,AAPL,2015-05-18,122.51,124.75,122.49,124.23,53256393,-0.0009659502535619,122.89,123.07,120.26,1.0904060541948146,-0.1462582270252643,2.3366040246133317,121.84285714285716,121.26033333333334,1.6059650710841678,1.8595317974550576,40021590.0,47102856.85714286,0.3306915842174187,1.3572574352779134,1.0048039106731013,1.0184504857539391,1.0140396702310015
1231,AAPL,2015-05-19,124.72,124.9,123.74,124.11,46769197,-8.057368463465497e-05,124.23,122.89,123.07,-0.0965950253561942,1.0904060541948146,-0.1462582270252643,122.17428571428572,121.40533333333336,1.8185603934927577,1.9074874850825267,53256393.0,45468641.85714286,-0.1218106528543906,1.3408203846514628,1.0063337611276195,1.0093744949086796,0.9951090442591404
1232,AAPL,2015-05-20,124.04,125.0,123.45,124.1,38199509,0.010556003223207,124.11,124.23,122.89,-0.0080573684634654,-0.0965950253561942,1.0904060541948146,122.68285714285716,121.563,1.7827854075974867,1.928816235146542,46769197.0,44633236.0,-0.1832335928282027,1.3383693098310068,1.0092121545442043,1.012555690562981,1.0004837149306671
1233,AAPL,2015-05-21,124.11,125.61,123.89,125.41,41631624,0.0086117534486882,124.1,124.11,124.23,1.0556003223207044,-0.0080573684634654,-0.0965950253561942,123.43857142857142,121.734,1.6299941571673913,2.035594634803495,38199509.0,43371358.85714286,0.089847097249339,1.3441433442049964,1.0140024268369676,1.013883283557995,1.0104745790024978
1234,AAPL,2015-05-22,125.6,126.9,125.42,126.49,47777927,-0.0218989643450074,125.41,124.1,124.11,0.8611753448688253,1.0556003223207044,-0.0080573684634654,124.32857142857142,121.92433333333334,1.2652065519379432,2.2033543132879214,41631624.0,45003269.0,0.1476354369457218,1.3496517221304325,1.0197190997851515,1.0118003508212408,1.0070859872611464
1235,AAPL,2015-05-26,126.54,126.84,123.23,123.72,74044081,0.0185095376656967,126.49,125.41,124.1,-2.189896434500749,0.8611753448688253,1.0556003223207044,124.42142857142856,122.03033333333332,1.178309927707215,2.210939078580605,47777927.0,48814331.571428575,0.5497549946024238,1.415406420120466,1.019594269496616,1.0292948145743732,0.977714556661925
1236,AAPL,2015-05-27,124.37,126.22,124.09,126.01,48026583,-0.0020633283072772,123.72,126.49,125.41,1.850953766569674,-2.189896434500749,0.8611753448688253,124.86714285714284,122.22966666666667,1.0892002308466229,2.292444085481032,74044081.0,49957902.0,-0.3513784984379777,1.447156569797522,1.0215780363507727,1.0171649609154645,1.0131864597571762
1237,AAPL,2015-05-28,125.83,125.92,125.12,125.75,32191239,-0.0114512922465208,126.01,123.72,126.49,-0.206332830727729,1.850953766569674,-2.189896434500749,125.0842857142857,122.40533333333336,1.0925178433849383,2.3548141933190814,48026583.0,46948594.28571428,-0.3297203967227899,1.4482410830387378,1.0218859122229342,1.0063938618925832,0.9993642215687832
1238,AAPL,2015-05-29,125.25,125.47,123.95,124.31,53319512,0.0020915453302228,125.75,126.01,123.72,-1.145129224652086,-0.206332830727729,1.850953766569674,125.11285714285717,122.552,1.065062037102247,2.3309394287902907,32191239.0,47884353.571428575,0.6563361230053928,1.4633764896293933,1.0208960860929006,1.0122630092779346,0.99249500998004
1239,AAPL,2015-06-01,125.22,125.41,124.09,124.57,33649578,-0.0045757405474833,124.31,125.75,126.01,0.2091545330222821,-1.145129224652086,-0.206332830727729,125.18,122.75266666666668,1.0036101500844787,2.2315402649341936,53319512.0,47234363.42857143,-0.3689068647139906,1.4437638802794104,1.0197741800585458,1.0106374405673302,0.9948091359207794
1240,AAPL,2015-06-02,123.92,124.68,123.43,124.0,35247319,0.001290322580645,124.57,124.31,125.75,-0.4575740547483331,0.2091545330222821,-1.145129224652086,124.9785714285714,122.84366666666666,1.0877258933512806,2.2246464009354385,33649578.0,46322319.85714286,0.04748175445172,1.390940833897691,1.0173790380882863,1.0101271976018795,1.000645577792124
1241,AAPL,2015-06-03,124.69,124.96,123.95,124.16,32466240,-0.0055573453608247,124.0,124.57,124.31,0.1290322580645098,-0.4575740547483331,0.2091545330222821,124.64571428571428,122.96233333333332,0.885905509322379,2.195596978489823,35247319.0,44134936.0,-0.0789018591740268,1.3857498875777134,1.0136902163999892,1.008148446954417,0.9957494586574706
1242,AAPL,2015-06-04,123.68,124.61,123.03,123.47,40290158,-0.0056693933749089,124.16,124.0,124.57,-0.555734536082475,0.1290322580645098,-0.4575740547483331,124.61,123.004,0.9332202312526068,2.1928828451181377,32466240.0,39312947.0,0.2409862675813399,1.3705865859435746,1.013056485967936,1.012842396163537,0.9983020698576972
1243,AAPL,2015-06-05,123.63,123.79,122.49,122.77,37331747,-0.0065162498981835,123.47,124.16,124.0,-0.5669393374908904,-0.555734536082475,0.1290322580645098,124.14714285714284,122.98833333333332,0.9265835865566828,2.192817559801621,40290158.0,37785113.28571428,-0.0734276346099214,1.3665548664581415,1.0094221093367357,1.01061311127439,0.9930437596052738
1244,AAPL,2015-06-08,123.02,123.32,121.03,121.97,55195489,-0.0029515454619988,122.77,123.47,124.16,-0.6516249898183557,-0.5669393374908904,-0.555734536082475,123.60714285714286,122.92666666666668,0.9381669056602696,2.1946350467686786,37331747.0,41071434.71428572,0.478513421833701,1.3684812579773926,1.005535627125735,1.0189209286953649,0.9914648024711428
1245,AAPL,2015-06-09,120.91,122.22,119.88,121.61,58732198,0.0114299810870817,121.97,122.77,123.47,-0.2951545461998828,-0.6516249898183557,-0.5669393374908904,123.22142857142856,122.77833333333334,1.1353476497237525,2.124828728730005,55195489.0,41844675.571428575,0.0640760515773308,1.323568315367165,1.0036089041613905,1.0195195195195197,1.0057894301546606
1246,AAPL,2015-06-10,122.09,123.45,122.0,123.0,40948345,-0.0023577235772358,121.61,121.97,122.77,1.1429981087081709,-0.2951545461998828,-0.6516249898183557,122.99714285714286,122.743,0.9671558696556652,2.1115530319876257,58732198.0,42887356.571428575,-0.3027956317929732,1.3124281364371997,1.0020705283164242,1.0118852459016394,1.0074535178966335
1247,AAPL,2015-06-11,123.29,124.22,122.6,122.71,37084550,-0.0109200554152064,123.0,121.61,121.97,-0.2357723577235848,1.1429981087081709,-0.2951545461998828,122.81285714285715,122.75866666666666,0.8613306427901998,2.1094348537697094,40948345.0,43149818.14285714,-0.0943577817369664,1.2845821181534212,1.0004414391070051,1.0132137030995103,0.9952956444156054
1248,AAPL,2015-06-12,122.32,122.46,121.31,121.37,38579953,-0.0020598170882425,122.71,123.0,121.61,-1.0920055415206464,-0.2357723577235848,1.1429981087081709,122.41428571428573,122.83966666666667,0.7752818228107461,2.0016467071462647,37084550.0,44023205.71428572,0.040324151162681,1.197786721901321,0.9965371043090238,1.009479845025142,0.992233485938522
1249,AAPL,2015-06-15,120.34,121.43,119.97,121.12,46094023,0.005449141347424,121.37,122.71,123.0,-0.2059817088242543,-1.0920055415206464,-0.2357723577235848,122.07857142857144,122.79233333333332,0.750342778823841,2.0256232473561013,38579953.0,44852329.28571428,0.1947661781754892,1.0605741723084707,0.9941872437359398,1.0121697090939403,1.0064816353664616
1250,AAPL,2015-06-16,121.22,122.0,120.59,121.78,33001274,-0.0023813434061422,121.12,121.37,122.71,0.5449141347424025,-0.2059817088242543,-1.0920055415206464,121.93714285714286,122.775,0.689098790360221,2.0321956021792857,46094023.0,44233690.28571428,-0.2840443976868758,1.0652746837296692,0.9931756697792128,1.0116925118169002,1.0046196997195185
1251,AAPL,2015-06-17,121.89,122.03,120.95,121.49,34493316,0.0044448102724503,121.78,121.12,121.37,-0.2381343406142266,0.5449141347424025,-0.2059817088242543,121.86857142857144,122.839,0.7088824202454539,1.956607461556939,33001274.0,41276237.0,0.0452116484957521,0.9805988931395072,0.992099996162224,1.0089293096320793,0.9967183526130116
1252,AAPL,2015-06-18,121.43,122.44,121.42,122.03,37101639,-0.009997541588134,121.49,121.78,121.12,0.4444810272450361,-0.2381343406142266,0.5449141347424025,121.92857142857144,122.94666666666666,0.7010807982915114,1.8100701707359643,34493316.0,38186157.14285714,0.0756182154246927,0.9738531464175554,0.9917192123568872,1.008400592983034,1.0049411183397845
1253,AAPL,2015-06-19,121.92,121.98,120.62,120.81,57335314,0.0080291366608724,122.03,121.49,121.78,-0.999754158813404,0.4444810272450361,-0.2381343406142266,121.61571428571428,122.98866666666666,0.6281150941087842,1.7418712358548425,37101639.0,40527152.71428572,0.5453579827025969,0.9882467836363764,0.98883675692921,1.011275078759741,0.9908956692913384
1254,AAPL,2015-06-22,121.68,122.2,121.28,121.78,35668278,-0.0045163409426834,120.81,122.03,121.49,0.802913666087246,-0.999754158813404,0.4444810272450361,121.48285714285714,122.98833333333332,0.4229150539716407,1.7421094690915595,57335314.0,40324828.14285714,-0.3779003634653505,0.9377703131122472,0.9877591951230372,1.0075857519788918,1.0008218277449046
1255,AAPL,2015-06-23,121.67,121.78,121.08,121.23,31717403,0.0084137589705517,121.78,120.81,122.03,-0.4516340942683494,0.802913666087246,-0.999754158813404,121.46285714285716,123.01133333333334,0.4323468625334275,1.7129823425087476,35668278.0,39344463.85714286,-0.1107671920690984,0.9217295408288302,0.9874119225561098,1.0057813016187644,0.996383660721624
1256,AAPL,2015-06-24,121.41,123.87,121.32,122.25,57926303,-0.0045807770961144,121.23,121.78,120.81,0.8413758970551743,-0.4516340942683494,0.802913666087246,121.62428571428572,123.08233333333332,0.4900971721138179,1.6311994388164326,31717403.0,41034789.571428575,0.8263255349121743,0.9307443266482156,0.9881538838307616,1.0210187932739865,1.0069187052137385
1257,AAPL,2015-06-25,122.98,123.31,121.69,121.69,33466523,-0.0059988495357055,122.25,121.23,121.78,-0.4580777096114485,0.8413758970551743,-0.4516340942683494,121.61142857142856,123.13,0.4864986663904358,1.5654502492121147,57926303.0,41101253.71428572,-0.4222568804365091,0.935500362461527,0.987666925781114,1.013312515408004,0.9895104895104896
1258,AAPL,2015-06-26,121.84,122.14,120.73,120.96,46175652,-0.017526455026455,121.69,122.25,121.23,-0.5998849535705508,-0.4580777096114485,0.8413758970551743,121.53571428571428,123.05966666666669,0.5461335960922106,1.614858771092491,33466523.0,42770158.85714286,0.3797564808271239,0.8356006840295749,0.9876161505858752,1.0116789530356995,0.9927774130006564
1259,AAPL,2015-06-29,119.73,120.69,118.79,118.84,51514057,0.0072366206664422,120.96,121.69,122.25,-1.7526455026455,-0.5998849535705508,-0.4580777096114485,121.08,122.92466666666664,1.1074294560009668,1.7893877460591758,46175652.0,44829075.71428572,0.115610820178565,0.8913122535772322,0.9849935190658778,1.015994612341106,0.9925666082017872
1260,AAPL,2015-06-30,119.83,120.36,119.16,119.7,46494077,0.0092731829573935,118.84,120.96,121.69,0.7236620666442262,-1.7526455026455,-0.5998849535705508,120.92142857142858,122.77366666666668,1.2256893104424331,1.8649757016689712,51514057.0,43280327.571428575,-0.0974487410300454,0.8767069731047684,0.9849133927044228,1.010070493454179,0.9989151297671702
1261,AAPL,2015-07-01,121.1,121.14,120.24,120.81,31685901,-0.0012416190712689,119.7,118.84,120.96,0.9273182957393544,0.7236620666442262,-1.7526455026455,120.78285714285714,122.66366666666666,1.1658146548840171,1.8806922484374975,46494077.0,42711416.571428575,-0.318495966701307,0.8973383085121635,0.9846669386712488,1.00748502994012,0.997605284888522
1262,AAPL,2015-07-02,120.65,120.9,120.03,120.66,28513099,-0.0033979777888281,120.81,119.7,118.84,-0.1241619071268962,0.9273182957393544,0.7236620666442262,120.70142857142856,122.549,1.1491653285752512,1.894913973117718,31685901.0,42253658.85714286,-0.1001329266287867,0.8972414086392965,0.9849238147306676,1.0072481879530115,1.000082884376295
1263,AAPL,2015-07-06,119.23,120.46,119.15,120.25,29403250,-0.0024948024948024,120.66,120.81,119.7,-0.339797778882811,-0.1241619071268962,0.9273182957393544,120.41571428571427,122.377,0.9271615670674792,1.86013375492366,28513099.0,38178937.0,0.031219019721427,0.8716211775898091,0.9839734123709054,1.0109945446915651,1.0085548939025413
1264,AAPL,2015-07-07,120.15,120.39,118.11,119.95,49193474,-0.0248436848686953,120.25,120.66,120.81,-0.2494802494802495,-0.339797778882811,-0.1241619071268962,120.16714285714286,122.159,0.7436781177872234,1.7408942410784578,29403250.0,40425644.28571428,0.6730624675843657,0.8511406147780327,0.9836945526497668,1.0193040386080772,0.9983354140657512
1265,AAPL,2015-07-08,118.79,118.95,116.94,116.97,63669393,-0.0203470975463794,119.95,120.25,120.66,-2.484368486869537,-0.2494802494802495,-0.339797778882811,119.59714285714286,121.934,1.3314868166359932,1.9551957305668872,49193474.0,42924750.14285714,0.294265027918134,0.876518537817805,0.9808350653397976,1.017188301693176,0.9846788450206244
1266,AAPL,2015-07-09,118.19,118.38,113.77,114.59,82356224,0.0267039008639498,116.97,119.95,120.25,-2.0347097546379422,-2.484368486869537,-0.2494802494802495,118.99,121.55333333333331,2.3293418240678045,2.2270613594712376,63669393.0,47330774.0,0.2934978663924124,0.8523388237071156,0.9789118631053584,1.0405203480706688,0.9695405702682124
1267,AAPL,2015-07-10,116.37,118.19,115.67,117.65,64290561,0.0192945176370591,114.59,116.97,119.95,2.6703900863949803,-2.0347097546379422,-2.484368486869537,118.69714285714284,121.28333333333332,2.353937936637658,2.1914509967744205,82356224.0,49873128.85714286,-0.2193600206828326,1.0116434159423418,0.9786764561534383,1.0217861156739,1.0109993984703962
1268,AAPL,2015-07-13,119.32,120.01,118.63,119.92,43423667,-0.0004169446297531,117.65,114.59,116.97,1.9294517637059136,2.6703900863949803,-2.0347097546379422,118.57,121.137,2.2421789996975687,2.1280299291385787,64290561.0,51549952.571428575,-0.3245716583496604,1.0684892042687515,0.97880911695023,1.0116328078900785,1.0050284948038888
1269,AAPL,2015-07-14,120.29,120.59,119.33,119.87,33279159,0.0095937265370817,119.92,117.65,114.59,-0.0416944629753168,1.9294517637059136,2.6703900863949803,118.45714285714288,120.98033333333336,2.136856837243725,2.0376651332840394,43423667.0,52230818.28571428,-0.2336170273229112,1.066851287714788,0.9791437962958954,1.0105589541607307,0.996508437941641
1270,AAPL,2015-07-15,119.98,121.35,119.84,121.02,35239317,0.0133035861841017,119.87,119.92,117.65,0.9593726537081791,-0.0416944629753168,1.9294517637059136,118.56714285714284,120.881,2.2607573530881044,1.956399490266848,33279159.0,53064542.14285714,0.0589004668056665,1.0827577669078248,0.9808583884741426,1.0126001335113484,1.0086681113518918
1271,AAPL,2015-07-16,121.94,122.69,121.54,122.63,37955852,0.0088885264617142,121.02,119.87,119.92,1.3303586184101768,0.9593726537081791,-0.0416944629753168,118.95,120.83,2.7152225200435227,1.886673774406591,35239317.0,51459167.571428575,0.0770881853357146,1.112387884087405,0.9844409500951752,1.0094619055454994,1.0056585205838935
1272,AAPL,2015-07-17,123.19,123.72,122.44,123.72,48373947,0.0186711930164888,122.63,121.02,119.87,0.888852646171423,1.3303586184101768,0.9593726537081791,119.91428571428573,120.83833333333334,3.0702380860089944,1.899246825914488,37955852.0,49274103.85714286,0.2744792818772714,1.1203227583683184,0.9923530257861252,1.010454099967331,1.0043022972643882
1273,AAPL,2015-07-20,124.99,126.9,124.73,126.03,61718915,-0.0099182734269618,123.72,122.63,121.02,1.8671193016488896,0.888852646171423,1.3303586184101768,121.54857142857144,120.94700000000002,2.7963036826733823,2.0965886084548417,48373947.0,46325916.85714286,0.2758709765816711,1.164169681749391,1.0049738433245257,1.0173975787701437,1.0083206656532524
1274,AAPL,2015-07-21,126.78,126.85,124.35,124.78,80429635,-0.0422343324250681,126.03,123.72,122.63,-0.9918273426961832,1.8671193016488896,0.888852646171423,122.56714285714284,121.04066666666668,2.411664116236407,2.2038914381755634,61718915.0,48631498.85714286,0.3031602224374812,1.1733037483033666,1.0126112672088956,1.0201045436268597,0.9842246411105852
1275,AAPL,2015-07-22,116.42,119.77,116.42,119.51,120975577,-0.0005020500376538,124.78,126.03,123.72,-4.223433242506813,-0.9918273426961832,1.8671193016488896,122.5085714285714,120.97066666666667,2.4903642877564725,2.2184864883180477,80429635.0,59710343.14285714,0.5041169464464186,1.411864576240418,1.0127130386587222,1.0287751245490464,1.026541831300464
1276,AAPL,2015-07-23,120.43,121.29,119.35,119.45,53440014,-0.0053578903306823,119.51,124.78,126.03,-0.05020500376538,-4.223433242506813,-0.9918273426961832,122.44857142857144,120.85233333333332,2.568368019917083,2.2011199082680277,120975577.0,62590465.28571428,-0.558257829181505,1.393838023307666,1.0132081694346389,1.0162547130289066,0.9918624927343684
1277,AAPL,2015-07-24,119.61,120.0,118.23,118.81,44180009,-0.0138035518895716,119.45,119.51,124.78,-0.5357890330682347,-0.05020500376538,-4.223433242506813,122.13285714285712,120.72233333333334,2.88905240685286,2.2027892715173065,53440014.0,63867707.0,-0.1732784912818323,1.3960085893388572,1.0116840336876949,1.0149708195889369,0.9933115960203996
1278,AAPL,2015-07-27,117.48,117.97,116.55,117.17,46582952,0.0049500725441666,118.81,119.45,119.51,-1.3803551889571608,-0.5357890330682347,-0.05020500376538,121.35285714285716,120.58233333333332,3.4206174602755937,2.291872722188496,44180009.0,65100149.85714286,0.0543898259504656,1.4040570633804252,1.0063900223873907,1.0121836121836123,0.9973612529792304
1279,AAPL,2015-07-28,117.75,118.24,116.95,117.75,35226815,-0.0030573248407643,117.17,118.81,119.45,0.4950072544166684,-1.3803551889571608,-0.5357890330682347,120.5,120.47,3.4758548109328524,2.3465469862373776,46582952.0,63221988.14285714,-0.2437831118989625,1.4081923111748789,1.0002490246534408,1.011030354852501,1.0
1280,AAPL,2015-07-29,117.54,117.87,116.68,117.39,38782874,-0.0051963540335633,117.75,117.17,118.81,-0.3057324840764375,0.4950072544166684,-1.3803551889571608,119.26571428571428,120.32366666666668,2.611397181225704,2.398347826911176,35226815.0,59945410.85714286,0.1009475026340018,1.4036413907897531,0.9912074456317622,1.0101988344189234,0.9987238386932108
1281,AAPL,2015-07-30,116.73,116.97,116.14,116.78,35237502,-0.008734372324028,117.39,117.75,117.17,-0.5196354033563333,-0.3057324840764375,0.4950072544166684,118.12285714285714,120.16666666666669,1.1213788281436137,2.4723844881955976,38782874.0,53489391.85714286,-0.0914159172422343,1.4054485050234111,0.9829918763621952,1.0071465472705357,1.000428338901739
1282,AAPL,2015-07-31,117.0,117.04,115.4,115.76,44937189,-0.0236696613683483,116.78,117.39,117.75,-0.8734372324028072,-0.5196354033563333,-0.3057324840764375,117.58714285714288,119.95766666666668,1.237937993684952,2.572427651652693,35237502.0,42626765.0,0.2752660219785159,1.407723601036531,0.98023866356028,1.01421143847487,0.9894017094017096
1283,AAPL,2015-08-03,115.95,116.97,112.15,113.02,73291498,-0.0319412493364006,115.76,116.78,117.39,-2.366966136834836,-0.8734372324028072,-0.5196354033563333,116.66857142857144,119.698,1.85638922438135,2.860468251997994,44937189.0,45462691.28571428,0.6309764725158933,1.456917036416975,0.974691067758621,1.0429781542576906,0.9747304872789996
1284,AAPL,2015-08-04,112.06,112.33,108.07,109.41,130079349,0.0065807513024402,113.02,115.76,116.78,-3.1941249336400634,-2.366966136834836,-0.8734372324028072,115.32571428571428,119.28566666666669,3.05928563090255,3.392149845556844,73291498.0,57734025.571428575,0.7748218081174982,1.5412632493027096,0.9668027811587948,1.039418895160544,0.976351954310191
1285,AAPL,2015-08-05,107.8,112.08,106.98,110.13,104065281,0.0021792427131572,109.41,113.02,115.76,0.6580751302440291,-3.1941249336400634,-2.366966136834836,114.32,118.91566666666668,3.4801628314421684,3.758358669027749,130079349.0,65945786.85714286,-0.1999861484546636,1.5518915496536854,0.9613535642906598,1.0476724621424565,1.0216141001855288
1286,AAPL,2015-08-06,111.17,111.68,109.4,110.37,55158515,0.0033523602428195,110.13,109.41,113.02,0.2179242713157281,0.6580751302440291,-3.1941249336400634,113.26571428571428,118.51966666666668,3.384429332218375,4.012217104289404,104065281.0,68793172.57142857,-0.4699623691017563,1.5401010112479985,0.9556702062305912,1.0208409506398537,0.9928038139785914
1287,AAPL,2015-08-07,109.84,111.44,109.76,110.74,40338410,0.036481849376919,110.37,110.13,109.41,0.3352360242819596,0.2179242713157281,0.6580751302440291,112.31571428571428,118.15466666666666,2.9376342927793866,4.207194768024207,55158515.0,69015392.0,-0.2686820883412107,1.5446057438989784,0.9505821264138048,1.0153061224489794,1.0081937363437727
1288,AAPL,2015-08-10,111.71,115.04,111.71,114.78,57321780,-0.0520996689318696,110.74,110.37,110.13,3.6481849376919007,0.3352360242819596,0.2179242713157281,112.03,117.94866666666668,2.4949816298625405,4.216386533786614,40338410.0,72170288.85714285,0.4210222961192571,1.7029755041261576,0.9498199781825992,1.02980932772357,1.027481872706114
1289,AAPL,2015-08-11,112.93,113.28,108.64,108.8,101212493,0.0153492647058823,114.78,110.74,110.37,-5.209966893186968,3.6481849376919007,0.3352360242819596,111.03571428571428,117.614,2.1193305322153213,4.529988657974483,57321780.0,80209618.0,0.7656899872962772,1.9178547518877909,0.9440688547767638,1.0427098674521356,0.9634286726290622
1290,AAPL,2015-08-12,107.88,110.64,105.09,110.47,106071713,-0.0008147008237531,108.8,114.78,110.74,1.5349264705882382,-5.209966893186968,3.6481849376919007,110.67142857142858,117.30633333333334,1.9323166456525145,4.693901754208217,101212493.0,84892505.85714285,0.0480100811270403,1.938046882499617,0.943439500891642,1.0528118755352556,1.0240081572117168
1291,AAPL,2015-08-13,111.24,111.58,109.8,110.38,50629240,0.0070664975539047,110.47,108.8,114.78,-0.0814700823753122,1.5349264705882382,-5.209966893186968,110.81,116.95866666666667,1.8602150413374705,4.810265411942598,106071713.0,73542490.28571428,-0.5226885795650345,1.925649060959315,0.947428721257652,1.0162112932604737,0.9922689679971234
1292,AAPL,2015-08-14,109.59,111.49,109.31,111.16,44781223,0.0104354084202951,110.38,110.47,108.8,0.706649755390476,-0.0814700823753122,1.5349264705882382,110.95714285714284,116.642,1.8380670488882187,4.870521037056677,50629240.0,65073339.14285714,-0.1155067111416249,1.9339595878450395,0.951262348529199,1.019943280578172,1.0143261246464093
1293,AAPL,2015-08-17,111.24,112.79,110.72,112.32,42648223,-0.0056980056980056,111.16,110.38,110.47,1.0435408420295111,0.706649755390476,-0.0814700823753122,111.23571428571428,116.37766666666668,1.8815052231604577,4.883127660334533,44781223.0,63286154.571428575,-0.0476315709376673,1.948299276757464,0.9558166740386694,1.018695809248555,1.0097087378640777
1294,AAPL,2015-08-18,111.61,112.6,111.21,111.68,36051444,-0.012804441260745,112.32,111.16,110.38,-0.5698005698005604,1.0435408420295111,0.706649755390476,111.37,116.102,1.8737573660121665,4.907875022998955,42648223.0,62673730.85714286,-0.15467887137994,1.9494084363692337,0.9592427348366092,1.0124988760003597,1.000627183944091
1295,AAPL,2015-08-19,111.3,111.7,109.93,110.25,50369291,-0.0205895691609977,111.68,112.32,111.16,-1.2804441260745092,-0.5698005698005604,1.0435408420295111,110.72285714285714,115.878,1.137287918489409,5.01898835801884,36051444.0,61680518.14285714,0.397150444237407,1.913227417807713,0.9555123245383692,1.0161011552806332,0.9905660377358492
1296,AAPL,2015-08-20,109.37,109.62,107.01,107.98,71456351,-0.0609372105945544,110.25,111.68,112.32,-2.0589569160997745,-1.2804441260745092,-0.5698005698005604,110.60571428571428,115.65766666666669,1.3838576172352626,5.218601135945294,50369291.0,57429640.71428572,0.4186491328615287,1.9140432727887091,0.956319779513515,1.024390243902439,0.9872908475816036
1297,AAPL,2015-08-21,105.87,107.27,101.28,101.4,133808438,-0.0250986193293886,107.98,110.25,111.68,-6.093721059455448,-2.0589569160997745,-1.2804441260745092,109.31,115.116,3.751999466953333,5.814042809706584,71456351.0,61392030.0,0.8725898555889036,2.121572857160961,0.9495639181347508,1.059142969984202,0.9577784074808728
1298,AAPL,2015-08-24,90.948,104.32,88.196,98.855,169159067,0.0060391482474331,101.4,107.98,110.25,-2.5098619329388616,-6.093721059455448,-2.0589569160997745,107.66357142857144,114.41383333333332,5.379777500268856,6.4509830423464045,133808438.0,78324862.42857143,0.2641883391539179,2.103029157762438,0.9410013482801884,1.182820082543426,1.0869397897699786
1299,AAPL,2015-08-25,106.51,106.51,99.213,99.452,108070357,0.0572939709608655,98.855,101.4,107.98,0.6039148247433124,-2.5098619329388616,-6.093721059455448,105.991,113.73323333333332,5.905851081767816,6.915825169223219,169159067.0,87366167.28571428,-0.3611317506261724,2.112434023308891,0.9319263762541408,1.0735488292864848,0.9337339216974933
1300,AAPL,2015-08-26,102.64,105.34,100.7,105.15,100948881,0.0294816928197811,99.452,98.855,101.4,5.729397096086553,0.6039148247433124,-2.5098619329388616,104.96671428571427,113.20423333333332,5.205467853271852,6.946123184086402,108070357.0,95694832.71428572,-0.0658966639667897,2.3944355168626688,0.9272331183643686,1.046077457795432,1.0244544037412315
1301,AAPL,2015-08-27,107.59,108.55,105.47,108.25,88265831,0.0032332563510391,105.15,99.452,98.855,2.948169281978119,5.729397096086553,0.6039148247433124,104.47671428571428,112.7249,4.593699188901393,6.767102799573592,100948881.0,103154030.85714284,-0.1256383416473928,2.453169293894535,0.9268290704690294,1.0292026168578745,1.0061343991077238
1302,AAPL,2015-08-28,107.54,108.62,106.93,108.6,55457595,-0.0046961325966849,108.25,105.15,99.452,0.3233256351039104,2.948169281978119,5.729397096086553,104.241,112.2209,4.279683827887843,6.476798977091367,88265831.0,103880931.42857143,-0.3716980356758891,2.445198008718937,0.9288911423807864,1.0158047320677075,1.0098567974707084
1303,AAPL,2015-08-31,107.4,109.79,107.37,108.09,58654593,-0.044684984734943,108.6,108.25,105.15,-0.4696132596684998,0.3233256351039104,2.948169281978119,104.2567142857143,111.6229,4.295872310111181,5.965890969387317,55457595.0,102052108.85714284,0.0576476134603385,2.407265556939428,0.9340082929731648,1.0225388842320946,1.0064245810055863
1304,AAPL,2015-09-01,105.6,107.25,102.91,103.26,80160471,0.0429982568274258,108.09,108.6,108.25,-4.468498473494309,-0.4696132596684998,0.3233256351039104,104.52242857142858,110.90556666666666,4.144584975490995,5.612656877053548,58654593.0,94388113.57142857,0.3666529234973976,2.513958874053348,0.9424452866786842,1.042172772325333,0.9778409090909091
1305,AAPL,2015-09-02,105.68,107.7,104.6,107.7,64558315,-0.0175487465181058,103.26,108.09,108.6,4.299825682742586,-4.468498473494309,-0.4696132596684998,105.786,110.5119,3.4123899738088825,5.39842180226486,80160471.0,79445149.0,-0.1946365310153929,2.571108971726644,0.9572362795318874,1.029636711281071,1.019114307342922
1306,AAPL,2015-09-03,107.84,108.11,105.49,105.81,55530094,-0.0101124657404783,107.7,103.26,108.09,-1.7548746518105895,4.299825682742586,-4.468498473494309,106.69428571428573,110.05723333333334,1.998856816144315,5.190051356355276,64558315.0,71939397.14285715,-0.1398459826592438,2.583879784329057,0.9694436474805596,1.024836477391222,0.9811758160237388
1307,AAPL,2015-09-04,104.47,105.89,104.03,104.74,52152843,0.0279740309337408,105.81,107.7,103.26,-1.0112465740478305,-1.7548746518105895,4.299825682742586,106.63571428571429,109.58823333333332,2.0568167731018883,5.004224337450927,55530094.0,64968534.571428575,-0.0608183915553969,2.5863825211018923,0.9730580651059644,1.0178794578486974,1.002584474011678
1308,AAPL,2015-09-08,107.03,107.91,105.76,107.67,57209226,-0.0192254109779883,104.74,105.81,107.7,2.7974030933740845,-1.0112465740478305,-1.7548746518105895,106.55285714285716,109.27156666666666,1.9915966315685445,4.804501033931967,52152843.0,60531876.71428572,0.0969531613070451,2.64289690648651,0.975119698502146,1.0203290468986383,1.0059796318789125
1309,AAPL,2015-09-09,109.07,109.32,105.23,105.6,88677659,0.0219696969696969,107.67,104.74,105.81,-1.9225410977988355,2.7974030933740845,-1.0112465740478305,106.12428571428572,108.86656666666666,1.790259358709409,4.571612163259273,57209226.0,65277600.14285714,0.5500587090620663,2.6562973971855564,0.9748106233497984,1.0388672431816022,0.968185568900706
1310,AAPL,2015-09-10,105.72,108.59,105.35,107.92,65588130,0.0145478131949592,105.6,107.67,104.74,2.196969696969697,-1.9225410977988355,2.7974030933740845,106.1,108.5509,1.7600473478530978,4.280457616125168,88677659.0,66268105.42857143,-0.2603759420396968,2.6960281946851965,0.9774216519623512,1.0307546274323685,1.020809685962921
1311,AAPL,2015-09-11,107.16,109.49,107.13,109.49,52068455,0.0095899168873869,107.92,105.6,107.67,1.4547813194959236,2.196969696969697,-1.9225410977988355,106.99,108.3079,1.6567236744102432,3.994563360109169,65588130.0,62254960.28571428,-0.2061299049080984,2.713130633280572,0.9878319125382358,1.0220293101838889,1.0217431877566256
1312,AAPL,2015-09-14,111.76,112.06,110.11,110.54,60880851,0.008413244074543,109.49,107.92,105.6,0.9589916887386972,1.4547813194959236,2.196969696969697,107.3957142857143,108.1339,2.1375442072886552,3.7659076512743375,52068455.0,61729608.28571428,0.1692463507895518,2.7175786039110714,0.9931734107963764,1.0177095631641089,0.9890837508947744
1313,AAPL,2015-09-15,111.15,111.71,109.69,111.47,45210576,0.001076522831255,110.54,109.49,107.92,0.8413244074543025,0.9589916887386972,1.4547813194959236,108.2042857142857,108.08223333333332,2.480704585014764,3.7067285481783823,60880851.0,60255391.42857143,-0.2573925091815816,2.688994187843618,1.0011292548015358,1.018415534688668,1.0028789923526764
1314,AAPL,2015-09-16,111.44,111.72,110.66,111.59,38776840,-0.0212384622277982,111.47,110.54,109.49,0.1076522831255033,0.8413244074543025,0.9589916887386972,109.18285714285716,108.1549,2.2241831031208976,3.7547133996869433,45210576.0,58344533.85714286,-0.1423059949512698,2.6209213352880525,1.009504489790635,1.009578890294596,1.001346015793252
1315,AAPL,2015-09-17,110.88,111.67,109.03,109.22,66878079,-0.0042116828419702,111.59,111.47,110.54,-2.123846222779824,0.1076522831255033,0.8413244074543025,109.40428571428572,108.12456666666664,2.123337444868322,3.74186069962497,38776840.0,59725798.571428575,0.7246913105864221,2.649522558564475,1.01183559931911,1.024213519214895,0.98502886002886
1316,AAPL,2015-09-18,107.57,109.57,107.24,108.76,77489421,0.0154468554615667,109.22,111.59,111.47,-0.4211682841970265,-2.123846222779824,0.1076522831255033,109.85571428571428,108.0709,1.3884866719249602,3.7200274595754745,66878079.0,58127478.85714286,0.1586669676920593,2.650332704825674,1.016515216267416,1.0217269675494218,1.0110625639118715
1317,AAPL,2015-09-21,108.98,110.59,108.97,110.44,52388174,-0.0156646142701919,108.76,109.22,111.59,1.5446855461566766,-0.4211682841970265,-2.123846222779824,110.21571428571428,108.0609,1.0995886676904436,3.7130016888462176,77489421.0,56241770.85714286,-0.3239312757285927,2.6649997697095182,1.019940739765394,1.0148664770120217,1.0133969535694622
1318,AAPL,2015-09-22,108.69,109.46,107.87,108.71,52517731,0.0080949314690461,110.44,108.76,109.22,-1.5664614270191946,1.5446855461566766,-0.4211682841970265,110.10428571428572,107.85856666666668,1.218480708962293,3.493106153389284,52388174.0,56305953.14285714,0.0024730199605735,2.589555452961351,1.0208209613480157,1.0147399647724111,1.0001840095684975
1319,AAPL,2015-09-23,108.94,109.97,108.61,109.59,37299049,0.0059311981020164,108.71,110.44,108.76,0.8094931469046163,-1.5664614270191946,1.5446855461566766,109.96857142857142,107.8849,1.2147623714396327,3.5034105978655843,52517731.0,52937124.28571428,-0.289781788173598,2.41088046065994,1.0193138375117503,1.0125218672313785,1.005966587112172
1320,AAPL,2015-09-24,108.56,110.72,107.73,110.24,52307402,-0.0025399129172714,109.59,108.71,110.44,0.5931198102016477,0.8094931469046163,-1.5664614270191946,109.79285714285716,107.87723333333334,1.0373960074188189,3.4978056143941827,37299049.0,53950956.571428575,0.4023789721823738,2.397000301590872,1.017757442885142,1.027754571614221,1.015475313190862
1321,AAPL,2015-09-25,111.62,111.86,109.32,109.96,58573958,-0.0196435067297198,110.24,109.59,108.71,-0.2539912917271403,0.5931198102016477,0.8094931469046163,109.56,107.86323333333333,0.6923149572398698,3.488270371552781,52307402.0,56779116.28571428,0.1198024707860658,2.397461253519308,1.01573072319669,1.0232345407976584,0.9851281132413544
1322,AAPL,2015-09-28,109.15,109.83,107.8,107.8,54334671,-0.0301484230055658,109.96,110.24,109.59,-1.9643506729719815,-0.2539912917271403,0.5931198102016477,109.35714285714286,107.75123333333332,0.9634783216079827,3.4322601549503573,58573958.0,54987200.85714286,-0.0723749451932205,2.420381746177517,1.0149038621102515,1.0188311688311689,0.9876316994961062
1323,AAPL,2015-09-29,108.16,108.82,103.4,104.55,76529838,0.0113821138211382,107.8,109.96,110.24,-3.014842300556586,-1.9643506729719815,-0.2539912917271403,108.75571428571428,107.49223333333332,2.07323303999173,3.368176214606222,54334671.0,54850117.571428575,0.4084899492627829,2.468705488187326,1.0117541604002485,1.0524177949709863,0.9666235207100592
1324,AAPL,2015-09-30,105.62,106.93,104.25,105.74,69340249,-0.0066200113485908,104.55,107.8,109.96,1.1382113821138296,-3.014842300556586,-1.9643506729719815,108.0842857142857,107.29423333333332,2.194378098257774,3.2871249956119684,76529838.0,57271842.571428575,-0.0939449133552328,2.479772257079467,1.007363418856798,1.025707434052758,1.0011361484567316
1325,AAPL,2015-10-01,104.56,105.08,102.86,105.04,66686622,0.0074257425742572,105.74,104.55,107.8,-0.6620011348590804,1.1382113821138296,-3.014842300556586,107.56,107.12056666666666,2.444169934084957,3.263120673508779,69340249.0,59295969.85714286,-0.0382696491326415,2.472630205404671,1.0041022312241938,1.0215827338129495,1.0045906656465189
1326,AAPL,2015-10-02,103.55,106.41,103.1,105.82,60522325,0.0035910035910036,105.04,105.74,104.55,0.742574257425721,-0.6620011348590804,1.1382113821138296,107.02142857142856,107.04856666666666,2.335240377148754,3.26733080646051,66686622.0,62613580.71428572,-0.0924367858968775,2.4501308427326283,0.9997464880092922,1.0321047526673133,1.0219217769193625
1327,AAPL,2015-10-05,105.33,106.77,104.56,106.2,54302250,0.0048022598870056,105.82,105.04,105.74,0.3591003591003616,0.742574257425721,-0.6620011348590804,106.4442857142857,107.20856666666666,1.857595732332574,3.0941202714209965,60522325.0,62898559.0,-0.1027732328525052,2.167090448427462,0.9928710831965764,1.0211361897475133,1.00825975505554
1328,AAPL,2015-10-06,106.06,107.11,105.22,106.71,50964296,-0.0047793084059599,106.2,105.82,105.04,0.4802259887005666,0.3591003591003616,0.742574257425721,105.98,107.47039999999998,1.0728000745797592,2.6655116556117915,54302250.0,61811464.42857143,-0.0614699022600352,2.107193885939712,0.9861319954145517,1.0179623645694735,1.0061286064491797
1329,AAPL,2015-10-07,107.11,107.14,104.87,106.2,48782741,-0.0116760828625236,106.71,106.2,105.82,-0.477930840595997,0.4802259887005666,0.3591003591003616,105.75142857142858,107.69533333333334,0.73888268288408,2.211606894876829,50964296.0,61018331.571428575,-0.0428055554814296,2.1106521397618345,0.9819499629024028,1.0216458472394392,0.9915040612454488
1330,AAPL,2015-10-08,105.64,105.64,103.74,104.96,64652927,0.0241044207317073,106.2,106.71,106.2,-1.167608286252364,-0.477930840595997,0.4802259887005666,105.81,107.689,0.6369981685099408,2.2194055588103367,48782741.0,59321630.0,0.3253237861316567,1.8519268912355331,0.982551606942213,1.0183150183150185,0.993563044301401
1331,AAPL,2015-10-09,105.45,107.64,104.95,107.49,55008109,-0.0046515954972555,104.96,106.2,106.71,2.4104420731707377,-1.167608286252364,-0.477930840595997,106.06,107.66366666666666,0.8957864328910465,2.217117549856235,64652927.0,57274181.42857143,-0.149178365892081,1.8249195849837705,0.985104848122703,1.0256312529776084,1.0193456614509244
1332,AAPL,2015-10-12,108.06,108.08,106.84,106.99,31773458,0.001588933545191,107.49,104.96,106.2,-0.4651595497255578,2.4104420731707377,-1.167608286252364,106.33857142857144,107.61,0.8262249203854443,2.213153468663553,55008109.0,52286586.571428575,-0.4223859249551734,1.82567053847008,0.9881848473986752,1.0116061400224634,0.9900980936516748
1333,AAPL,2015-10-13,106.24,107.81,106.11,107.16,34474745,-0.0139977603583426,106.99,107.49,104.96,0.1588933545191073,-0.4651595497255578,2.4104420731707377,106.53,107.579,0.8411500064504737,2.212711474404415,31773458.0,48565503.71428572,0.0850170919388126,1.8241006209019763,0.9902490262969538,1.016021110168693,1.0086596385542168
1334,AAPL,2015-10-14,106.69,106.91,105.02,105.66,46380294,0.0148589816392201,107.16,106.99,107.49,-1.399776035834266,0.1588933545191073,-0.4651595497255578,106.45285714285716,107.659,0.8992165902655384,2.091225263677669,34474745.0,47433795.71428572,0.3453411765627272,1.6426308976255404,0.9887966370006888,1.0179965720815085,0.990345861842722
1335,AAPL,2015-10-15,106.35,107.47,105.93,107.23,39298405,-0.0073673412291337,105.66,107.16,106.99,1.485898163922017,-1.399776035834266,0.1588933545191073,106.52714285714286,107.64333333333332,0.9443465869101128,2.092667549148652,46380294.0,45767239.85714286,-0.1526917660332208,1.4646235341525145,0.9896306585681992,1.0145379023883696,1.008274565115186
1336,AAPL,2015-10-16,107.15,107.37,105.97,106.44,40924861,0.0062006764374296,107.23,105.66,107.16,-0.7367341229133739,1.485898163922017,-1.399776035834266,106.56142857142856,107.66433333333332,0.9347981702303022,2.076735972348444,39298405.0,44644685.571428575,0.0413873285696964,1.4341371766123323,0.9897560805165614,1.013211286213079,0.9933737750816612
1337,AAPL,2015-10-19,106.22,107.12,105.56,107.1,31042788,0.0184873949579831,106.44,107.23,105.66,0.6200676437429609,-0.7367341229133739,1.485898163922017,106.86714285714288,107.743,0.6210666707706115,2.0056233874806284,40924861.0,39843237.14285714,-0.2414687004068261,1.4241981555506973,0.991870867315212,1.0147783251231528,1.0082846921483712
1338,AAPL,2015-10-20,106.74,109.45,106.24,109.08,51079941,-9.167583425018222e-05,107.1,106.44,107.23,1.8487394957983128,0.6200676437429609,-0.7367341229133739,107.0942857142857,107.79,1.0377838108746462,2.020320903153661,31042788.0,39282070.28571428,0.6454688605933203,1.3714306407661605,0.9935456509350192,1.030214608433735,1.0219224283305228
1339,AAPL,2015-10-21,109.3,110.8,109.01,109.07,44152631,0.0151278995140735,109.08,107.1,106.44,-0.0091675834250182,1.8487394957983128,0.6200676437429609,107.39142857142858,107.90566666666668,1.2738711155630529,1.9897161179124447,51079941.0,41050523.571428575,-0.1356170321340034,1.3199379693721756,0.9952343735864528,1.016420511879644,0.9978956999085088
1340,AAPL,2015-10-22,109.6,110.72,109.39,110.72,43450707,0.0310693641618498,109.07,109.08,107.1,1.5127899514073562,-0.0091675834250182,1.8487394957983128,107.9,107.999,1.7772544368636505,2.055011284471665,44152631.0,42332803.85714286,-0.0158976709677844,1.2882788022032063,0.9990833248456004,1.012158332571533,1.0102189781021895
1341,AAPL,2015-10-23,111.87,114.3,111.51,114.16,61927636,-0.0319726699369306,110.72,109.07,109.08,3.10693641618498,1.5127899514073562,-0.0091675834250182,109.11428571428571,108.15466666666666,2.670841672228689,2.330287437254352,43450707.0,44553852.71428572,0.4252388574482804,1.3804927429827585,1.0088726550337084,1.0250201775625505,1.0204701886117815
1342,AAPL,2015-10-26,113.19,113.24,110.17,110.51,69194942,-0.0063342683920007,114.16,110.72,109.07,-3.19726699369306,3.10693641618498,1.5127899514073562,109.58285714285714,108.15366666666664,2.571022587002148,2.3292347172004075,61927636.0,48824786.571428575,0.1173515811260743,1.4997562681168115,1.0132144431181913,1.0278660252337295,0.97632299673116
1343,AAPL,2015-10-27,110.62,111.72,109.29,109.81,72898797,0.0412530734905747,110.51,114.16,110.72,-0.6334268392000797,-3.19726699369306,3.10693641618498,110.06428571428572,108.09833333333331,2.1684315156613243,2.266610842786921,69194942.0,53392491.71428572,0.0535278286670144,1.495731670890579,1.0181867039049544,1.0222344221795223,0.9926776351473512
1344,AAPL,2015-10-28,112.1,114.37,111.26,114.34,89241471,0.0104950148679376,109.81,110.51,114.16,4.125307349057472,-0.6334268392000797,-3.19726699369306,111.09857142857142,108.19,2.2442179675183502,2.460044855211131,72898797.0,61706589.28571428,0.2241830410452452,1.678077652893075,1.026883921144019,1.0279525435915873,1.0199821587867977
1345,AAPL,2015-10-29,113.79,115.7,113.37,115.54,53436940,-0.0084819110264843,114.34,109.81,110.51,1.049501486793769,4.125307349057472,-0.6334268392000797,112.0214285714286,108.40066666666668,2.579052982342955,2.7986017855383825,89241471.0,62043303.42857143,-0.4012095564852355,1.632810672544734,1.0334016571678089,1.020552174296551,1.0153792073117145
1346,AAPL,2015-10-30,115.97,116.2,114.51,114.56,51494522,0.0139664804469272,115.54,114.34,109.81,-0.8481911026484323,1.049501486793769,4.125307349057472,112.80571428571427,108.594,2.35714415584755,3.016162896908145,53436940.0,63092145.0,-0.0363497236181562,1.6402615930396864,1.0387840422648975,1.0147585363723692,0.9878416831939296
1347,AAPL,2015-11-02,114.92,116.34,114.67,116.16,33585292,0.0116219008264464,114.56,115.54,114.34,1.3966480446927276,-0.8481911026484323,1.049501486793769,113.58285714285714,108.78466666666668,2.4498347854922886,3.3039472039414464,51494522.0,61682800.0,-0.3477890327829434,1.636251878432282,1.0441072314988369,1.014563530129938,1.010790114862513
1348,AAPL,2015-11-03,115.8,118.38,115.71,117.51,47482394,-0.0047655518679261,116.16,114.56,115.54,1.162190082644643,1.3966480446927276,-0.8481911026484323,114.06142857142858,109.078,2.872173558892022,3.667708483131828,33585292.0,59619194.0,0.4137853558039632,1.6113948290968685,1.0456868348468855,1.023074928701063,1.0147668393782383
1349,AAPL,2015-11-04,118.04,118.69,116.59,116.95,46788462,-0.0045318512184694,117.51,116.16,114.56,-0.4765551867926154,1.162190082644643,1.3966480446927276,114.98142857142857,109.32333333333334,2.5593842265406344,3.9392414229774735,47482394.0,56418268.28571428,-0.0146145116440422,1.6137164414603968,1.051755604824483,1.0180118363496011,0.990765842087428
1350,AAPL,2015-11-05,117.32,118.12,115.7,116.42,41082805,0.0012025425184676,116.95,117.51,116.16,-0.453185121846944,-0.4765551867926154,1.162190082644643,115.92571428571428,109.52933333333334,1.1822839075757074,4.145044347612466,46788462.0,51873126.571428575,-0.1219458121961777,1.6168892554461785,1.0583987937999648,1.0209161624891965,0.992328673712922
1351,AAPL,2015-11-06,116.6,117.28,116.12,116.56,34320534,-0.0042038435140701,116.42,116.95,117.51,0.120254251846763,-0.453185121846944,-0.4765551867926154,116.24285714285716,109.74933333333334,0.9635475128612044,4.339287986511267,41082805.0,44027278.42857143,-0.1646010052137384,1.6147513531738964,1.0591668633630924,1.0099896658629004,0.9996569468267582
1352,AAPL,2015-11-09,116.46,117.28,115.57,116.07,35181795,-0.031360385973981,116.56,116.42,116.95,-0.4203843514070104,0.120254251846763,-0.453185121846944,116.31857142857145,110.025,0.9189020363445426,4.4718442928288935,34320534.0,41419400.571428575,0.0250946270241598,1.5670580745349554,1.0572012854221442,1.0147962273946527,0.9966512107161256
1353,AAPL,2015-11-10,112.56,113.67,111.74,112.43,61415434,-0.0056924308458596,116.07,116.56,116.42,-3.1360385973981053,-0.4203843514070104,0.120254251846763,116.01428571428572,110.28766666666668,1.655625331442011,4.369419343836765,35181795.0,42836673.71428572,0.7456594809900974,1.5759189608657285,1.0519243830312155,1.017272239126544,0.9988450604122248
1354,AAPL,2015-11-11,112.04,113.03,110.92,111.79,46967285,-0.0033992307004204,112.43,116.07,116.56,-0.5692430845859686,-3.1360385973981053,-0.4203843514070104,115.39,110.48933333333336,2.292807594780681,4.291204262556678,61415434.0,44748387.0,-0.2352527379355489,1.573733206273934,1.0443542061375457,1.0190227190768122,0.9977686540521242
1355,AAPL,2015-11-12,111.93,112.48,111.34,111.41,33783843,-0.0292612871375997,111.79,112.43,116.07,-0.3399230700420474,-0.5692430845859686,-3.1360385973981053,114.51857142857143,110.70166666666668,2.502401703510392,4.168098949229836,46967285.0,42791451.14285714,-0.2806941470004067,1.568757829258865,1.0344791987043689,1.0102389078498293,0.9953542392566782
1356,AAPL,2015-11-13,110.91,111.26,108.08,108.15,47584787,0.0163661581137308,111.41,111.79,112.43,-2.926128713759979,-0.3399230700420474,-0.5692430845859686,113.26142857142858,110.77933333333334,3.1925978375608994,4.095067624663953,33783843.0,42905211.85714286,0.4085072263685336,1.665673475321939,1.02240576074444,1.0294226498889711,0.9751149580741142
1357,AAPL,2015-11-16,107.23,109.98,106.87,109.92,39580968,-0.0041848617176128,108.15,111.41,111.79,1.6366158113730878,-2.926128713759979,-0.3399230700420474,112.33285714285716,110.90333333333336,3.0634659798244037,4.006996754241501,47584787.0,42690663.71428572,-0.1682012152329273,1.689061934030649,1.012889818245834,1.0291007766445213,1.0250862631726196
1358,AAPL,2015-11-17,110.63,110.76,109.11,109.46,28685340,0.0315183628722821,109.92,108.15,111.41,-0.4184861717612897,1.6366158113730878,-2.926128713759979,111.31857142857145,110.99500000000002,2.5655436627997745,3.9386316107899,39580968.0,41885636.0,-0.2752744197665908,1.690579409013569,1.002915189229888,1.0151223535881222,0.9894242068155112
1359,AAPL,2015-11-18,111.45,113.1,111.19,112.91,48480343,0.0128420866176601,109.46,109.92,108.15,3.151836287228216,-0.4184861717612897,1.6366158113730878,110.86714285714288,111.21866666666666,1.7331158288493966,3.846387228639352,28685340.0,43785428.571428575,0.6900738495691527,1.7756410479346014,0.996839345228105,1.0171778037593309,1.0131000448631673
1360,AAPL,2015-11-19,113.25,115.29,112.42,114.36,44970842,0.0043721580972369,112.91,109.46,109.92,1.2842086617660176,3.151836287228216,-0.4184861717612897,111.14285714285714,111.532,2.131022558039909,3.6990114243183503,48480343.0,41436201.14285714,-0.0723901850281876,1.765987651249755,0.9965109308795426,1.0255292652552928,1.0098013245033113
1361,AAPL,2015-11-20,114.77,115.45,114.42,114.86,35613492,-0.0131464391433049,114.36,112.91,109.46,0.43721580972369,1.2842086617660176,3.151836287228216,111.58142857142856,111.77766666666666,2.559280032691236,3.665896591024942,44970842.0,39814230.71428572,-0.2080759350692166,1.7208967517830482,0.9982443890529288,1.0090019227407796,1.0007841770497516
1362,AAPL,2015-11-23,114.83,115.27,112.95,113.35,33739180,0.0097044552271725,114.86,114.36,112.91,-1.314643914330493,0.43721580972369,1.2842086617660176,111.85857142857142,111.98966666666666,2.641347058932624,3.5619023233261062,35613492.0,39807850.28571428,-0.0526292675820725,1.7397105335789596,0.9988293988008248,1.0205400619743248,0.98711138204302
1363,AAPL,2015-11-24,112.95,114.91,112.77,114.45,44451376,-0.0071647007426824,113.35,114.86,114.36,0.970445522717256,-1.314643914330493,0.43721580972369,112.7585714285714,112.23266666666667,2.204249143298442,3.468495582985773,33739180.0,39360220.14285714,0.3175001882084864,1.7452333128441115,1.0046858439483282,1.0189766781945553,1.0132802124833995
1364,AAPL,2015-11-25,114.78,114.79,113.52,113.63,22215769,-0.0019361084220715,114.45,113.35,114.86,-0.7164700742682495,0.970445522717256,-1.314643914330493,113.28857142857144,112.49833333333336,1.8206173730537605,3.2457856849521254,44451376.0,36879477.42857143,-0.5002231426986647,1.72754073642024,1.0070244426901562,1.011187455954898,0.9899808328977172
1365,AAPL,2015-11-27,113.89,114.01,113.21,113.41,13551137,0.0043206066484438,113.63,114.45,113.35,-0.1936108422071591,-0.7164700742682495,0.970445522717256,113.85285714285716,112.70433333333334,0.7089596670765425,3.092378487934518,22215769.0,34717448.428571425,-0.3900217003516736,1.7135027840207908,1.0101905913956917,1.007066513558873,0.9957854069716392
1366,AAPL,2015-11-30,113.59,114.97,113.35,113.9,40696103,-0.0083406496927129,113.41,113.63,114.45,0.4320606648443803,-0.1936108422071591,-0.7164700742682495,113.99428571428572,112.953,0.5757562315013953,2.8626851995496616,13551137.0,33605414.14285714,2.00315043674933,1.7047086152266049,1.0092187521737863,1.0142920158800175,1.0027291134782992
1367,AAPL,2015-12-01,114.33,114.38,112.52,112.95,36200728,-0.0088534749889331,113.9,113.41,113.63,-0.8340649692712976,0.4320606648443803,-0.1936108422071591,113.79285714285712,113.148,0.6660509061185101,2.640896399539375,40696103.0,32352540.714285716,-0.110462050874994,1.714178161911112,1.005699235893318,1.016530394596516,0.9879296772500656
1368,AAPL,2015-12-02,112.7,113.71,111.76,111.95,34660013,-0.0092898615453328,112.95,113.9,113.41,-0.8853474988933185,-0.8340649692712976,0.4320606648443803,113.37714285714286,113.24366666666668,0.7862720963771654,2.538447099735885,36200728.0,32216329.42857143,-0.042560331935866,1.6956162531998802,1.0011786636233624,1.0174481030780242,0.9933451641526176
1369,AAPL,2015-12-03,112.21,112.45,109.96,110.91,43169645,0.0332702190965648,111.95,112.95,113.9,-0.9289861545332844,-0.8853474988933185,-0.8340649692712976,113.02857142857142,113.305,1.2209890604472529,2.4549833204005465,34660013.0,33563538.71428572,0.2455172766380671,1.7059516861695003,0.99756031444836,1.022644598035649,0.9884145798057214
1370,AAPL,2015-12-04,111.0,114.81,110.82,114.6,60012168,-0.006282722513089,110.91,111.95,112.95,3.32702190965648,-0.9289861545332844,-0.8853474988933185,113.05,113.43433333333331,1.2510395677266055,2.4159979494922315,43169645.0,35786509.0,0.3901473593308446,1.789002963702237,0.996611842975231,1.0360043313481322,1.0324324324324323
1371,AAPL,2015-12-07,114.55,115.4,113.41,113.88,33325471,-0.0004390586582366,114.6,110.91,111.95,-0.6282722513089034,3.32702190965648,-0.9289861545332844,113.08571428571427,113.425,1.2737197120165291,2.4136376181441945,60012168.0,37373609.28571428,-0.4446881005865344,1.7025867507397792,0.9970087219370888,1.0175469535314348,0.9941510257529464
1372,AAPL,2015-12-08,113.13,114.19,112.52,113.83,35636755,-0.0221382763770534,113.88,114.6,110.91,-0.0439058658236679,-0.6282722513089034,3.32702190965648,113.1457142857143,113.53566666666669,1.3011386954431343,2.350664885153883,33325471.0,40528697.571428575,0.0693548787352473,1.5917548023274772,0.9965653755123732,1.0148418059011732,1.0061875718200302
1373,AAPL,2015-12-09,113.25,113.29,110.79,111.31,48154922,0.0047614769562482,113.83,113.88,114.6,-2.2138276377053456,-0.0439058658236679,-0.6282722513089034,112.77571428571429,113.58566666666668,1.4142354488484263,2.2836837804722614,35636755.0,41594243.14285714,0.3512712366768522,1.6425782821609338,0.9928692377768992,1.0225652134669194,0.982869757174393
1374,AAPL,2015-12-10,111.72,112.6,111.2,111.84,30342878,-0.0256616595135908,111.31,113.83,113.88,0.4761476956248289,-2.2138276377053456,-0.0439058658236679,112.61714285714288,113.50233333333334,1.4531312659935782,2.3007580210141683,48154922.0,40757407.42857143,-0.3698904132790414,1.4554687387363543,0.9922011252967738,1.012589928057554,1.0010741138560688
1375,AAPL,2015-12-11,110.9,111.1,108.64,108.97,48700025,-0.0062402496099843,111.84,111.31,113.83,-2.566165951359089,0.4761476956248289,-2.2138276377053456,112.19142857142856,113.28333333333332,2.0106999492047457,2.4101957758982047,30342878.0,42763123.42857143,0.6049903044793576,1.508853617988486,0.9903612938481264,1.022643593519882,0.9825969341749324
1376,AAPL,2015-12-14,107.99,108.47,105.71,108.29,67497102,-0.0177301689906732,108.97,111.84,111.31,-0.6240249609984372,-2.566165951359089,0.4761476956248289,111.81714285714284,113.07433333333331,2.4784384484741344,2.5626988512689994,48700025.0,46238474.42857143,0.3859767423117339,1.5060031249671986,0.9888817343500548,1.0261091665878348,1.0027780350032411
1377,AAPL,2015-12-15,107.78,108.59,106.24,106.37,55386059,0.0077089404907397,108.29,108.97,111.84,-1.7730168990673256,-0.6240249609984372,-2.566165951359089,110.64142857142858,112.748,2.860853186096564,2.7710777188910605,67497102.0,45577601.71428572,-0.1794305628114226,1.503015087410085,0.9813161082363197,1.0221197289156627,0.986917795509371
1378,AAPL,2015-12-16,106.94,107.83,104.74,107.19,58414146,-0.0212706409179961,106.37,108.29,108.97,0.770894049073978,-1.7730168990673256,-0.6240249609984372,109.68571428571428,112.404,2.712230675682528,2.799950245862745,55386059.0,49161698.14285714,0.0546723680050966,1.491704204720829,0.97581682400728,1.0295016230666412,1.0023377594913034
1379,AAPL,2015-12-17,107.85,108.06,104.91,104.91,46504966,-0.0268801830140119,107.19,106.37,108.29,-2.127064091799613,0.770894049073978,-1.7730168990673256,108.41142857142856,112.00266666666668,2.529917182913151,2.9827884816783805,58414146.0,50714299.71428572,-0.2038749312538096,1.5286047063307433,0.9679361375749556,1.030025736345439,0.972739916550765
1380,AAPL,2015-12-18,104.84,105.44,101.87,102.09,100184873,0.0121461455578411,104.91,107.19,106.37,-2.688018301401196,-2.127064091799613,0.770894049073978,107.09428571428572,111.525,3.1042329011819225,3.3728988350854068,46504966.0,58147149.85714286,1.15428332965559,1.5871317719604083,0.960271559868063,1.035044664768823,0.973769553605494
1381,AAPL,2015-12-21,103.28,103.37,101.63,103.33,49431782,-0.0009677731539726,102.09,104.91,107.19,1.2146145557841104,-2.688018301401196,-2.127064091799613,105.87857142857142,111.084,2.553425337149991,3.5520238038961054,100184873.0,60874136.14285714,-0.5065943538202619,1.6124631106068028,0.9531397089461257,1.0171209288595888,1.000484120836561
1382,AAPL,2015-12-22,103.4,103.72,102.49,103.23,34053824,0.012883851593529,103.33,102.09,104.91,-0.0967773153972673,1.2146145557841104,-2.688018301401196,105.05857142857144,110.656,2.304744588683597,3.700973404109686,49431782.0,58781821.71428572,-0.3110945504655285,1.613322700839828,0.9494159505907626,1.0120011708459362,0.9983558994197292
1383,AAPL,2015-12-23,103.27,104.78,103.2,104.56,33920744,-0.0052601377199693,103.23,103.33,102.09,1.2883851593529003,-0.0967773153972673,1.2146145557841104,104.5257142857143,110.39366666666666,1.811535786226888,3.8469356217848345,34053824.0,53985199.14285714,-0.0039079311621508,1.553572207868788,0.9468452080800012,1.0153100775193795,1.0124915270649757
1384,AAPL,2015-12-24,104.93,104.93,103.93,104.01,14122706,-0.011345062974714,104.56,103.23,103.33,-0.526013771996936,1.2883851593529003,-0.0967773153972673,104.18857142857144,110.13433333333332,1.6206421419917971,4.008406410784601,33920744.0,48090434.42857143,-0.5836557712295461,1.5532666723258457,0.946013547957235,1.0096218608678915,0.9912322500714762
1385,AAPL,2015-12-28,103.59,103.69,102.22,102.83,27737339,0.0179908586988233,104.01,104.56,103.23,-1.1345062974714049,-0.526013771996936,1.2883851593529003,103.5657142857143,109.84833333333331,0.989980759803344,4.21501591875978,14122706.0,43708033.42857143,0.9640243873943136,1.561982098268639,0.9428064235753628,1.0143807474075524,0.992663384496573
1386,AAPL,2015-12-29,102.97,105.35,102.87,104.68,32127908,-0.0129919755445166,102.83,104.01,104.56,1.799085869882333,-1.1345062974714049,-0.526013771996936,103.53285714285714,109.73266666666667,0.9405089807524716,4.309773922651146,27737339.0,41654168.0,0.1582909232929661,1.521046635941992,0.943500785024731,1.0241080975989112,1.0166067786734
1387,AAPL,2015-12-30,104.53,104.64,103.18,103.32,23107102,-0.0190669763840495,104.68,102.83,104.01,-1.2991975544516698,1.799085869882333,-1.1345062974714049,103.70857142857145,109.51266666666666,0.713522449354728,4.465521503570057,32127908.0,30643057.85714286,-0.2807778832035998,1.4999262849852648,0.9470006948533024,1.0141500290754022,0.9884243757772888
1388,AAPL,2015-12-31,103.02,103.04,100.91,101.35,40331735,0.0008880118401579,103.32,104.68,102.83,-1.9066976384049528,-1.2991975544516698,1.799085869882333,103.42571428571428,109.24233333333332,1.14848969148508,4.707732218773082,23107102.0,29343051.14285714,0.7454259300885069,1.5318310399592652,0.946754899221434,1.021107917946685,0.9837895554261308
1389,AAPL,2016-01-04,98.786,101.46,98.211,101.44,65260163,-0.0251873028391166,101.35,103.32,104.68,0.0888011840157965,-1.9066976384049528,-1.2991975544516698,103.17,108.86,1.3760571693618997,4.862803221641784,40331735.0,33801099.571428575,0.6180846918685745,1.3934469421158036,0.9477310306816096,1.0330818340104468,1.0268661551231957
1390,AAPL,2016-01-05,101.81,101.91,98.597,98.885,54763789,-0.019578298022956,101.44,101.35,103.32,-2.518730283911663,0.0888011840157965,-1.9066976384049528,102.35928571428572,108.34416666666668,1.965940039297809,5.07538652907698,65260163.0,36778677.42857143,-0.1608389179168921,1.412776561537464,0.9447604690080444,1.0336014280353358,0.9712700127688833
1391,AAPL,2016-01-06,96.816,98.558,96.149,96.949,69848688,-0.0422077587185014,98.885,101.44,101.35,-1.9578298022956075,-2.518730283911663,0.0888011840157965,101.35057142857144,107.74713333333334,2.6649991780611777,5.329576484003802,54763789.0,44739532.0,0.2754538952737546,1.427117547644998,0.9406335769047972,1.0250548627650835,1.001373739877706
1392,AAPL,2016-01-07,95.003,96.4,92.839,92.857,79584675,0.0052984696899534,96.949,98.885,101.44,-4.2207758718501465,-1.9578298022956075,-2.518730283911663,99.92585714285714,107.06403333333331,4.048800127965042,5.872355947842108,69848688.0,52146294.28571428,0.1393868271369678,1.5718472432593822,0.9333279723522822,1.0383567250832086,0.9774112396450638
1393,AAPL,2016-01-08,94.879,95.417,93.157,93.349,72263364,0.0161865686831139,92.857,96.949,98.885,0.52984696899534,-4.2207758718501465,-1.9578298022956075,98.30714285714284,106.36066666666667,4.096100154562857,6.2111142391643055,79584675.0,57879930.85714286,-0.091993979996777,1.5581782877195614,0.9242809953912428,1.024260120012452,0.9838741976622856
1394,AAPL,2016-01-11,95.283,95.369,93.715,94.86,51663692,0.014526670883407,93.349,92.857,96.949,1.6186568683113969,0.52984696899534,-4.2207758718501465,97.09857142857145,105.735,3.5869616138268205,6.39622363263013,72263364.0,61959443.71428572,-0.2850638395411539,1.6128936314060371,0.9183200589073764,1.0176492557221362,0.9955605931803154
1395,AAPL,2016-01-12,96.806,96.94,95.159,96.238,48788856,-0.0257278829568361,94.86,93.349,92.857,1.452667088340709,1.6186568683113969,0.52984696899534,96.3682857142857,105.1626,3.058607510744304,6.453806033437694,51663692.0,63167603.85714286,-0.0556451908237607,1.6542290440318432,0.9163741264887488,1.0187160436742717,0.9941325950870814
1396,AAPL,2016-01-13,96.584,97.417,93.675,93.762,63633079,0.0218851986945669,96.238,94.86,93.349,-2.5727882956836146,1.452667088340709,1.6186568683113969,95.27142857142856,104.49133333333332,2.190100823950182,6.560094381855025,48788856.0,62935163.28571428,0.3042543772700881,1.684505027237082,0.9117639284734482,1.0399466239658397,0.9707819100472128
1397,AAPL,2016-01-14,94.31,96.74,92.175,95.814,64047546,-0.0240257164923705,93.762,96.238,94.86,2.1885198694566954,-2.5727882956836146,1.452667088340709,94.83271428571427,103.92013333333334,1.563566618807218,6.544198007992369,63633079.0,64261414.28571428,0.006513389050371,1.7607123802135791,0.912553816511471,1.049525359370762,1.0159474074859505
1398,AAPL,2016-01-15,92.618,94.071,91.807,93.512,81347795,-0.0048442980580032,95.814,93.762,96.238,-2.402571649237051,2.1885198694566954,-2.5727882956836146,94.34171428571427,103.30553333333332,1.3068089269087015,6.629317813414852,64047546.0,65904143.85714286,0.2701157199684123,1.792713783691812,0.9132300201316834,1.0246604289433268,1.0096525513399124
1399,AAPL,2016-01-19,94.745,94.977,91.943,93.059,55141551,0.0013432338623884,93.512,95.814,93.762,-0.4844298058003238,-2.402571649237051,2.1885198694566954,94.37057142857144,102.7105,1.270278690839396,6.723682738571217,81347795.0,62412269.0,-0.3221506372729587,1.7915878343589533,0.9188015969990552,1.0329987057198482,0.9822048656921208
1400,AAPL,2016-01-20,91.557,94.532,89.941,93.184,72332171,-0.0050652472527471,93.059,93.512,95.814,0.1343233862388437,-0.4844298058003238,-2.402571649237051,94.347,101.99663333333334,1.2937092666771648,6.552533600451996,55141551.0,62422098.571428575,0.3117543791976398,1.6407340796672665,0.9250011193179905,1.051044573664958,1.0177703507104865
1401,AAPL,2016-01-21,93.445,94.235,91.404,92.712,48343798,0.0531646388816982,93.184,93.059,93.512,-0.5065247252747151,0.1343233862388437,-0.4844298058003238,94.04014285714284,101.29103333333332,1.4019646249258664,6.3658276081572005,72332171.0,61947828.0,-0.331641822281264,1.6410018578605794,0.9284152778624648,1.0309723863288258,0.992155813580181
1402,AAPL,2016-01-22,94.957,97.68,94.707,97.641,66786882,-0.0195102467201278,92.712,93.184,93.059,5.31646388816982,-0.5065247252747151,0.1343233862388437,94.24057142857144,100.7514,1.8095774697611948,5.938042192158693,48343798.0,64518974.571428575,0.3814984499149199,1.970314403332506,0.9353772893336612,1.0313915550064938,1.0282654254030774
1403,AAPL,2016-01-25,97.739,97.748,95.517,95.736,51552663,0.0055360574914347,97.641,92.712,93.184,-1.95102467201278,5.31646388816982,-0.5065247252747151,94.52257142857142,100.23226666666667,1.875190288762,5.657266391984712,66786882.0,62793200.85714286,-0.2281019646942045,1.962962629837376,0.9430353574953716,1.0233570987363507,0.9795066452490816
1404,AAPL,2016-01-26,96.209,97.124,94.418,96.266,62947239,-0.0657033635967008,95.736,97.641,92.712,0.5536057491434709,-1.95102467201278,5.31646388816982,94.58714285714288,99.71313333333332,1.933933851732484,5.25567687647173,51552663.0,62636014.14285714,0.2210278836614123,1.9643176426258109,0.9485926246139044,1.0286597894469274,1.0005924601648497
1405,AAPL,2016-01-27,92.463,93.029,89.863,89.941,136183663,0.0071602494968923,96.266,95.736,97.641,-6.5703363596700814,0.5536057491434709,-1.95102467201278,94.077,99.07883333333334,2.615644981010686,5.24824094723407,62947239.0,70469709.57142857,1.163457288412602,2.229143600255007,0.949516630696432,1.0352314078096658,0.9727242248250652
1406,AAPL,2016-01-28,90.295,91.0,88.948,90.585,57221872,0.0345531820941658,89.941,96.266,95.736,0.7160249496892312,-6.5703363596700814,0.5536057491434709,93.72357142857142,98.48866666666667,2.9249771997517136,5.171632406418772,136183663.0,70766898.28571428,-0.5798183810050697,2.242312342790494,0.9516178317834004,1.02306965867698,1.003211694999723
1407,AAPL,2016-01-29,91.258,93.715,90.835,93.715,64001873,-0.009347489729499,90.585,89.941,96.266,3.45531820941658,0.7160249496892312,-6.5703363596700814,93.79942857142858,98.06683333333332,2.9155218433528107,5.020516006473706,57221872.0,69576855.71428572,0.1184861795503648,2.3462613322765566,0.9564847296802208,1.0317058402598118,1.026923666966184
1408,AAPL,2016-02-01,92.876,93.108,91.847,92.839,39944544,-0.0202285677355421,93.715,90.585,89.941,-0.934748972949906,3.45531820941658,0.7160249496892312,93.81757142857144,97.58846666666666,2.908012600683504,4.800125283805011,64001873.0,68376962.28571428,-0.3758847651224207,2.337696729799013,0.96135921213953,1.0137293542521804,0.9996016193634524
1409,AAPL,2016-02-02,91.867,92.463,90.769,90.961,36704829,0.0197887006519277,92.839,93.715,90.585,-2.022856773554216,-0.934748972949906,3.45531820941658,92.86328571428574,97.1235,2.5134965495862014,4.741698820769909,39944544.0,64079526.14285714,-0.0811053194148367,2.335197077643856,0.9561361124165186,1.0186627593120998,0.990137916770984
1410,AAPL,2016-02-03,91.462,93.233,90.575,92.761,46169095,0.008031392503315,90.961,92.839,93.715,1.9788700651927729,-2.022856773554216,-0.934748972949906,92.43828571428573,96.81253333333332,2.175606790020148,4.710559669019857,36704829.0,63310445.0,0.2578479796214279,2.336269236534412,0.9548173416350264,1.0293458459839913,1.014202619667184
1411,AAPL,2016-02-04,92.79,94.214,92.142,93.506,46932646,-0.0267041687164459,92.761,90.961,92.839,0.8031392503315082,1.9788700651927729,-2.022856773554216,92.044,96.48506666666664,1.5165738799521875,4.581561839803993,46169095.0,61022646.0,0.0165381409360525,2.3283112998424675,0.953971460868556,1.022487030887109,1.007716348744477
1412,AAPL,2016-02-05,93.429,93.816,90.69,91.009,44587215,0.0105374193761056,93.506,92.761,90.961,-2.6704168716445986,0.8031392503315082,1.9788700651927729,92.19657142857145,96.0777,1.309303104352658,4.503811834970646,46932646.0,47937439.14285714,-0.0499744037444639,2.3674190580016217,0.959604272672758,1.0344690704598083,0.9740979781438311
1413,AAPL,2016-02-08,90.148,92.636,90.06,91.968,54462376,-0.0002174669450244,91.009,93.506,92.761,1.053741937610564,-2.6704168716445986,0.8031392503315082,92.39414285714284,95.65796666666668,1.115608119462358,4.266550932651989,44587215.0,47543225.42857143,0.2214796550984401,2.362058013633753,0.9658802719391156,1.0286031534532534,1.0201890224963397
1414,AAPL,2016-02-09,91.27,92.868,90.923,91.948,43358326,-0.0075694958019749,91.968,91.009,93.506,-0.0217466945024447,1.053741937610564,-2.6704168716445986,92.14171428571429,95.2559,0.9553208386619596,4.013159013235235,54462376.0,44594147.28571428,-0.2038847882802615,2.3629220687225607,0.9673071619260778,1.0213917270657589,1.0074285088199846
1415,AAPL,2016-02-10,92.849,93.264,91.087,91.252,42513754,-0.0060491824836714,91.948,91.968,91.009,-0.7569495801974968,-0.0217466945024447,1.053741937610564,91.915,94.86996666666668,0.9505626404152668,3.811298090778984,43358326.0,44961177.28571428,-0.0194788885530312,2.3597840899418574,0.968852453832421,1.0239002272552613,0.9828000301564904
1416,AAPL,2016-02-11,90.786,91.688,89.625,90.7,47475842,0.0030871003307608,91.252,91.948,91.968,-0.6049182483671478,-0.7569495801974968,-0.0217466945024447,91.87771428571428,94.40396666666666,0.9981477369517086,3.4032995600440694,42513754.0,46499893.42857143,0.1167172393197739,2.3241245109868656,0.9732399763468372,1.0230181311018132,0.9990527173793315
1417,AAPL,2016-02-12,91.174,91.474,90.031,90.98,40597943,0.0281930094526268,90.7,91.252,91.948,0.3087100330760872,-0.6049182483671478,-0.7569495801974968,91.6232857142857,93.99263333333332,0.961799825733946,3.0117186808594005,47475842.0,45704014.571428575,-0.1448715538315255,2.322415210532865,0.97479219876046,1.016027812642312,0.9978722004080112
1418,AAPL,2016-02-16,91.977,93.749,91.579,93.545,46978971,0.0153295205516061,90.98,90.7,91.252,2.8193009452626816,0.3087100330760872,-0.6049182483671478,91.62885714285714,93.73246666666664,0.9745519361277885,2.67221955701872,40597943.0,45710632.42857143,0.1571761406729399,2.376131158233961,0.9775573011292832,1.0236953886808111,1.0170477401959186
1419,AAPL,2016-02-17,93.575,95.065,93.07,94.979,43799633,-0.0189726149991049,93.545,90.98,90.7,1.532952055160619,2.8193009452626816,0.3087100330760872,92.196,93.5171,1.5430589749001404,2.2578465075637664,46978971.0,45598120.71428572,-0.067675769228747,2.397539357476574,0.9858731718584088,1.0214354786719675,1.0150040074806306
1420,AAPL,2016-02-18,95.675,95.724,93.013,93.177,38283311,-0.0022752395977548,94.979,93.545,90.98,-1.8972614999104964,1.532952055160619,2.8193009452626816,92.36871428571428,93.32683333333333,1.580493141854283,2.017625184480805,43799633.0,43286825.71428572,-0.1259444799457566,2.3793505837411213,0.9897337238027036,1.0291464633975895,0.9738907760648028
1421,AAPL,2016-02-19,92.926,93.66,92.732,92.965,33669312,0.0087452266982197,93.177,94.979,93.545,-0.2275239597754885,-1.8972614999104964,1.532952055160619,92.514,93.19403333333334,1.5821163042013786,1.898595551403671,38283311.0,41902680.85714286,-0.1205224647366577,2.355380091225341,0.992703037855428,1.010007332959496,1.0004196887846244
1422,AAPL,2016-02-22,93.226,93.798,92.849,93.778,34204278,-0.0225959180191516,92.965,93.177,94.979,0.8745226698219755,-0.2275239597754885,-1.8972614999104964,92.87485714285717,93.22473333333332,1.5336274459192851,1.9004032046446369,33669312.0,40715612.85714286,0.0158888307548428,2.2292735280295006,0.9962469596000326,1.0102208962939827,1.0059210949735051
1423,AAPL,2016-02-23,93.314,93.41,91.523,91.659,30704980,0.0148703346098038,93.778,92.965,93.177,-2.2595918019151617,0.8745226698219755,-0.2275239597754885,93.01185714285717,93.1684,1.3372235450901808,1.9215234006652275,34204278.0,38319775.42857143,-0.1023058577643416,2.266733014918404,0.9983197859237376,1.0206177682112694,0.9822641832951112
1424,AAPL,2016-02-24,90.97,93.294,90.331,93.022,35993405,0.0068585925909998,91.659,93.778,92.965,1.4870334609803804,-2.2595918019151617,0.8745226698219755,93.30357142857144,93.10713333333334,1.000414890133409,1.8948444342158453,30704980.0,37661984.28571428,0.1722334618032643,2.26354520370292,1.0021098071458696,1.0328015852808006,1.0225568868857866
1425,AAPL,2016-02-25,92.975,93.66,92.202,93.66,25516566,0.001580183642964,93.022,91.659,93.778,0.6858592590999857,1.4870334609803804,-2.2595918019151617,93.32,93.0212,1.0059691844284715,1.804251939741972,35993405.0,34595926.428571425,-0.2910766291769283,2.2503965341627623,1.003212170988979,1.0158131060063773,1.0073675719279376
1426,AAPL,2016-02-26,94.087,94.884,93.488,93.808,28393158,-0.0022812553300359,93.66,93.022,91.659,0.1580183642964083,0.6858592590999857,1.4870334609803804,93.1527142857143,93.02273333333332,0.7485336141071378,1.8049226353320336,25516566.0,32395001.42857143,0.1127342919105964,2.200164705520364,1.001397303086281,1.0149323977408866,0.9970346594109708
1427,AAPL,2016-02-29,93.758,95.085,93.555,93.594,31134115,0.0396927153450008,93.808,93.66,93.022,-0.228125533003598,0.1580183642964083,0.6858592590999857,93.21228571428573,92.94873333333334,0.767150292607831,1.7305124003629078,28393158.0,31373687.714285716,0.0965358273989811,2.162138831897369,1.0028354596292046,1.016354016354016,0.998250815930374
1428,AAPL,2016-03-01,94.522,97.542,94.299,97.309,50578114,0.0021889033902311,93.594,93.808,93.66,3.969271534500085,-0.228125533003598,0.1580183642964083,93.83285714285716,93.0753,1.7106174741527456,1.9033509859864983,31134115.0,33789230.85714286,0.6245239024780374,2.2353395288746154,1.0081391856148425,1.0343906085960617,1.0294851992128815
1429,AAPL,2016-03-02,97.289,97.661,96.449,97.522,33443244,0.0075675232255285,97.309,93.594,93.808,0.2188903390231145,3.969271534500085,-0.228125533003598,94.36771428571429,93.22406666666666,2.204598732524364,2.0692205251260463,50578114.0,33680511.71428572,-0.338780327000726,2.232065830004889,1.0122677293529456,1.0125662267104896,1.0023949264562284
1430,AAPL,2016-03-03,97.357,98.459,97.232,98.26,35928675,0.0149603093832688,97.522,97.309,93.594,0.7567523225528561,0.2188903390231145,3.969271534500085,95.31071428571428,93.39326666666668,2.263829551471246,2.2641790311393653,33443244.0,34426753.85714286,0.0743178801673665,2.234513596666482,1.0205308978632393,1.012619302287313,1.0092751420031432
1431,AAPL,2016-03-04,99.093,100.42,98.132,99.73,45219857,-0.0112604030883385,98.26,97.522,97.309,1.4960309383268866,0.7567523225528561,0.2188903390231145,96.269,93.6272,2.536836547096744,2.5374234474596222,35928675.0,35744818.428571425,0.2586007416082001,2.2425390318687675,1.028216159406668,1.0233155341784534,1.0064283047238454
1432,AAPL,2016-03-07,99.113,99.54,97.729,98.607,33651382,-0.0082144269676595,99.73,98.26,97.522,-1.1260403088338533,1.4960309383268866,0.7567523225528561,96.97571428571428,93.6594,2.372638665729392,2.595577984930487,45219857.0,36906935.0,-0.255827323823691,2.0419130879042235,1.035408237568405,1.0185308352689582,0.9948947161320916
1433,AAPL,2016-03-08,97.552,98.508,97.183,97.797,31433660,0.0008998231029582,98.607,99.73,98.26,-0.8214426967659505,-1.1260403088338533,1.4960309383268866,97.54557142857142,93.7281,1.9210857049421517,2.678391196864643,33651382.0,37341292.42857143,-0.0659028505872358,2.013903196383514,1.040729209581453,1.0136340718026815,1.002511481056257
1434,AAPL,2016-03-09,98.072,98.338,97.055,97.885,25017401,0.0005108034938958,97.797,98.607,99.73,0.0899823102958219,-0.8214426967659505,-1.1260403088338533,98.15857142857143,93.78206666666668,0.8178563152532394,2.746729163722612,31433660.0,36467476.14285714,-0.2041206464662402,2.012007810365933,1.0466667553559077,1.0132193086394312,0.9980932376213396
1435,AAPL,2016-03-10,98.171,98.964,96.94,97.935,34622277,0.010711185990708,97.885,97.797,98.607,0.0510803493895872,0.0899823102958219,-0.8214426967659505,98.248,94.04853333333334,0.7399959459474315,2.7490063375103237,25017401.0,34188070.85714286,0.3839278108865105,1.573160948374511,1.044652122875565,1.020878894161337,0.9975960314145724
1436,AAPL,2016-03-11,98.964,99.004,98.26,98.984,26173003,0.0025155580699911,97.935,97.885,97.797,1.0711185990708083,0.0510803493895872,0.0899823102958219,98.45685714285716,94.3285,0.7064978010409761,2.8110948137190084,34622277.0,33149465.0,-0.2440415458521113,1.57775832675888,1.0437657456957037,1.0075717484225524,1.0002020936906348
1437,AAPL,2016-03-14,98.646,99.62,98.518,99.233,25905632,0.0202251267219573,98.984,97.935,97.885,0.2515558069991153,1.0711185990708083,0.0510803493895872,98.59585714285716,94.51243333333332,0.755340194576176,2.946816876273894,26173003.0,31717601.714285716,-0.0102155262810308,1.461524196377112,1.0432051494761765,1.0111857731582046,1.0059505707276524
1438,AAPL,2016-03-15,100.63,101.81,100.52,101.24,41393259,0.0131370999604898,99.233,98.984,97.935,2.022512672195731,0.2515558069991153,1.0711185990708083,98.81157142857144,94.79246666666668,1.211246996170808,3.1728121729864904,25905632.0,31170944.85714286,0.5978478733890762,1.481855537294979,1.0423989891099443,1.01283326701154,1.0060618105932624
1439,AAPL,2016-03-16,101.27,102.9,101.25,102.57,39570655,-0.0015599103051574,101.24,99.233,98.984,1.313709996048984,2.022512672195731,0.2515558069991153,99.37771428571428,95.17943333333332,1.854859717457625,3.3899087942490613,41393259.0,32016555.285714287,-0.0440314206716605,1.425669950990626,1.0441091190118554,1.0162962962962965,1.0128369704749678
1440,AAPL,2016-03-17,102.14,103.06,101.59,102.41,35559413,0.0011717605702568,102.57,101.24,99.233,-0.1559910305157452,1.313709996048984,2.022512672195731,100.0367142857143,95.50106666666667,2.0124263725116007,3.6035509396574983,39570655.0,32605948.57142857,-0.1013691079917681,1.3977162832893946,1.0474931618814132,1.0144699281425338,1.0026434305854708
1441,AAPL,2016-03-18,102.93,103.09,101.82,102.53,45667572,-9.753242953292052e-05,102.41,102.57,101.24,0.1171760570256807,-0.1559910305157452,1.313709996048984,100.70028571428573,95.80186666666668,1.949507178266711,3.80241754072548,35559413.0,35555973.0,0.2842611322071036,1.3954842781093637,1.051130726551108,1.0124729915537225,0.9961138637909258
1442,AAPL,2016-03-21,102.54,104.21,101.77,102.52,36677182,0.0076082715567693,102.53,102.41,102.57,-0.009753242953292,0.1171760570256807,-0.1559910305157452,101.35528571428571,96.18556666666667,1.6054516201928968,3.8820451833718983,45667572.0,35849530.85714286,-0.1968659511830407,1.278743578962498,1.053747347203711,1.023975631325538,0.9998049541642284
1443,AAPL,2016-03-22,101.88,103.86,101.84,103.3,33517703,-0.005517909002904,102.52,102.53,102.41,0.7608271556769353,-0.009753242953292,0.1171760570256807,101.97185714285712,96.5633,1.3517053954943203,4.006825161197784,36677182.0,36898773.71428572,-0.0861429048720264,1.274736275105223,1.0560104837226685,1.019835035349568,1.013937966234786
1444,AAPL,2016-03-23,103.07,103.65,102.51,102.73,26553819,-0.0043804146792563,103.3,102.52,102.53,-0.5517909002904053,0.7608271556769353,-0.009753242953292,102.47142857142856,96.9227,0.6176684270158063,4.061751500488184,33517703.0,36991371.85714286,-0.2077673401426105,1.284361000473954,1.0572490094831093,1.0111208662569506,0.9967012709808868
1445,AAPL,2016-03-24,102.1,102.84,101.53,102.28,26997489,-0.0044974579585452,102.73,103.3,102.52,-0.4380414679256317,-0.5517909002904053,0.7608271556769353,102.62,97.2903,0.3303533462085688,4.029746566429343,26553819.0,34934833.28571428,0.0167083311067233,1.2759338632217223,1.0547814119187628,1.0129025903673792,1.0017629774730656
1446,AAPL,2016-03-28,102.6,102.78,101.69,101.82,18989484,0.0237674327244157,102.28,102.73,103.3,-0.4497457958545281,-0.4380414679256317,-0.5517909002904053,102.51285714285714,97.66096666666668,0.4494335058808597,3.912364039574392,26997489.0,31994666.0,-0.2966203634715806,1.272075163530289,1.0496809589521143,1.0107188514111516,0.9923976608187134
1447,AAPL,2016-03-29,101.53,104.34,101.53,104.24,30594055,0.017363775901765,101.82,102.28,102.73,2.3767432724415727,-0.4497457958545281,-0.4380414679256317,102.77428571428572,98.10296666666667,0.7859146930677293,3.880448885189532,18989484.0,31285329.14285714,0.611105125342005,1.3223349213561792,1.0476164911861554,1.0276765488033095,1.026691618240914
1448,AAPL,2016-03-30,105.17,106.89,105.12,106.05,45807935,-0.0051862329090051,104.24,101.82,102.28,1.7363775901765075,2.3767432724415727,-0.4497457958545281,103.27714285714283,98.5198,1.449513875824659,4.042218581678007,30594055.0,31305381.0,0.4972822334273767,1.2695182771660334,1.0482881903652144,1.0168378995433789,1.008367405153561
1449,AAPL,2016-03-31,106.21,106.38,105.39,105.5,24742478,0.0090995260663506,106.05,104.24,101.82,-0.5186232909005106,1.7363775901765075,2.3767432724415727,103.70285714285714,98.8705,1.6179072314386524,4.178527266954671,45807935.0,29600423.285714287,-0.4598648028993229,1.2631204993731189,1.0488756215742527,1.0093936806148591,0.9933151304020338
1450,AAPL,2016-04-01,105.3,106.47,104.73,106.46,25945411,0.0103325192560586,105.5,106.05,104.24,0.9099526066350672,-0.5186232909005106,1.7363775901765075,104.15428571428572,99.31326666666668,1.9025759480538056,4.257431279403651,24742478.0,28518667.285714287,0.0486181295179892,1.1922445031271385,1.0487449382152272,1.0166141506731594,1.0110161443494776
1451,AAPL,2016-04-04,106.89,108.59,106.74,107.56,35942137,-0.011714391967274,106.46,105.5,106.05,1.0332519256058603,0.9099526066350672,-0.5186232909005106,104.8442857142857,99.79976666666668,2.1585632346801296,4.340084082160615,25945411.0,29859855.57142857,0.3852984252205524,1.189682873635446,1.0505464012202337,1.0173318343638749,1.0062681261109552
1452,AAPL,2016-04-05,106.01,107.18,105.92,106.3,25609378,0.0104421448730009,107.56,106.46,105.5,-1.1714391967274085,1.0332519256058603,0.9099526066350672,105.41857142857144,100.21716666666666,1.879329921115072,4.343120768035493,35942137.0,29661554.0,-0.2874831566080781,1.2252315833800318,1.0519013352193962,1.0118957703927494,1.0027355909819828
1453,AAPL,2016-04-06,106.7,107.43,105.71,107.41,25984596,-0.0218787822362908,106.3,107.56,106.46,1.0442144873000991,-1.1714391967274085,1.0332519256058603,106.21714285714286,100.7422,1.136026911157678,4.223265107178491,25609378.0,30660855.714285716,0.0146515858370319,1.1194442370443316,1.05434607202486,1.0162709299025638,1.0066541705716965
1454,AAPL,2016-04-07,106.42,106.89,104.65,105.06,30475096,0.0011422044545974,107.41,106.3,107.56,-2.187878223629081,1.0442144873000991,-1.1714391967274085,106.3342857142857,101.14346666666664,0.9198887096342292,4.032003598223355,25984596.0,30643861.57142857,0.1728139240648574,1.2092493145543075,1.0513213479692778,1.0214046822742475,0.9872204472843452
1455,AAPL,2016-04-08,105.42,106.26,104.7,105.18,23790775,0.0033276288267731,105.06,107.41,106.3,0.114220445459745,-2.187878223629081,1.0442144873000991,106.21,101.52746666666668,1.0182173965730346,3.838651817332067,30475096.0,27498553.0,-0.2193371597582498,1.2093131243291366,1.04612085268223,1.0148997134670488,0.9977233921457028
1456,AAPL,2016-04-11,105.48,107.07,105.34,105.53,27359835,0.0130768501847815,105.18,105.06,107.41,0.3327628826773177,0.114220445459745,-2.187878223629081,106.21428571428572,101.9182,1.014788272553708,3.6159231987563696,23790775.0,27872461.14285714,0.1500186521876652,1.2085557675312788,1.0421522918800146,1.0164230112018229,1.000474023511566
1457,AAPL,2016-04-12,105.84,106.97,105.18,106.91,27011785,0.0143111027967448,105.53,105.18,105.06,1.3076850184781552,0.3327628826773177,0.114220445459745,106.27857142857144,102.36206666666666,1.0467000298071294,3.367631675056632,27359835.0,28024800.285714287,-0.012721202448772,1.2135379574598406,1.038261290431528,1.0170184445712112,1.0101095993953135
1458,AAPL,2016-04-13,107.25,108.74,107.25,108.44,32986760,0.00055330136481,106.91,105.53,105.18,1.4311102796744857,1.3076850184781552,0.3327628826773177,106.40428571428572,102.7331,1.257813673845421,3.404688292481368,27011785.0,27602603.57142857,0.2211988211811992,1.0351987766872115,1.0357351789665232,1.013892773892774,1.0110955710955711
1459,AAPL,2016-04-14,108.04,108.79,107.77,108.5,25034296,-0.0199078341013824,108.44,106.91,105.53,0.0553301364810021,1.4311102796744857,1.3076850184781552,106.71857142857142,103.09903333333334,1.4822441158813415,3.4152271846807936,32986760.0,27520449.0,-0.2410804819873185,1.0364348103823575,1.0351073911967303,1.009464600538183,1.004257682339874
1460,AAPL,2016-04-15,108.51,108.7,106.22,106.34,45477740,-0.021628738010156,108.5,108.44,106.91,-1.9907834101382416,0.0553301364810021,1.4311102796744857,106.5657142857143,103.36836666666666,1.453958471935323,3.338185202639399,25034296.0,30305183.85714286,0.8166174914605149,1.118442322036244,1.0309315869269575,1.0233477687817738,0.9800018431480968
1461,AAPL,2016-04-18,105.4,105.46,103.52,104.04,60827213,-0.005286428296809,106.34,108.5,108.44,-2.162873801015608,-1.9907834101382416,0.0553301364810021,106.42,103.51203333333332,1.6657030547741505,3.2682121494813043,45477740.0,34641200.571428575,0.3375161782445652,1.1780246158498835,1.028093030085713,1.018740340030912,0.9870967741935484
1462,AAPL,2016-04-19,104.43,104.54,102.82,103.49,31809676,0.0021258092569329,104.04,106.34,108.5,-0.5286428296809031,-2.162873801015608,-1.9907834101382416,106.17857142857144,103.6748,1.9700543864907865,3.134356078619726,60827213.0,35786757.85714286,-0.4770486032296104,1.1606698332987917,1.0241502412213137,1.0167282629838554,0.9909987551469884
1463,AAPL,2016-04-20,103.22,104.62,102.66,103.71,27283535,-0.0109921897599074,103.49,104.04,106.34,0.2125809256932953,-0.5286428296809031,-2.162873801015608,105.91857142857144,103.8719,2.178940327865425,2.9313331479264098,31809676.0,35775857.85714286,-0.1422881830044418,1.14553615768009,1.0197038027471474,1.019092148840834,1.0047471420267389
1464,AAPL,2016-04-21,103.51,103.51,102.14,102.57,30241777,-0.0027298430340254,103.71,103.49,104.04,-1.0992189759907456,0.2125809256932953,-0.5286428296809031,105.29857142857142,104.02806666666667,2.4503702344200344,2.718449341625246,27283535.0,36237285.28571428,0.1084259059539023,1.1698710216616195,1.0122130959712612,1.0134129626003523,0.9909187518114192
1465,AAPL,2016-04-22,101.64,103.07,101.28,102.29,33801240,-0.0056701534851892,102.57,103.71,103.49,-0.2729843034025458,-1.0992189759907456,0.2125809256932953,104.42,104.17323333333331,2.228811342401486,2.488402418991913,30241777.0,36353639.571428575,0.1177001933451198,1.1724294275044267,1.0023688106701754,1.0176737756714058,1.0063951200314838
1466,AAPL,2016-04-25,101.63,102.26,101.17,101.71,27531875,-0.0068823124569854,102.29,102.57,103.71,-0.5670153485189289,-0.2729843034025458,-1.0992189759907456,103.45,104.2641,1.5229904792931732,2.3375785046734734,33801240.0,36710436.571428575,-0.1854773671025086,1.166266693035256,0.992191943343874,1.01077394484531,1.0007871691429695
1467,AAPL,2016-04-26,100.58,101.93,100.58,101.01,40792313,-0.0626868626868627,101.71,102.29,102.57,-0.6882312456985451,-0.5670153485189289,-0.2729843034025458,102.68857142857142,104.32333333333334,1.1150549847722178,2.225524863832004,27531875.0,36041089.85714286,0.4816394815100679,1.1745688899250504,0.9843298536144496,1.0134221515211772,1.0042752038178564
1468,AAPL,2016-04-27,92.926,95.55,92.617,94.678,112434674,-0.0304822662075666,101.01,101.71,102.29,-6.268686268686274,-0.6882312456985451,-0.5670153485189289,101.35114285714285,104.1046,3.089821323238896,2.789920584704832,40792313.0,43413584.28571428,1.7562711141189764,1.59757438253452,0.9735510520874472,1.0316680523014132,1.0188537115554313
1469,AAPL,2016-04-28,94.484,94.746,91.232,91.792,81721131,-0.0114715879379466,94.678,101.01,101.71,-3.0482266207566666,-6.268686268686274,-0.6882312456985451,99.68,103.74533333333332,4.555865230668946,3.5772219748661804,112434674.0,50543792.14285714,-0.2731678930291558,1.6516461299177347,0.9608143016874654,1.0385171869519467,0.9715084035392236
1470,AAPL,2016-04-29,90.98,91.688,89.548,90.739,69258022,-0.0010800207187647,91.792,94.678,101.01,-1.147158793794667,-3.0482266207566666,-6.268686268686274,97.827,103.3563,5.23132816150467,4.290889218588744,81721131.0,56540147.42857143,-0.1525077889585253,1.6574122661276165,0.946502535404228,1.0238977978290973,0.9973510661683886
1471,AAPL,2016-05-02,90.957,91.068,89.441,90.641,48928736,0.0164495096038217,90.739,91.792,94.678,-0.1080020718764784,-1.147158793794667,-3.0482266207566666,96.12285714285714,102.96,5.369894363598714,4.878611482788336,69258022.0,59209713.0,-0.2935296939320617,1.6555499111280605,0.9335941835941836,1.0181907626256417,0.9965258308871228
1472,AAPL,2016-05-03,91.184,92.676,90.68,92.132,57833504,-0.0103981244301654,90.641,90.739,91.792,1.6449509603821744,-0.1080020718764784,-1.147158793794667,94.67171428571427,102.61373333333334,4.763877507323304,5.264322387762079,48928736.0,62642893.571428575,0.1819946462545036,1.6959494798082582,0.9226027668068564,1.022011468901632,1.0103965608001404
1473,AAPL,2016-05-04,92.152,92.829,90.816,91.174,39613522,-0.0040581744795665,92.132,90.641,90.739,-1.0398124430165412,1.6449509603821744,-0.1080020718764784,93.16657142857144,102.20953333333334,3.7194427834108255,5.660433830901758,57833504.0,64368843.14285714,-0.3150419867348863,1.6874405522792777,0.91152525982806,1.0221656976744184,0.989387099574616
1474,AAPL,2016-05-05,91.543,91.612,90.259,90.804,35564617,-0.0055944672040878,91.174,92.132,90.641,-0.4058174479566578,-1.0398124430165412,1.6449509603821744,91.70857142857145,101.812,1.42522230513948,6.029379638700847,39613522.0,63622029.42857143,-0.1022101745964421,1.6872021832844708,0.9007638729086104,1.0149901948836126,0.991927290999858
1475,AAPL,2016-05-06,90.931,91.008,89.449,90.296,43943729,0.0007752281385664,90.804,91.174,92.132,-0.559446720408785,-0.4058174479566578,-1.0398124430165412,91.08257142857144,101.41253333333331,0.6610940067296419,6.383872917741956,35564617.0,53837608.71428572,0.2356024809714667,1.6874509211658393,0.8981391987240049,1.0174289259801674,0.993016682979402
1476,AAPL,2016-05-09,90.57,91.32,90.171,90.366,31804157,0.0067835247770178,90.296,90.804,91.174,0.0775228138566452,-0.559446720408785,-0.4058174479566578,90.87885714285714,101.03073333333332,0.6247614020915572,6.69366118535753,43943729.0,46706612.42857143,-0.2762526593953827,1.6896648882061482,0.8995169503820007,1.012742456000266,0.9977475985425638
1477,AAPL,2016-05-10,90.891,91.125,89.704,90.979,33492603,-0.0097385110849755,90.366,90.296,90.804,0.6783524777017824,0.0775228138566452,-0.559446720408785,90.91314285714286,100.5887,0.6223879895558743,6.908825061794293,31804157.0,41597266.85714286,0.0530888462159206,1.6210724587029062,0.9038106950099052,1.0158409881387676,1.000968192670341
1478,AAPL,2016-05-11,91.037,91.125,90.044,90.093,24986431,-0.0234646420920604,90.979,90.366,90.296,-0.9738511084975588,0.6783524777017824,0.0775228138566452,90.83485714285716,100.0568,0.6928050299639981,7.0858539037170205,33492603.0,38176937.571428575,-0.2539716605484501,1.570354326139927,0.9078329223286888,1.012005241881747,0.9896305897602072
1479,AAPL,2016-05-12,90.296,90.356,87.133,87.979,76624902,0.0019891110378613,90.093,90.979,90.366,-2.346464209206045,-0.9738511084975588,0.6783524777017824,90.24157142857143,99.47276666666669,1.0715485456730345,7.339271831226708,24986431.0,40861423.0,2.066660540675057,1.604979426096688,0.9071987685933278,1.036989429951913,0.974339948613449
1480,AAPL,2016-05-13,87.649,89.274,87.649,88.154,43567098,0.0371282074551353,87.979,90.093,90.979,0.1989111037861368,-2.346464209206045,-0.9738511084975588,89.81014285714286,98.86256666666668,1.229831618370416,7.497597655172272,76624902.0,41426219.571428575,-0.4314237687377401,1.587204373905423,0.9084342626866476,1.0185398578420746,1.0057616173601525
1481,AAPL,2016-05-16,89.976,91.924,89.255,91.427,61321587,-0.0041563214367748,88.154,87.979,90.093,3.7128207455135342,0.1989111037861368,-2.346464209206045,89.89914285714285,98.3248,1.3320374655179872,7.430532683368998,43567098.0,45105786.71428572,0.4075205789469842,1.7501597009494168,0.9143079147594791,1.0299030866618115,1.0161265226282563
1482,AAPL,2016-05-17,92.08,92.225,90.579,91.047,45087968,0.0114556218216965,91.427,88.154,87.979,-0.4156321436774801,3.7128207455135342,0.1989111037861368,90.00642857142857,97.81636666666668,1.397942041860358,7.387732345296582,61321587.0,45269249.42857143,-0.2647292706237364,1.745971249215407,0.9201571438259164,1.0181719824683426,0.9887814943527368
1483,AAPL,2016-05-18,91.701,92.722,91.437,92.09,42224835,-0.0038332066456727,91.047,91.427,88.154,1.145562182169657,-0.4156321436774801,3.7128207455135342,90.25271428571428,97.30570000000002,1.6079403714425953,7.22951123520769,45087968.0,46757917.71428572,-0.0635010431164252,1.7491573183445064,0.927517239850433,1.014053391952929,1.0042420475240184
1484,AAPL,2016-05-19,92.168,92.168,91.125,91.737,30385734,0.0108462234431037,92.09,91.047,91.427,-0.3833206645672771,1.145562182169657,-0.4156321436774801,90.361,96.8616,1.688508513457866,7.145467951664895,42224835.0,46314079.28571428,-0.2803824100200747,1.719773052203523,0.9328877491183296,1.011445816186557,0.9953237566183488
1485,AAPL,2016-05-20,92.168,92.937,92.05,92.732,30922310,0.0126924901867748,91.737,92.09,91.047,1.0846223443103709,-0.3833206645672771,1.145562182169657,90.738,96.44666666666666,1.9000561395266624,7.005826104200211,30385734.0,47162062.0,0.017658813178579,1.7395010236346626,0.940810119582498,1.0096360673546985,1.0061192604808609
1486,AAPL,2016-05-23,93.364,94.65,93.171,93.909,37195696,0.0152594533005354,92.732,91.737,92.09,1.2692490186774874,1.0846223443103709,-0.3833206645672771,91.58514285714286,96.0593,1.7832967063494043,6.804657639921791,30922310.0,41529318.28571428,0.2028757230620868,1.7614453971989696,0.9534229674497198,1.0158740380590527,1.0058373677220342
1487,AAPL,2016-05-24,94.68,95.528,94.309,95.342,30438731,0.0173690503660506,93.909,92.732,91.737,1.5259453300535464,1.2692490186774874,1.0846223443103709,92.612,95.6737,1.5297640340978471,6.489019399644279,37195696.0,39653837.28571428,-0.1816598619367143,1.7690604679737871,0.9679985199694378,1.0129255956483476,1.0069919729615546
1488,AAPL,2016-05-25,96.092,97.134,95.547,96.998,35401739,0.0081341883337799,95.342,93.909,92.732,1.7369050366050631,1.5259453300535464,1.2692490186774874,93.40785714285714,95.2923,2.138539955875586,6.033027450396334,30438731.0,35951001.85714286,0.163049110030244,1.780613420994509,0.9802246051659697,1.0166096266758768,1.0094284643882947
1489,AAPL,2016-05-26,97.075,98.102,96.063,97.787,56007085,-0.0005931258756277,96.998,95.342,93.909,0.813418833377999,1.7369050366050631,1.5259453300535464,94.37071428571429,94.9352,2.399781497993993,5.519494488346816,35401739.0,37510875.71428572,0.582043328436493,1.7919868921746092,0.994053989307594,1.0212256539978972,1.007334535153232
1490,AAPL,2016-05-27,96.841,97.846,96.652,97.729,35434339,-0.0048910763437668,97.787,96.998,95.342,-0.0593125875627764,0.813418833377999,1.7369050366050631,95.17628571428573,94.64816666666668,2.452465270861308,5.115035221392547,56007085.0,36540804.85714286,-0.3673239912414653,1.7647574513548752,1.0055798127551587,1.0123535984770102,1.0091696698712322
1491,AAPL,2016-05-31,96.998,97.778,96.239,97.251,40046258,-0.0140358453897647,97.729,97.787,96.998,-0.4891076343766842,-0.0593125875627764,0.813418833377999,95.964,94.42186666666666,2.00913795776998,4.827278206003387,35434339.0,37920879.71428572,0.130153944737053,1.7288053987852663,1.0163323749865854,1.0159914379825228,1.0026083012020863
1492,AAPL,2016-06-01,96.432,96.94,95.761,95.886,28795510,-0.0074984877875809,97.251,97.729,97.787,-1.4035845389764767,-0.4891076343766842,-0.0593125875627764,96.41457142857143,94.1684,1.435210188694674,4.5248780330289,40046258.0,37617051.14285714,-0.2809438025395531,1.741698172868685,1.023852708855321,1.012311901504788,0.9943379790940766
1493,AAPL,2016-06-02,95.049,95.283,94.105,95.167,39671824,0.0020385217564913,95.886,97.251,97.729,-0.7498487787580999,-1.4035845389764767,-0.4891076343766842,96.5942857142857,93.88363333333334,1.111413171648567,4.157599709408371,28795510.0,37970783.71428572,0.3777086774986795,1.7419539747928396,1.0288724699365672,1.0125179320971256,1.0012414649286157
1494,AAPL,2016-06-03,95.235,95.703,94.904,95.361,26032342,0.0072671217793436,95.167,95.886,97.251,0.2038521756491329,-0.7498487787580999,-1.4035845389764767,96.597,93.64333333333336,1.1078626569594945,3.833971330215445,39671824.0,37341299.571428575,-0.3438077866044172,1.7368351331607308,1.0315416651834974,1.008419033971171,1.0013230429988975
1495,AAPL,2016-06-06,95.429,99.223,95.0,96.054,23399089,0.0040393945072563,95.361,95.167,95.886,0.7267121779343633,0.2038521756491329,-0.7498487787580999,96.46214285714288,93.43546666666668,1.1083697380428517,3.50384498882893,26032342.0,35626635.28571428,-0.1011531348197561,1.745507108158668,1.0323932260249091,1.0444526315789473,1.0065493717842584
1496,AAPL,2016-06-07,96.657,97.261,96.374,96.442,21261857,-0.0009124655233196,96.054,95.361,95.167,0.4039394507256322,0.7267121779343633,0.2038521756491329,96.27,93.25986666666668,0.9449539671427016,3.193081105628378,23399089.0,30663031.285714287,-0.0913382568013652,1.7473622881323336,1.0322768350515903,1.0092037271463257,0.9977756396329288
1497,AAPL,2016-06-08,96.432,96.959,96.101,96.354,19634691,0.0071818502604978,96.442,96.054,95.361,-0.0912465523319694,0.4039394507256322,0.7267121779343633,96.07357142857144,93.10466666666666,0.7030781979265989,2.903408963475509,21261857.0,28405938.714285716,-0.076529815810538,1.7445613008746197,1.031887819034185,1.0089281068875455,0.9991911398705824
1498,AAPL,2016-06-09,95.926,97.377,95.886,97.046,26357497,-0.0081198606846238,96.354,96.442,96.054,0.7181850260497891,-0.0912465523319694,0.4039394507256322,96.0442857142857,93.1836,0.6479698332335173,2.97886544706515,19634691.0,26450401.42857143,0.3423942857058457,1.3109735400895342,1.03069945477837,1.0155497152869033,1.0116756666597169
1499,AAPL,2016-06-10,95.955,96.75,95.906,96.258,26692624,-0.0151883479814663,97.046,96.354,96.442,-0.8119860684623892,0.7181850260497891,-0.0912465523319694,96.09742857142858,93.33246666666668,0.648079176541245,3.0182553048163383,26357497.0,26149989.14285714,0.012714674690089,1.1837450515054566,1.0296248669247847,1.0088002836110357,1.0031577301860246
1500,AAPL,2016-06-13,96.11,96.531,94.563,94.796,36532227,0.0012447782606861,96.258,97.046,96.354,-1.51883479814664,-0.8119860684623892,0.7181850260497891,96.04442857142858,93.4677,0.7448037453359005,2.988791165509722,26692624.0,25701475.285714287,0.3686262916676905,1.1997903517982544,1.0275681178784606,1.0208115224770788,0.9863281656435336
1501,AAPL,2016-06-14,94.777,95.901,94.222,94.914,31680335,-0.0032871862949617,94.796,96.258,97.046,0.1244778260686141,-1.51883479814664,-0.8119860684623892,95.98057142857144,93.61013333333334,0.8277122803646175,2.9510152517542867,36532227.0,26508331.42857143,-0.1328112846774986,1.198797990697514,1.0253224518631685,1.017819617499098,1.0014454983804089
1502,AAPL,2016-06-15,95.265,95.838,94.495,94.602,26709300,0.0042070992156613,94.914,94.796,96.258,-0.3287186294961719,0.1244778260686141,-1.51883479814664,95.77314285714286,93.69246666666666,0.975066395795322,2.9427983249967453,31680335.0,26981218.714285716,-0.1569123243172775,1.1682961509097027,1.0222075078659068,1.0142123921900628,0.9930404660683356
1503,AAPL,2016-06-16,93.929,95.195,93.56,95.0,31329507,-0.0227473684210526,94.602,94.914,94.796,0.4207099215661314,-0.3287186294961719,0.1244778260686141,95.56714285714284,93.82,0.9624495534187624,2.912640844602989,26709300.0,28419454.42857143,0.1729812087924431,1.1496682899081003,1.0186222858360996,1.0174754168448057,1.0114022293434402
1504,AAPL,2016-06-17,94.095,94.125,92.81,92.839,56080025,-0.0024020077769041,95.0,94.602,94.914,-2.2747368421052627,0.4207099215661314,-0.3287186294961719,95.06499999999998,93.88783333333332,1.330190587855326,2.8632564542811973,31329507.0,33625930.71428572,0.7900066221916611,1.2283988240810813,1.0125380107823698,1.014168731817692,0.9866517880865084
1505,AAPL,2016-06-20,93.492,94.046,92.546,92.616,34353316,0.0085082491146237,92.839,95.0,94.602,-0.2402007776904136,-2.2747368421052627,0.4207099215661314,94.43214285714286,93.96516666666666,1.2836227935844116,2.79337744012207,56080025.0,34768190.571428575,-0.3874233115980244,1.2240328862227583,1.004969673412412,1.016208155944071,0.9906302143498908
1506,AAPL,2016-06-21,92.459,93.832,92.204,93.404,32787026,-0.0036508072459422,92.616,92.839,95.0,0.8508249114623778,-0.2402007776904136,-2.2747368421052627,94.02442857142856,94.06643333333334,1.036486992553845,2.712290210329986,34353316.0,35638819.428571425,-0.0455935607497104,1.2318391475455657,0.9995534564199334,1.0176565008025682,1.0102207464930402
1507,AAPL,2016-06-22,93.735,94.359,92.859,93.063,26879714,0.005652085146621,93.404,92.616,92.839,-0.3650807245942244,0.8508249114623778,-0.2402007776904136,93.77685714285714,94.1359,1.02841405873779,2.6566046044024563,32787026.0,34259889.0,-0.1801722425205628,1.2301895513958374,0.9961859093380648,1.0161535230833845,0.99283085293647
1508,AAPL,2016-06-23,93.433,93.774,92.761,93.589,31379225,-0.028090908119544,93.063,93.404,92.616,0.5652085146621078,-0.3650807245942244,0.8508249114623778,93.58757142857142,94.25243333333331,0.8978869374258835,2.547585411017886,26879714.0,34216873.28571428,0.1673943033768885,1.216621263731776,0.9929459444043152,1.010920537725984,1.0016696456284182
1509,AAPL,2016-06-24,90.482,92.183,90.229,90.96,64987579,-0.0145668425681616,93.589,93.063,93.404,-2.8090908119544067,0.5652085146621078,-0.3650807245942244,93.06728571428572,94.3518,1.212256259259723,2.3444982611522893,31379225.0,39685198.85714286,1.071038370131831,1.2515769259443668,0.9863859058786978,1.0216560086003392,1.0052828186821687
1510,AAPL,2016-06-27,90.57,90.619,89.109,89.635,45491756,0.016846098064372,90.96,93.589,93.063,-1.456684256816165,-2.8090908119544067,0.5652085146621078,92.30085714285714,94.40116666666668,1.4577781528327125,2.221880658566953,64987579.0,41708377.28571428,-0.2999930648285882,1.2839982684650664,0.9777512334013224,1.016945538610017,0.989676493320084
1511,AAPL,2016-06-28,90.472,91.213,89.732,91.145,39565203,0.0086565362883317,89.635,90.96,93.589,1.6846098064372097,-1.456684256816165,-2.8090908119544067,92.05885714285716,94.39176666666668,1.4937181158247512,2.2354522752022743,45491756.0,39349117.0,-0.1302775166559848,1.1292999857615016,0.9752848197867944,1.0165047028930592,1.0074387655849324
1512,AAPL,2016-06-29,91.515,92.08,91.184,91.934,32943084,0.0127047664628974,91.145,89.635,90.96,0.865653628833174,1.6846098064372097,-1.456684256816165,91.96142857142856,94.42133333333332,1.473425584276381,2.195191348713283,39565203.0,39147655.28571428,-0.1673722993409132,1.1373993139866674,0.9739475743980376,1.009826285313213,1.0045784844014642
1513,AAPL,2016-06-30,91.973,93.267,91.836,93.102,34702639,0.0030289360056712,91.934,91.145,89.635,1.270476646289742,0.865653628833174,1.6846098064372097,91.91828571428572,94.45506666666668,1.4278631720562325,2.16570824496127,32943084.0,39421314.28571428,0.053411969565448,1.1418115135549702,0.9731429870106038,1.0155821246569972,1.0122753416763617
1514,AAPL,2016-07-01,92.995,93.944,92.839,93.384,25603482,-0.0088666152659985,93.102,91.934,91.145,0.3028936005671223,1.270476646289742,0.865653628833174,91.96414285714286,94.50996666666668,1.475126370702881,2.1147050904404137,34702639.0,39238995.42857143,-0.2622036035933751,1.1398531367017553,0.9730629064921498,1.0119023255312962,1.0041830205925049
1515,AAPL,2016-07-05,92.898,92.907,91.99,92.556,27859251,0.0051644409870781,93.384,93.102,91.934,-0.8866615265998523,0.3028936005671223,1.270476646289742,91.81657142857144,94.5041,1.330017525849518,2.1200450442501317,25603482.0,38736142.0,0.0881039930428213,1.1358988228285816,0.9715617780453064,1.009968474834221,0.9963185429180392
1516,AAPL,2016-07-06,92.128,93.161,91.906,93.034,30109590,0.0042887546488381,92.556,93.384,93.102,0.5164440987078134,-0.8866615265998523,0.3028936005671223,92.11285714285714,94.47493333333334,1.3383821612465696,2.134484253837313,27859251.0,33753572.14285714,0.0807752871748059,1.1150142546110229,0.9749978527940087,1.013655256457685,1.0098341437999303
1517,AAPL,2016-07-07,93.199,93.979,93.122,93.433,24360033,0.007716759603138,93.034,92.556,93.384,0.4288754648838155,0.5164440987078134,-0.8866615265998523,92.65542857142856,94.4113,0.8455684197036556,2.136198785627994,30109590.0,30734754.57142857,-0.1909543437821638,1.0798235140164063,0.9814018933266312,1.0092029810356309,1.002510756553182
1518,AAPL,2016-07-08,93.969,94.359,93.54,94.154,27265101,0.0030906812243769,93.433,93.034,92.556,0.7716759603138001,0.4288754648838155,0.5164440987078134,93.08528571428572,94.3165,0.7024715212123414,2.079809237769567,24360033.0,28977597.14285714,0.1192555034716085,1.037951684345282,0.9869459290186312,1.0087556125721615,1.0019687343698451
1519,AAPL,2016-07-11,94.222,95.099,94.213,94.445,23269626,0.0045423262216104,94.154,93.433,93.034,0.3090681224376945,0.7716759603138001,0.4288754648838155,93.444,94.2051,0.6561795994129811,1.974339092384724,27265101.0,27595674.57142857,-0.1465417274632505,1.0267733110670303,0.9919208195734626,1.0094042223472346,1.0023667508649785
1520,AAPL,2016-07-12,94.63,95.148,94.583,94.874,22288127,-0.0056390581191896,94.445,94.154,93.433,0.4542326221610437,0.3090681224376945,0.7716759603138001,93.69714285714284,94.10993333333332,0.8228807991093887,1.864369042446047,23269626.0,25822172.85714286,-0.0421794058916116,1.0319277818622925,0.9956137417000565,1.0059735893342354,1.0025784634893795
1521,AAPL,2016-07-13,94.864,95.118,94.309,94.339,22399014,0.0197161301264587,94.874,94.445,94.154,-0.5639058119189633,0.4542326221610437,0.3090681224376945,93.83357142857145,94.01286666666668,0.8412718263043024,1.7685353326928257,22288127.0,25364391.714285716,0.0049751600930845,1.033006134229515,0.9980928648976214,1.008578184478682,0.994465761511216
1522,AAPL,2016-07-14,94.845,96.403,94.777,96.199,36057603,0.0,94.339,94.874,94.445,1.9716130126458784,-0.5639058119189633,0.4542326221610437,94.354,94.0233,1.0257982257827645,1.7808471860309678,22399014.0,26535584.85714286,0.6097852789412963,1.0688711317631228,1.003517213286494,1.0171560610696688,1.0142759238757972
1523,AAPL,2016-07-15,96.334,96.706,95.926,96.199,30331958,0.0106342061767792,96.199,94.339,94.874,0.0,1.9716130126458784,-0.5639058119189633,94.80614285714286,94.0577,1.0443630321282913,1.8133718288452552,36057603.0,26567351.714285716,-0.1587916146284044,1.0590569301508774,1.007957273643124,1.008131267852303,0.9985986256150476
1524,AAPL,2016-07-18,96.12,97.512,96.025,97.222,36732486,0.0004011437740429,96.199,96.199,94.339,1.0634206176779235,0.0,1.9716130126458784,95.34742857142858,94.11973333333334,1.186316267162056,1.8897177664339224,30331958.0,28334845.0,0.2110159851863173,1.0751092189847915,1.0130439727633656,1.0154855506378546,1.011464835622139
1525,AAPL,2016-07-19,96.959,97.387,96.745,97.261,22690490,0.0008842187516064,97.222,96.199,96.199,0.0401143774042989,1.0634206176779235,0.0,95.7912857142857,94.15996666666666,1.2451571138271018,1.944378022761185,36732486.0,27681329.14285714,-0.3822773116962462,1.0679327328940913,1.0173249747782307,1.0066360018605611,1.0031147185923943
1526,AAPL,2016-07-20,97.387,97.836,97.129,97.347,25320799,-0.0053006255970907,97.261,97.222,96.199,0.0884218751606491,0.0401143774042989,1.0634206176779235,96.20585714285713,94.19013333333332,1.2046557500835884,1.9875454925741611,22690490.0,27974353.85714286,0.1159212075190971,1.0658497007797243,1.0214005834601625,1.0072789795014876,0.9995892675613788
1527,AAPL,2016-07-21,97.222,98.369,96.541,96.831,30952856,-0.007735126147618,97.347,97.261,97.222,-0.5300625597090769,0.0884218751606491,0.0401143774042989,96.48542857142856,94.20603333333334,1.0627802935696151,2.0072630960529327,25320799.0,29212172.285714287,0.2224280916253866,1.070665704713652,1.024195851979352,1.018934960275945,0.995978276521775
1528,AAPL,2016-07-22,96.666,96.706,95.742,96.082,26506075,-0.0133844008242958,96.831,97.347,97.261,-0.7735126147618065,-0.5300625597090769,0.0884218751606491,96.73442857142857,94.1739,0.562524623816513,1.967555044139435,30952856.0,29798895.285714287,-0.1436630274117516,1.0718581184221303,1.0271893653276392,1.0100687263687829,0.9939585790246828
1529,AAPL,2016-07-25,95.683,96.258,94.388,94.796,39095508,-0.0068779273387062,96.082,96.831,97.347,-1.3384400824295817,-0.7735126147618065,-0.5300625597090769,96.534,94.12516666666669,0.9208894251495652,1.9319384598475384,26506075.0,30232881.714285716,0.4749640601258391,1.0893088609157815,1.0255918094877212,1.0198118404881975,0.9907298057126136
1530,AAPL,2016-07-26,94.289,95.41,93.899,94.144,41543558,0.0649643099932018,94.796,96.082,96.831,-0.6877927338706291,-1.3384400824295817,-0.7735126147618065,96.24042857142857,94.10343333333334,1.296457334071042,1.9277945892016928,39095508.0,31834538.85714286,0.0626171681923151,1.060734811392011,1.022709003937461,1.0160917581656883,0.9984621748029994
1531,AAPL,2016-07-27,101.53,101.62,100.07,100.26,92280275,0.0134649910233393,94.144,94.796,96.082,6.49643099932018,-0.6877927338706291,-1.3384400824295817,96.67442857142858,94.28163333333332,1.9983238690795968,2.2288779067016877,41543558.0,39769937.28571428,1.221289640141078,1.5940388281481603,1.025379229797977,1.0154891575896874,0.9874913818575792
1532,AAPL,2016-07-28,100.15,101.72,100.14,101.61,38147287,-0.0011809861234131,100.26,94.144,94.796,1.3464991023339312,6.49643099932018,-0.6877927338706291,97.2957142857143,94.51523333333331,2.746926082875335,2.599961931859928,92280275.0,41978051.14285714,-0.5866149401917149,1.604373635962408,1.0294183366460603,1.0157779109247054,1.0145781328007988
1533,AAPL,2016-07-29,101.47,101.82,100.97,101.49,25483464,0.0176372056360232,101.61,100.26,94.144,-0.1180986123413108,1.3464991023339312,6.49643099932018,97.88757142857143,94.73156666666668,3.173088813611512,2.8949577292280693,38147287.0,42001289.0,-0.3319717860932024,1.60542034672794,1.0333152387631237,1.0084183420818065,1.000197102591899
1534,AAPL,2016-08-01,101.68,103.38,101.68,103.28,37755686,-0.0148140975987606,101.49,101.61,100.26,1.7637205636023223,-0.1180986123413108,1.3464991023339312,98.80885714285716,95.0796,3.706560104671535,3.2637122675737764,25483464.0,42973121.85714286,0.4815758956474676,1.5564845968639496,1.0392224740412996,1.0167191188040912,1.01573564122738
1535,AAPL,2016-08-02,103.28,103.3,101.29,101.75,32274886,0.0124815724815723,103.28,101.49,101.61,-1.4814097598760625,1.7637205636023223,-0.1180986123413108,99.61857142857144,95.38406666666668,3.629890671319604,3.4468707841015944,37755686.0,43797237.71428572,-0.1451648898658601,1.5893409909520326,1.044394256922415,1.019844012242077,0.9851859024012394
1536,AAPL,2016-08-03,102.08,103.07,102.04,103.02,28107157,0.0063094544748592,101.75,103.28,101.49,1.2481572481572334,-1.4814097598760625,1.7637205636023223,100.79342857142856,95.7046,3.1012667765070354,3.69459620862982,32274886.0,42227473.28571428,-0.1291322609164289,1.5955090406627834,1.0531722463855298,1.010094080752646,1.009208463949843
1537,AAPL,2016-08-04,103.38,103.79,103.08,103.67,25774059,0.015047747660847,103.02,101.75,103.28,0.63094544748592,1.2481572481572334,-1.4814097598760625,102.1542857142857,96.05816666666666,1.2112921082246035,3.932931074062645,28107157.0,39974687.71428572,-0.0830072568349762,1.5907036766122338,1.0634627877999514,1.0068878540939077,1.002805184755272
1538,AAPL,2016-08-05,104.06,105.4,103.97,105.23,34200101,0.0083626342297822,103.67,103.02,101.75,1.5047747660847044,0.63094544748592,1.2481572481572334,102.86428571428571,96.4462,1.362985169195597,4.24296214356413,25774059.0,31677520.0,0.326919481328106,1.6038254747695628,1.066545760375066,1.0137539674906224,1.0112435133576785
1539,AAPL,2016-08-08,105.28,106.11,104.92,106.11,26154976,0.004052398454434,105.23,103.67,103.02,0.8362634229782229,1.5047747660847044,0.63094544748592,103.50714285714284,96.9512,1.6938586549283448,4.4633333561666655,34200101.0,29964332.714285716,-0.235236878394014,1.4857626444861494,1.0676210594313722,1.0113419748379715,1.0078837386018238
1540,AAPL,2016-08-09,105.98,106.67,105.76,106.54,26028603,-0.0074150553782617,106.11,105.23,103.67,0.4052398454434058,0.8362634229782229,1.5047747660847044,104.22857142857144,97.5147,1.7654596056172096,4.573579788229831,26154976.0,30042209.714285716,-0.0048317000940854,1.4382458308666528,1.0688498393429036,1.008604387291982,1.0052840158520475
1541,AAPL,2016-08-10,106.44,106.63,105.51,105.75,22767897,-0.0006619385342788,106.54,106.11,105.23,-0.7415055378261703,0.4052398454434058,0.8362634229782229,104.58142857142856,98.00153333333331,1.7909255388576897,4.648871637165798,26028603.0,27901097.0,-0.1252739534273123,1.4426211766370256,1.0671407376424915,1.010615107572742,0.9935174746335964
1542,AAPL,2016-08-11,106.26,106.66,105.6,105.68,23833284,0.0023656320968963,105.75,106.54,106.11,-0.0661938534278872,-0.7415055378261703,0.4052398454434058,105.14285714285714,98.45973333333332,1.305625192341013,4.707271300747872,22767897.0,26695153.85714286,0.0467933863193426,1.4446509063666604,1.0678767205970203,1.0100378787878788,0.994541690193864
1543,AAPL,2016-08-12,105.53,106.18,105.53,105.93,18276547,0.011894647408666,105.68,105.75,106.54,0.236563209689633,-0.0661938534278872,-0.7415055378261703,105.55857142857144,98.88733333333332,0.92477796563965,4.785783597664244,23833284.0,25290781.0,-0.2331502868005937,1.4373432488612885,1.0674630194824897,1.0061593859566,1.0037903913579078
1544,AAPL,2016-08-15,105.89,107.25,105.83,107.19,25003629,-0.0008396305625525,105.93,105.68,105.75,1.189464740866608,0.236563209689633,-0.0661938534278872,106.06142857142856,99.34753333333332,0.639802797013188,4.900746211535439,18276547.0,25180719.57142857,0.3680718245082071,1.443508302669681,1.067579888627618,1.013417745440801,1.0122768911134197
1545,AAPL,2016-08-16,107.34,107.93,106.94,107.1,33480899,-0.0015873015873014,107.19,105.93,105.68,-0.083963056255254,1.189464740866608,0.236563209689633,106.32857142857144,99.83233333333334,0.625018094990757,4.925048477501614,25003629.0,25077976.42857143,0.3390415847235615,1.4248033130256907,1.0650714841407904,1.009257527585562,0.9977641140301844
1546,AAPL,2016-08-17,106.83,107.09,106.08,106.93,23217740,-0.0011222294959319,107.1,107.19,105.93,-0.158730158730147,-0.083963056255254,1.189464740866608,106.44571428571427,100.29553333333334,0.6534232202639825,4.917070481448689,33480899.0,24658371.285714287,-0.3065377366360443,1.4298130513211975,1.0613205867497684,1.0095211161387632,1.0009360666479454
1547,AAPL,2016-08-18,106.96,107.31,106.75,106.81,19296763,0.0025278531972661,106.93,107.1,107.19,-0.1122229495931992,-0.158730158730147,-0.083963056255254,106.48428571428572,100.74143333333332,0.6677289156387869,4.879686922427844,23217740.0,23696679.85714286,-0.1688784954952549,1.4338186995165572,1.0570058633367905,1.0052459016393442,0.9985976065819
1548,AAPL,2016-08-19,106.5,107.4,106.1,107.08,25057769,-0.0077512140455734,106.81,106.93,107.1,0.2527853197266116,-0.1122229495931992,-0.158730158730147,106.67428571428572,101.1723,0.6107606498840604,4.848543173664674,19296763.0,24023804.42857143,0.2985477927049216,1.433017484740939,1.054382333052483,1.0122525918944394,1.005446009389671
1549,AAPL,2016-08-22,106.59,106.77,105.6,106.25,25105654,0.003105882352941,107.08,106.81,106.93,-0.775121404557344,0.2527853197266116,-0.1122229495931992,106.75571428571428,101.5658,0.4801339099113842,4.762004651766104,25057769.0,24205571.57142857,0.0019109841742095,1.4499883352530414,1.0510990341799529,1.0110795454545454,0.9968102073365231
1550,AAPL,2016-08-23,106.33,107.04,106.27,106.58,19390253,-0.0075060987051979,106.25,107.08,106.81,0.3105882352941069,-0.775121404557344,0.2527853197266116,106.84857142857142,101.956,0.3346355516067726,4.673543638174865,25105654.0,24364672.42857143,-0.2276539380332414,1.450051366319136,1.0479870868666037,1.0072456949280135,1.0023511708831
1551,AAPL,2016-08-24,106.3,106.48,105.43,105.78,23001540,-0.0043486481376442,106.58,106.25,107.08,-0.7506098705197917,0.3105882352941069,-0.775121404557344,106.64714285714284,102.33736666666668,0.4853079533059797,4.493901480460566,19390253.0,24078659.714285716,0.1862423868321883,1.4547173523446983,1.0421134169351258,1.009959214644788,0.9951081843838194
1552,AAPL,2016-08-25,105.15,105.63,104.46,105.32,23392897,-0.0058868211165969,105.78,106.58,106.25,-0.434864813764424,-0.7506098705197917,0.3105882352941069,106.39285714285714,102.6414,0.6476551110547897,4.371154795734139,23001540.0,22637516.57142857,0.0170143825152577,1.4307767661822366,1.036549161867016,1.011200459506031,1.0016167379933427
1553,AAPL,2016-08-26,105.17,105.7,104.1,104.7,27370509,-0.0010506208213945,105.32,105.78,106.58,-0.5886821116596996,-0.434864813764424,-0.7506098705197917,106.07428571428572,102.92476666666668,0.8547486403109981,4.211753870753818,23392897.0,23230769.285714287,0.1700350324288608,1.4392156510555845,1.0306002058554002,1.015369836695485,0.9955310449748028
1554,AAPL,2016-08-29,104.4,105.2,104.08,104.59,23921658,-0.0077445262453389,104.7,105.32,105.78,-0.105062082139451,-0.5886821116596996,-0.434864813764424,105.75714285714284,103.17036666666668,0.9435167245693568,4.08052195345612,27370509.0,23891468.57142857,-0.126006096561814,1.43342987029136,1.0250728602994483,1.01076095311299,1.0018199233716474
1555,AAPL,2016-08-30,103.6,104.29,103.3,103.78,22815497,0.0010599344767778,104.59,104.7,105.32,-0.7744526245338945,-0.105062082139451,-0.5886821116596996,105.28571428571428,103.38766666666668,0.9953869790757458,3.925616941043758,23921658.0,23571144.0,-0.0462409837980294,1.4452762496699394,1.0183585497210914,1.0095837366892546,1.0017374517374518
1556,AAPL,2016-08-31,103.46,104.35,103.44,103.89,27265644,0.0058715949562035,103.78,104.59,104.7,0.1059934476777879,-0.7744526245338945,-0.105062082139451,104.94857142857144,103.60576666666668,1.0138446391825882,3.7565539939137103,22815497.0,23879714.0,0.1950493123160981,1.445222003503729,1.0129607144959896,1.0087973704563031,1.0041561956311618
1557,AAPL,2016-09-01,103.93,104.57,103.42,104.5,25052908,0.0093779904306221,103.89,103.78,104.59,0.5871594956203596,0.1059934476777879,-0.7744526245338945,104.65142857142858,103.8614,0.7175055997918256,3.533977817387475,27265644.0,24688664.714285716,-0.0811547308400271,1.439426887755914,1.0076065657831357,1.0111197060529875,1.0054844606946982
1558,AAPL,2016-09-02,105.45,105.75,104.59,105.48,26313135,-0.0002844141069396,104.5,103.89,103.78,0.9377990430622152,0.5871594956203596,0.1059934476777879,104.60857142857142,104.17466666666668,0.6440607779803336,3.223500446165691,25052908.0,25161749.714285716,0.0503026235517249,1.4307708158597467,1.0041651658295498,1.0110909264748065,1.0002844950213372
1559,AAPL,2016-09-06,105.65,106.04,105.27,105.45,23740653,0.0061640587956377,105.48,104.5,103.89,-0.0284414106939689,0.9377990430622152,0.5871594956203596,104.62714285714286,104.5298,0.669370706615917,2.6987940780755557,26313135.0,25211429.14285714,-0.0977641774725817,1.3979881626309811,1.000931245033884,1.007314524555904,0.9981069569332702
1560,AAPL,2016-09-07,105.58,106.49,104.83,106.1,39707231,-0.0262016965127238,105.45,105.48,104.5,0.616405879563775,-0.0284414106939689,0.9377990430622152,104.82714285714287,104.92833333333331,0.8729588437466422,1.8667417369945107,23740653.0,26973818.0,0.6725416524979326,1.3843373262579213,0.9990356229535354,1.0158351616903558,1.00492517522258
1561,AAPL,2016-09-08,105.01,105.03,103.04,103.32,50719791,-0.0226480836236933,106.1,105.45,105.48,-2.620169651272386,0.616405879563775,-0.0284414106939689,104.64571428571428,105.03033333333332,1.0454003562177765,1.676802135701304,39707231.0,30802122.714285716,0.2773439427191486,0.9268307848950676,0.9963380193567662,1.0193128881987576,0.9839062946386056
1562,AAPL,2016-09-09,102.46,103.52,100.98,100.98,44964056,0.0223806694394927,103.32,106.1,105.45,-2.2648083623693305,-2.620169651272386,0.616405879563775,104.24571428571429,105.00933333333334,1.73806268724125,1.724384814506133,50719791.0,33966202.571428575,-0.1134810472700883,0.9921635035903958,0.9927280840342536,1.025153495741731,0.9855553386687488
1563,AAPL,2016-09-12,100.51,103.52,100.39,103.24,41785747,0.0238279736536226,100.98,103.32,106.1,2.2380669439492795,-2.2648083623693305,-2.620169651272386,104.15285714285712,105.06766666666664,1.7771579772796948,1.6281397960236397,44964056.0,36040503.0,-0.0706855493641409,1.073703994899668,0.9912931394325925,1.031178404223528,1.0271614764700028
1564,AAPL,2016-09-13,105.27,106.52,105.0,105.7,62547232,0.0353831598864711,103.24,100.98,103.32,2.382797365362266,2.2380669439492795,-2.2648083623693305,104.32428571428572,105.14833333333334,1.871593413319324,1.5961507217147055,41785747.0,41396835.0,0.4968556622907807,1.1127646531624604,0.992162998756858,1.0144761904761903,1.004084734492258
1565,AAPL,2016-09-14,106.46,110.66,106.34,109.44,108613122,0.0338998538011696,105.7,103.24,100.98,3.538315988647112,2.382797365362266,2.2380669439492795,104.89,105.40466666666669,2.696040306329206,1.648214777878346,62547232.0,53153976.0,0.7364976598804565,1.2395599145574288,0.9951172307361468,1.040624412262554,1.0279917339845952
1566,AAPL,2016-09-15,111.49,113.31,111.12,113.15,90447884,-0.0054794520547946,109.44,105.7,103.24,3.3899853801169666,3.538315988647112,2.382797365362266,105.99,105.74233333333336,4.144389782185672,2.1145207059959263,108613122.0,62683580.42857143,-0.1672471766348821,1.3552792785970211,1.0023421713788547,1.019708423326134,1.0148892277334292
1567,AAPL,2016-09-16,112.72,113.71,111.67,112.53,71964632,-0.0117302052785924,113.15,109.44,105.7,-0.5479452054794609,3.3899853801169666,3.538315988647112,106.90857142857143,106.03766666666668,4.828886788801943,2.412795893353196,90447884.0,67291780.57142857,-0.2043525086778149,1.3630793617572818,1.0082131641451757,1.0182681113996597,0.9983144073811214
1568,AAPL,2016-09-19,112.79,113.76,110.88,111.21,47369748,-8.99199712255383e-05,112.53,113.15,109.44,-1.1730205278592476,-0.5479452054794609,3.3899853801169666,108.03571428571428,106.237,4.772144371745284,2.584667189939964,71964632.0,66813203.0,-0.3417634929335843,1.3679575853350732,1.0169311472059102,1.025974025974026,0.9859916659278304
1569,AAPL,2016-09-20,110.68,111.75,110.17,111.2,34656540,-0.0001798561151078,111.21,112.53,113.15,-0.0089919971225538,-1.1730205278592476,-0.5479452054794609,109.49571428571429,106.40666666666668,3.6956860307815,2.7385263257407493,47369748.0,65340700.71428572,-0.2683824283802396,1.3629555111238232,1.0290305834757936,1.014341472270128,1.0046982291290203
1570,AAPL,2016-09-21,111.48,111.62,110.1,111.18,33923980,0.0094441446303292,111.2,111.21,112.53,-0.0179856115107845,-0.0089919971225538,-1.1730205278592476,110.63,106.56133333333334,2.4713424152374377,2.8739948567760387,34656540.0,64217591.14285714,-0.0211377131127342,1.3625756785864331,1.0381814541860088,1.0138056312443235,0.9973089343379978
1571,AAPL,2016-09-22,111.97,112.55,111.63,112.23,30131295,-0.016662211529894,111.18,111.2,111.21,0.9444144630329276,-0.0179856115107845,-0.0089919971225538,111.56285714285714,106.77733333333336,1.2116615903552086,3.0490891046031416,33923980.0,59586743.0,-0.1117995294184232,1.359254405288573,1.0448177872600033,1.008241512138314,1.0023220505492545
1572,AAPL,2016-09-23,112.04,112.4,109.23,110.36,52802745,0.0014498006524101,112.23,111.18,111.2,-1.6662211529894,0.9444144630329276,-0.0179856115107845,111.69428571428573,106.93333333333334,0.9685187512107752,3.110120668833627,30131295.0,51613832.0,0.7524220250075544,1.401102495235598,1.0445226220163877,1.0290213311361347,0.9850053552302748
1573,AAPL,2016-09-26,109.32,111.02,109.23,110.52,29240653,0.0018096272167933,110.36,112.23,111.18,0.1449800652410182,-1.6662211529894,0.9444144630329276,111.31857142857145,107.08633333333331,0.8062139619227934,3.1713583332941724,52802745.0,42869941.85714286,-0.4462285436107536,1.40101609843591,1.039521738801759,1.0163874393481644,1.0109769484083424
1574,AAPL,2016-09-27,110.63,110.81,110.0,110.72,24405226,0.0077673410404623,110.52,110.36,112.23,0.1809627216793341,0.1449800652410182,-1.6662211529894,111.06,107.204,0.6221736092267863,3.240079394513672,29240653.0,36075741.0,-0.1653665874014509,1.3872691207827652,1.035968807134062,1.0073636363636365,1.000813522552653
1575,AAPL,2016-09-28,111.32,112.25,111.06,111.58,29459822,-0.015504570711597,110.72,110.52,110.36,0.7767341040462394,0.1809627216793341,0.1449800652410182,111.11285714285717,107.35333333333332,0.6520407524652359,3.336914053776677,24405226.0,33517180.14285714,0.2071112146226386,1.3918557224058936,1.0350200938600618,1.010714928867279,1.0023356090549769
1576,AAPL,2016-09-29,110.79,111.43,109.47,109.85,35383410,0.0075557578516158,111.58,110.72,110.52,-1.5504570711597054,0.7767341040462394,0.1809627216793341,110.92,107.45066666666666,0.8039278574712309,3.366594445565575,29459822.0,33621018.71428572,0.2010734484410665,1.425157210798331,1.0322876855114906,1.0179044487074085,0.9915154797364382
1577,AAPL,2016-09-30,110.12,111.0,109.47,110.68,34063033,-0.0045175280086736,109.85,111.58,110.72,0.7555757851615885,-1.5504570711597054,0.7767341040462394,110.84857142857142,107.57966666666668,0.7991751700342253,3.414995817973288,35383410.0,33640883.428571425,-0.0373162733608772,1.4295098741280727,1.03038589784846,1.0139764318991504,1.0050853614239013
1578,AAPL,2016-10-03,110.36,110.68,109.94,110.18,21290000,0.004084225812307,110.68,109.85,111.58,-0.4517528008673666,0.7555757851615885,-1.5504570711597054,110.5557142857143,107.683,0.5431960095399968,3.446114403607641,34063033.0,32377841.285714287,-0.3749822571583687,1.433180582788929,1.0266775097806924,1.0067309441513554,0.9983689742660384
1579,AAPL,2016-10-04,110.69,111.93,110.28,110.63,29927280,0.0004519569736962,110.18,110.68,109.85,0.4084225812307052,-0.4517528008673666,0.7555757851615885,110.59428571428572,107.829,0.5365276365483675,3.4759631262667083,21290000.0,29109917.714285716,0.405696571160169,1.4243795487069055,1.0256451020994883,1.014961915125136,0.9994579456138766
1580,AAPL,2016-10-05,111.03,111.29,110.34,110.68,20421419,0.0075894470545716,110.63,110.18,110.68,0.0451956973696265,0.4084225812307052,-0.4517528008673666,110.61714285714288,107.96566666666666,0.5362435480967727,3.505636528686021,29927280.0,27850027.14285714,-0.3176319732364585,1.4241365135371569,1.0245585126488626,1.008609751676636,0.9968476988201388
1581,AAPL,2016-10-06,111.33,111.96,110.76,111.52,28654697,0.0015243902439023,110.68,110.63,110.18,0.7589447054571652,0.0451956973696265,0.4084225812307052,110.73142857142857,108.157,0.6375063025041862,3.5387170381164226,20421419.0,28457094.42857143,0.4031687513977358,1.4183997348938644,1.0238026995148586,1.0108342361863487,1.001706637923291
1582,AAPL,2016-10-07,111.93,112.17,111.14,111.69,24470377,0.0173695048795774,111.52,110.68,110.63,0.1524390243902385,0.7589447054571652,0.0451956973696265,110.74714285714286,108.36933333333332,0.662764771902835,3.553696408095791,28654697.0,27744316.57142857,-0.1460256236525551,1.4135803803996667,1.02194171958681,1.0092675904264892,0.9978558027338514
1583,AAPL,2016-10-10,112.63,114.31,112.33,113.63,36107269,0.0022001232068995,111.69,111.52,110.68,1.7369504879577446,0.1524390243902385,0.7589447054571652,111.28714285714288,108.667,1.1619195939803308,3.6093099445538672,24470377.0,27847725.0,0.4755501723573772,1.4321700281280725,1.0241116701219586,1.0176266358052168,1.0088786291396608
1584,AAPL,2016-10-11,115.25,116.21,113.78,113.88,63602119,0.0089567966280295,113.63,111.69,111.52,0.2200123206899551,1.7369504879577446,0.1524390243902385,111.74428571428572,108.97666666666667,1.4714942195311262,3.645796193570182,36107269.0,32067594.42857143,0.7614768649492709,1.4303608389279268,1.025396436983015,1.021357004746001,0.988112798264642
1585,AAPL,2016-10-12,114.91,115.51,114.31,114.9,37745045,-0.0031331592689295,113.88,113.63,111.69,0.8956796628029506,0.2200123206899551,1.7369504879577446,112.41857142857144,109.34733333333334,1.6990529575028694,3.6644696029927326,63602119.0,34418315.14285714,-0.4065442222137284,1.419808452958334,1.0280869958289311,1.01049776922404,0.9999129753720304
1586,AAPL,2016-10-13,114.35,115.0,113.3,114.54,34806734,0.0055875676619521,114.9,113.88,113.63,-0.3133159268929542,0.8956796628029506,0.2200123206899551,112.97714285714284,109.70233333333331,1.6552010380037736,3.633286422769116,37745045.0,35115380.0,-0.077846270947617,1.4243455986524662,1.0298517763870978,1.0150044130626654,1.0016615653694798
1587,AAPL,2016-10-14,115.43,115.7,114.69,115.18,35191224,-0.0006077444000694,114.54,114.9,113.88,0.558756766195212,-0.3133159268929542,0.8956796628029506,113.62,110.05833333333334,1.4787945541391536,3.629195867361184,34806734.0,37225352.14285714,0.0110464256715381,1.4241820460944092,1.032361626410237,1.0088063475455575,0.99783418522048
1588,AAPL,2016-10-17,114.89,115.39,114.34,115.11,22473663,-0.0006949874033532,115.18,114.54,114.9,-0.0607744400069498,0.558756766195212,-0.3133159268929542,114.13285714285716,110.37933333333334,1.2308494937272925,3.636158387101048,35191224.0,36342347.28571428,-0.361384446303999,1.4212653731406444,1.0340056756656484,1.0091831380094456,1.0019148750979197
1589,AAPL,2016-10-18,115.71,115.74,115.01,115.03,22508257,-0.0030426845170824,115.11,115.18,114.54,-0.0694987403353275,-0.0607744400069498,0.558756766195212,114.61,110.69866666666668,0.6236451982911178,3.6088920196077834,22473663.0,36062044.42857143,0.0015393129282039,1.4216136228728096,1.0353331566775872,1.006347274150074,0.9941232391323136
1590,AAPL,2016-10-19,114.81,115.31,111.43,114.68,19945147,-0.0005231949773282,115.03,115.11,115.18,-0.304268451708245,-0.0694987403353275,-0.0607744400069498,114.76,110.98466666666668,0.4510358448633104,3.571671813062228,22508257.0,33753169.85714286,-0.1138742106952128,1.4244820952955048,1.0340167110171374,1.034820066409405,0.9988676944517028
1591,AAPL,2016-10-20,114.42,114.94,113.91,114.62,24118935,-0.003926016402024,114.68,115.03,115.11,-0.0523194977328222,-0.304268451708245,-0.0694987403353275,114.86571428571428,111.36133333333332,0.2541559326741318,3.322652381843162,19945147.0,28112715.0,0.2092633360887237,1.3180436510173057,1.0314685613712204,1.0090422263190235,1.001747946163258
1592,AAPL,2016-10-21,114.37,114.47,113.86,114.17,22320703,0.0090216344048348,114.62,114.68,115.03,-0.3926016402024057,-0.0523194977328222,-0.304268451708245,114.76142857142858,111.801,0.3638419332610994,2.719519924671077,24118935.0,25909237.57142857,-0.0745568575063534,1.231189455762422,1.0264794462610225,1.0053574565255576,0.9982512896738654
1593,AAPL,2016-10-24,114.66,115.29,114.56,115.2,23201534,0.0050347222222222,114.17,114.62,114.68,0.9021634404834832,-0.3926016402024057,-0.0523194977328222,114.85571428571428,112.19966666666669,0.3819623516964183,2.2588698476227163,22320703.0,24251351.85714286,0.0394625115526154,1.186408901569653,1.023672509000748,1.0063722067039107,1.0047095761381477
1594,AAPL,2016-10-25,115.48,115.89,114.87,115.78,39372794,-0.0225427534980134,115.2,114.17,114.62,0.5034722222222232,0.9021634404834832,-0.3926016402024057,114.94142857142856,112.53566666666669,0.5120360850557036,1.9927328027063345,23201534.0,24848719.0,0.6969909834410086,1.124623620936275,1.0213777727188291,1.0088796030295115,1.0025978524419812
1595,AAPL,2016-10-26,111.93,113.28,110.94,113.17,65731885,-0.009454802509499,115.78,115.2,114.17,-2.254275349801349,0.5034722222222232,0.9021634404834832,114.66428571428573,112.66,0.8311609780582793,1.9074626583754624,39372794.0,31028465.0,0.6694747393339675,1.0457643882224663,1.0177905708706347,1.0210924824229313,1.011078352541767
1596,AAPL,2016-10-27,112.97,113.44,111.73,112.1,28622558,-0.0066904549509366,113.17,115.78,115.2,-0.9454802509499038,-2.254275349801349,0.5034722222222232,114.24571428571429,112.625,1.2490243811792257,1.9077948093220336,65731885.0,31901936.57142857,-0.5645559533246308,0.8611404806990147,1.014390359917552,1.015304752528417,0.9922988404001062
1597,AAPL,2016-10-28,111.5,112.81,111.08,111.35,35517569,-0.0016165244723843,112.1,113.17,115.78,-0.6690454950936675,-0.9454802509499038,-2.254275349801349,113.77,112.58566666666668,1.6316045272527262,1.9219327257456715,28622558.0,34126568.28571428,0.2408942974279238,0.863943642130716,1.0105193970813338,1.01557436082103,0.9986547085201792
1598,AAPL,2016-10-31,111.28,111.85,110.83,111.17,26982072,-0.0179904650535216,111.35,112.1,113.17,-0.1616524472384362,-0.6690454950936675,-0.9454802509499038,113.27714285714286,112.58433333333332,1.839834361079481,1.922933612518709,35517569.0,34535587.85714286,-0.2403176016917149,0.8371823736462974,1.0061536938870377,1.0092032843093024,0.9990115025161754
1599,AAPL,2016-11-01,111.09,111.4,108.23,109.17,44759202,0.0009160025648071,111.17,111.35,112.1,-1.7990465053521645,-0.1616524472384362,-0.6690454950936675,112.56285714285714,112.51666666666668,2.338444741605431,2.007197966856845,26982072.0,37741087.71428572,0.6588496984219745,0.8994810168163307,1.0004105211926275,1.0292894761156797,0.9827167161760736
1600,AAPL,2016-11-02,109.08,110.01,108.91,109.27,28935110,-0.0107989384094444,109.17,111.17,111.35,0.0916002564807172,-1.7990465053521645,-0.1616524472384362,111.71571428571428,112.453,2.297635430490851,2.0800284315016944,44759202.0,38560170.0,-0.353538295879359,0.8998693145969294,0.9934436100923434,1.01010008263704,1.0017418408507517
1601,AAPL,2016-11-03,109.23,109.7,107.82,108.09,27365705,-0.0090665186418725,109.27,109.17,111.17,-1.0798938409444458,0.0916002564807172,-1.7990465053521645,110.61714285714284,112.315,1.819072238681619,2.227444414723513,28935110.0,36844871.571428575,-0.05423877773404,0.8983311407975925,0.9848830775688274,1.0174364681877204,0.9895633067838506
1602,AAPL,2016-11-04,106.82,108.5,106.4,107.11,31332886,0.014471104472038,108.09,109.27,109.17,-0.9066518641872578,-1.0798938409444458,0.0916002564807172,109.75142857142858,112.20666666666668,1.8434969358258615,2.398287224080701,27365705.0,31930728.85714286,0.1449690771715912,0.8633079222102508,0.9781186076712188,1.019736842105263,1.0027148474068528
1603,AAPL,2016-11-07,108.33,108.76,107.73,108.66,32097231,0.0059819620835634,107.11,108.09,109.27,1.4471104472038032,-0.9066518641872578,-1.0798938409444458,109.26,112.14466666666668,1.5478910383761146,2.466467155645573,31332886.0,32427110.714285716,0.024394337629799,0.907445116877571,0.9742772728083368,1.0095609393855007,1.0030462475768485
1604,AAPL,2016-11-08,108.56,109.95,107.96,109.31,23340607,-0.0016466928917757,108.66,107.11,108.09,0.5981962083563497,1.4471104472038032,-0.9066518641872578,108.96857142857144,112.09766666666664,1.2527094445239046,2.5076416772741874,32097231.0,30687544.714285716,-0.2728155584511325,0.9143189760298164,0.9720859913400348,1.018432752871434,1.0069086219602064
1605,AAPL,2016-11-09,108.14,109.56,106.34,109.13,56639402,-0.0279483185191972,109.31,108.66,107.11,-0.1646692891775769,0.5981962083563497,1.4471104472038032,108.67714285714284,112.016,0.8165928052231783,2.564335767996809,23340607.0,34924306.14285714,1.4266464878141345,0.9014330961035342,0.9701930336482544,1.0302802332142185,1.0091547993341965
1606,AAPL,2016-11-10,109.34,109.34,104.16,106.08,57233876,0.0060331825037707,109.13,109.31,108.66,-2.7948318519197213,-0.1646692891775769,0.5981962083563497,108.23571428571428,111.89033333333332,1.234177960471544,2.75911965386808,56639402.0,36706402.42857143,0.0104957675930263,0.9956129426312658,0.9673374907488071,1.049731182795699,0.970184744832632
1607,AAPL,2016-11-11,105.42,107.14,104.86,106.72,34260819,-0.0251124437781108,106.08,109.13,109.31,0.6033182503770718,-2.7948318519197213,-0.1646692891775769,107.87142857142858,111.75833333333334,1.2541853740175033,2.9096404367649367,57233876.0,37467218.0,-0.4013891528157205,0.9914196562849628,0.9652204480330646,1.0217432767499524,1.0123316258774426
1608,AAPL,2016-11-14,106.01,106.1,102.43,104.04,51998455,0.0131680123029602,106.72,106.08,109.13,-2.511244377811084,0.6033182503770718,-2.7948318519197213,107.29285714285712,111.55366666666669,1.9029250667176256,3.223507923571245,34260819.0,40986182.28571428,0.5177236422748679,1.0825434785870771,0.961804845585746,1.0358293468710338,0.98141684746722
1609,AAPL,2016-11-15,104.88,105.98,104.48,105.41,32783355,0.0269424153306139,104.04,106.72,106.08,1.3168012302960277,-2.511244377811084,0.6033182503770718,107.05,111.37966666666668,2.03410914161912,3.41054296752388,51998455.0,41193392.14285714,-0.3695321332143426,1.1120237094380985,0.9611269561469928,1.0143568147013782,1.0050533943554538
1610,AAPL,2016-11-16,105.01,108.48,104.91,108.25,59075293,-0.0003695150115473,105.41,104.04,106.72,2.694241533061392,1.3168012302960277,-2.511244377811084,106.9914285714286,111.29866666666666,1.985341520343396,3.456282369264005,32783355.0,45047401.0,0.8019904613179463,1.227631589746461,0.9613001824349072,1.034029167858164,1.0308542043614892
1611,AAPL,2016-11-17,108.07,108.6,107.1,108.21,26926203,0.0009241290084096,108.25,105.41,104.04,-0.0369515011547361,2.694241533061392,1.3168012302960277,106.8342857142857,111.18833333333332,1.8067360731755229,3.501509116359298,59075293.0,45559629.0,-0.5442053414783741,1.2177344750180026,0.9608407870815496,1.0140056022408963,1.0012954566484686
1612,AAPL,2016-11-18,107.98,108.79,107.92,108.31,26701564,0.0152340504108576,108.21,108.25,105.41,0.0924129008409657,-0.0369515011547361,2.694241533061392,106.71714285714286,111.07566666666666,1.6531355488512176,3.538988442393609,26926203.0,41282795.0,-0.0083427655952827,1.217366217160352,0.9607607683994052,1.0080615270570794,1.0030561215039822
1613,AAPL,2016-11-21,108.37,110.22,108.27,109.96,27750355,0.0006365951255002,108.31,108.21,108.25,1.523405041085768,0.0924129008409657,-0.0369515011547361,107.2714285714286,110.95333333333332,2.0148070922711394,3.5109673815084403,26701564.0,37070863.42857143,0.0392782610037374,1.2068629078583226,0.9668157354872492,1.0180105292324744,1.0146719571837224
1614,AAPL,2016-11-22,110.18,110.63,109.64,110.03,22763071,-0.0050895210397164,109.96,108.31,108.21,0.0636595125500294,1.523405041085768,0.0924129008409657,107.74428571428572,110.825,2.2396864151290705,3.470431504522089,27750355.0,35428328.0,-0.1797196468297432,1.2057600702934257,0.9722019915568304,1.009029551258665,0.9986385913958976
1615,AAPL,2016-11-23,109.6,109.75,108.58,109.47,25113722,0.0050242075454463,110.03,109.96,108.31,-0.5089521039716494,0.0636595125500294,1.523405041085768,108.52,110.644,1.5885737838341505,3.391269317851376,22763071.0,31587651.85714286,0.1032659872650751,1.1926618324605731,0.9808032970608438,1.010775465094861,0.9988138686131388
1616,AAPL,2016-11-25,109.38,110.1,109.2,110.02,11243972,-0.0019087438647518,109.47,110.03,109.96,0.5024207545446302,-0.5089521039716494,0.0636595125500294,109.17857142857144,110.49333333333334,0.8834860604820574,3.311682907247334,25113722.0,28510597.14285714,-0.552277754766896,1.1981985472522665,0.9881009843300176,1.0082417582417582,1.005851161089779
1617,AAPL,2016-11-28,109.67,110.68,109.63,109.81,25507986,-0.0010017302613605,110.02,109.47,110.03,-0.1908743864751816,0.5024207545446302,-0.5089521039716494,109.40142857142855,110.31433333333332,0.8033353092365066,3.1926150597172627,11243972.0,23715267.57142857,1.2685920953912015,1.191197154880674,0.9917245136300986,1.0095776703457084,1.001276556943558
1618,AAPL,2016-11-29,109.03,110.26,108.32,109.7,28114816,-0.0084776663628076,109.81,110.02,109.47,-0.1001730261360522,-0.1908743864751816,0.5024207545446302,109.61428571428571,110.134,0.6089022128227204,3.062533996995273,25507986.0,23885069.42857143,0.1021966218736358,1.1911146658930545,0.9952810731861708,1.017909896602659,1.006145097679538
1619,AAPL,2016-11-30,109.84,110.42,108.52,108.77,33487474,-0.0092856486163462,109.7,109.81,110.02,-0.8477666362807668,-0.1001730261360522,-0.1908743864751816,109.68,109.92533333333334,0.4483302354498345,2.9277374262004483,28114816.0,24854485.14285714,0.1910970358120074,1.1976802482554747,0.9977681820387172,1.017508293402138,0.9902585579024036
1620,AAPL,2016-12-01,108.62,109.19,107.3,107.76,35443246,0.0037119524870081,108.77,109.7,109.81,-0.9285648616346288,-0.8477666362807668,-0.1001730261360522,109.36571428571428,109.69466666666668,0.8289120810518593,2.810469016364925,33487474.0,25953469.57142857,0.0584030912573458,1.2053239650274843,0.9970011998673372,1.017614165890028,0.9920824894126312
1621,AAPL,2016-12-02,107.44,108.34,107.12,108.16,24243808,-0.0072115384615384,107.76,108.77,109.7,0.3711952487008174,-0.9285648616346288,-0.8477666362807668,109.09857142857142,109.47933333333332,0.8789658425669469,2.663732063429113,35443246.0,26165003.42857143,-0.3159822889810939,1.2095884235168894,0.9965220659172028,1.0113890963405527,1.0067014147431124
1622,AAPL,2016-12-05,108.26,108.29,106.54,107.38,32817489,0.0077295585770162,108.16,107.76,108.77,-0.7211538461538436,0.3711952487008174,-0.9285648616346288,108.8,109.253,1.066692708024099,2.5368771870278137,24243808.0,27265541.57142857,0.3536441552416187,1.2130052305641477,0.9958536607690408,1.016425755584757,0.991871420653981
1623,AAPL,2016-12-06,107.77,108.61,107.46,108.21,25593403,0.0098881803899824,107.38,108.16,107.76,0.7729558577016293,-0.7211538461538436,0.3711952487008174,108.54142857142855,109.02,0.9326204760776968,2.2798139670006217,32817489.0,29315460.285714287,-0.2201291512583427,1.2091911802603337,0.9956102418953272,1.0107016564302995,1.0040827688596083
1624,AAPL,2016-12-07,107.53,109.43,107.43,109.28,29781884,0.0097913616398241,108.21,107.38,108.16,0.9888180389982404,0.7729558577016293,-0.7211538461538436,108.46571428571428,108.80333333333331,0.8281275494231979,1.8909098947010217,25593403.0,29926017.14285714,0.1636547121146805,1.2221240353973375,0.9968969788215524,1.0186167737131155,1.016274528038687
1625,AAPL,2016-12-08,109.11,110.64,108.85,110.35,26299711,0.0163117353874038,109.28,108.21,107.38,0.9791361639824192,0.9888180389982404,0.7729558577016293,108.55857142857144,108.70933333333332,1.0067675761561805,1.7295603055597335,29781884.0,29666716.42857143,-0.1169225224300786,1.1750266246699768,0.998613165032485,1.0164446485989895,1.0113646778480432
1626,AAPL,2016-12-09,110.53,112.88,110.53,112.15,33899172,-0.0057066428889879,110.35,109.28,108.21,1.6311735387403823,0.9791361639824192,0.9888180389982404,109.04142857142855,108.711,1.6981895121175707,1.7329610895586212,26299711.0,29725530.42857143,0.288956064954478,1.2032175263774874,1.0030395136778116,1.0212611960553697,1.0146566543019997
1627,AAPL,2016-12-12,111.5,113.17,110.7,111.51,26334256,0.0165904403192538,112.15,110.35,109.28,-0.5706642888987923,1.6311735387403823,0.9791361639824192,109.57714285714285,108.71633333333332,1.814108727780405,1.741587629508644,33899172.0,28424246.14285714,-0.2231593149236801,1.201439954760959,1.007917941098788,1.022312556458898,1.0000896860986548
1628,AAPL,2016-12-13,112.04,114.09,111.95,113.36,42609408,0.0,111.51,112.15,110.35,1.659044031925383,-0.5706642888987923,1.6311735387403823,110.32,108.78933333333332,2.167363990354485,1.887746208344651,26334256.0,31047903.285714287,0.6180220925930089,1.2378121503636352,1.014070006863418,1.0191156766413578,1.011781506604784
1629,AAPL,2016-12-14,113.21,114.36,113.15,113.36,32880126,0.0055575158786167,113.36,111.51,112.15,0.0,1.659044031925383,-0.5706642888987923,111.17428571428572,108.92900000000002,1.9863774158286167,2.063683265591603,42609408.0,31056851.42857143,-0.2283364744236765,1.186533444736751,1.020612377918513,1.010693769332744,1.0013249712922887
1630,AAPL,2016-12-15,113.55,114.89,113.4,113.99,44092267,0.001315904903939,113.36,113.36,111.51,0.5557515878616748,0.0,1.659044031925383,112.0,109.08633333333334,1.7341088008980652,2.2610624346369788,32880126.0,33699546.28571428,0.3410005484772169,1.1890061574651438,1.0267097314359577,1.0131393298059963,1.003874944958168
1631,AAPL,2016-12-16,114.63,114.66,113.82,114.14,39326480,0.0057823725249692,113.99,113.36,113.36,0.1315904903939069,0.5557515878616748,0.0,112.69428571428573,109.288,1.4053333785193969,2.4324422238579406,44092267.0,35063060.0,-0.1080866855859328,1.1662225892948148,1.0311679755717529,1.007380073800738,0.9957253773008812
1632,AAPL,2016-12-19,113.97,115.51,113.92,114.8,26726101,0.0027003484320557,114.14,113.99,113.36,0.578237252496927,0.1315904903939069,0.5557515878616748,113.33,109.54433333333331,1.1517522881905675,2.5947808137215627,39326480.0,35123972.85714286,-0.3204044450456791,1.1495402395687473,1.0345583066825303,1.0139571629213484,1.0072826182328682
1633,AAPL,2016-12-20,114.9,115.63,114.84,115.11,19184853,0.0008687342541915,114.8,114.14,113.99,0.2700348432055799,0.578237252496927,0.1315904903939069,113.75285714285714,109.75933333333334,1.189085282703776,2.779615370728217,26726101.0,33021927.285714287,-0.2821679076944294,1.1267015362538395,1.0363843664884125,1.0068791361894809,1.0018276762402087
1634,AAPL,2016-12-21,114.96,115.53,114.94,115.21,21988995,-0.0065966495963891,115.11,114.8,114.14,0.0868734254191538,0.2700348432055799,0.578237252496927,114.28142857142858,109.956,0.7768189100855968,2.9502140191202813,19184853.0,32401175.714285716,0.1461643724869823,1.1243124383745664,1.0393378130472968,1.0051331129284844,1.0021746694502436
1635,AAPL,2016-12-22,114.51,114.67,113.81,114.45,25566176,0.0020096111839231,115.21,115.11,114.8,-0.659664959638917,0.0868734254191538,0.2700348432055799,114.43714285714285,110.13333333333334,0.6621106223354557,3.0568152610557005,21988995.0,29966428.285714287,0.1626805135932769,1.1331652441413549,1.0390781736423382,1.0075564537386872,0.999476028294472
1636,AAPL,2016-12-23,113.76,114.68,113.76,114.68,13998412,0.0063655388908265,114.45,115.21,115.11,0.2009611183923176,-0.659664959638917,0.0868734254191538,114.62571428571428,110.42,0.4619111438154432,3.06682358419014,25566176.0,27269040.57142857,-0.4524635987798879,0.9857488762395776,1.038088338034,1.0080872011251758,1.0080872011251758
1637,AAPL,2016-12-27,114.68,115.93,114.65,115.41,17786684,-0.0042457326054934,114.68,114.45,115.21,0.6365538890826583,0.2009611183923176,-0.659664959638917,114.82857142857142,110.70966666666666,0.4477882152684375,3.1153108920324635,13998412.0,23511100.14285714,0.2706215533590523,0.9861609579331422,1.0372045629430562,1.0111644134321849,1.0063655388908266
1638,AAPL,2016-12-28,115.65,116.15,114.36,114.92,19619378,-0.0002610511660285,115.41,114.68,114.45,-0.4245732605493435,0.6365538890826583,0.2009611183923176,114.94,111.07233333333332,0.3292415526919715,2.940480471333205,17786684.0,20695799.85714286,0.1030374183293525,0.8473418530639326,1.0348211525822513,1.0156523259881078,0.9936878512753998
1639,AAPL,2016-12-29,114.61,115.26,114.56,114.89,14988280,-0.0078335799460353,114.92,115.41,114.68,-0.0261051166028591,-0.4245732605493435,0.6365538890826583,114.95285714285716,111.38833333333334,0.3245876505293519,2.817820242587044,19619378.0,19018968.285714287,-0.2360471366625384,0.8289884615929051,1.0320008721098004,1.0061103351955307,1.0024430677951313
1640,AAPL,2016-12-30,114.81,115.35,113.6,113.99,31078121,0.0028072637950697,114.89,114.92,115.41,-0.7833579946035396,-0.0261051166028591,-0.4245732605493435,114.79285714285716,111.57966666666668,0.4752793664882527,2.792134868954192,14988280.0,20718006.57142857,1.0734948239557842,0.7168746394247482,1.0287972761720967,1.0154049295774648,0.9928577650030485
1641,AAPL,2017-01-03,113.97,114.49,112.93,114.31,28186251,-0.001049776922404,113.99,114.89,114.92,0.2807263795069792,-0.7833579946035396,-0.0261051166028591,114.66428571428573,111.783,0.4652546665868969,2.760211323742656,31078121.0,21603328.85714286,-0.0930516359081039,0.7159839101005597,1.025775705735986,1.0138138669972547,1.0029832412038255
1642,AAPL,2017-01-04,114.02,114.67,113.92,114.19,20850505,0.0050792538751203,114.31,113.99,114.89,-0.1049776922404044,0.2807263795069792,-0.7833579946035396,114.62714285714289,111.979,0.494661981770837,2.713463685477812,28186251.0,20929661.57142857,-0.2602597273401135,0.717772995799495,1.0236485667593287,1.0065835674157304,1.001490966497106
1643,AAPL,2017-01-05,114.09,115.02,113.98,114.77,22044719,0.0110656094798293,114.19,114.31,113.99,0.5079253875120315,-0.1049776922404044,0.2807263795069792,114.64,112.13933333333333,0.4974267115388058,2.732093971893609,20850505.0,22079134.0,0.057275063601577,0.6748396319120933,1.022299639139404,1.0091244077908403,1.005960206854238
1644,AAPL,2017-01-06,114.94,116.29,114.63,116.04,31419514,0.0092209582902447,114.77,114.19,114.31,1.1065609479829377,0.5079253875120315,-0.1049776922404044,114.73,112.33966666666666,0.6825198409953556,2.7917841080105297,22044719.0,24026681.14285714,0.425262621855148,0.6970024437452639,1.0212777321159936,1.0144813748582395,1.009570210544632
1645,AAPL,2017-01-09,116.08,117.54,116.07,117.11,32145605,0.0010246776534881,116.04,114.77,114.19,0.9220958290244718,1.1065609479829377,0.5079253875120315,115.04285714285712,112.59433333333332,1.1356454007345378,2.868395782978545,31419514.0,25816142.14285714,0.02310955541833,0.697211269649234,1.021746421307678,1.0126647712587231,1.0088731909028257
1646,AAPL,2017-01-10,116.89,117.49,116.43,117.23,21526096,0.0053740510108333,117.11,116.04,114.77,0.1024677653488126,0.9220958290244718,1.1065609479829377,115.37714285714286,112.83466666666666,1.3973870173325478,2.946257396031644,32145605.0,26750115.85714286,-0.3303564826358066,0.6955945296715879,1.0225327575787246,1.0091041827707634,1.0029087175977416
1647,AAPL,2017-01-11,116.86,118.03,116.72,117.86,26871766,-0.0041574749703037,117.23,117.11,116.04,0.5374051010833325,0.1024677653488126,0.9220958290244718,115.93,113.103,1.5175089236483872,3.0267646890288,21526096.0,26149208.0,0.2483343937516584,0.6936779403865599,1.024994916138387,1.0112234407128171,1.0085572479890468
1648,AAPL,2017-01-12,117.01,117.41,116.34,117.37,27099166,-0.0017892135980234,117.86,117.23,117.11,-0.415747497030372,0.5374051010833325,0.1024677653488126,116.36714285714288,113.35866666666666,1.4099966227653506,3.0532274990430235,26871766.0,25993910.14285714,0.0084624136724025,0.701339894286099,1.0265394458045514,1.009197180677325,1.00307666011452
1649,AAPL,2017-01-13,117.23,117.73,116.93,117.16,25804433,0.0080232161147149,117.37,117.86,117.23,-0.178921359802342,-0.415747497030372,0.5374051010833325,116.79142857142855,113.63833333333332,1.0453935235435954,3.0022498268767484,27099166.0,26701614.14285714,-0.0477775958123581,0.6761449540204003,1.0277467571514476,1.0068417001624903,0.9994028832210184
1650,AAPL,2017-01-17,116.47,118.33,116.35,118.1,32437894,-8.467400508038736e-05,117.16,117.37,117.86,0.8023216114714904,-0.178921359802342,-0.415747497030372,117.26714285714286,113.983,0.6581720718853213,2.895772364361509,25804433.0,28186353.42857143,0.2570667218303148,0.6452345173107202,1.028812567287603,1.0170176192522562,1.0139950201768697
1651,AAPL,2017-01-18,118.1,118.59,117.82,118.09,22940226,-0.0016936235074943,118.1,117.16,117.37,-0.0084674005080387,0.8023216114714904,-0.178921359802342,117.56000000000002,114.314,0.4415880433383511,2.7721068795623798,32437894.0,26975026.57142857,-0.2927954570663558,0.6476687264563238,1.0283954721206503,1.0065353929723309,0.9999153259949196
1652,AAPL,2017-01-19,117.51,118.19,117.48,117.89,24226408,0.0017813215709558,118.09,118.1,117.16,-0.1693623507494357,-0.0084674005080387,0.8023216114714904,117.67142857142858,114.66433333333336,0.4060963995576627,2.518059848830397,22940226.0,25843712.714285716,0.0560666664748639,0.6252565191088246,1.026225201426441,1.0060435818862783,1.0032337673389498
1653,AAPL,2017-01-20,118.54,118.54,117.85,118.1,28871584,0.0007620660457239,117.89,118.09,118.1,0.1781321570955896,-0.1693623507494357,-0.0084674005080387,117.79571428571428,114.994,0.3808261695944785,2.2800719891825696,24226408.0,26893068.14285714,0.1917401869893382,0.6195940550278642,1.024364004084685,1.005854900296988,0.9962881727686856
1654,AAPL,2017-01-23,118.1,118.9,117.88,118.19,19773986,-0.0010153143243929,118.1,117.89,118.09,0.076206604572393,0.1781321570955896,-0.1693623507494357,117.84285714285714,115.291,0.4094595741664638,2.081788604324733,28871584.0,25879099.57142857,-0.315105606952497,0.6065601102316367,1.0221340533333665,1.008652867322701,1.000762066045724
1655,AAPL,2017-01-24,117.66,118.2,117.61,118.07,22955721,0.0159227576861185,118.19,118.1,117.89,-0.1015314324392946,0.076206604572393,0.1781321570955896,117.94285714285714,115.54833333333332,0.3568246201473016,1.9208853621977289,19773986.0,25287178.85714286,0.1609050901522839,0.5945575602952443,1.0207231358553317,1.0050165802227702,1.0034846166921638
1656,AAPL,2017-01-25,118.51,120.17,118.37,119.95,32181237,0.000500208420175,118.07,118.19,118.1,1.5922757686118505,-0.1015314324392946,0.076206604572393,118.34142857142857,115.80833333333334,0.715039126482239,1.972240251386288,22955721.0,26198150.85714286,0.4018830861378739,0.5914247543904014,1.0218731689264895,1.0152065557151304,1.0121508733440217
1657,AAPL,2017-01-26,119.74,120.51,119.68,120.01,25763704,8.332638946750848e-05,119.95,118.07,118.19,0.0500208420175063,1.5922757686118505,-0.1015314324392946,118.61428571428571,116.09166666666668,0.9374052333159616,1.9437984203212564,32181237.0,25244695.14285714,-0.1994184685939822,0.5731670294883202,1.021729544592225,1.0069351604278074,1.0022548855854352
1658,AAPL,2017-01-27,120.21,120.42,119.68,120.02,20442567,-0.0026662222962838,120.01,119.95,118.07,0.0083326389467508,0.0500208420175063,1.5922757686118505,118.89,116.31366666666666,1.0361306224054438,2.0005473101685736,25763704.0,24887886.714285716,-0.2065361797356467,0.5084977997394768,1.0221498763401262,1.0061831550802138,0.9984194326595124
1659,AAPL,2017-01-30,119.02,119.7,118.75,119.7,30221237,-0.0022556390977442,120.02,120.01,119.95,-0.2666222296283882,0.0083326389467508,0.0500208420175063,119.14857142857144,116.525,0.9686318284401394,2.012604677078865,20442567.0,25744290.85714286,0.4783484383345791,0.5142615979876207,1.0225150948600852,1.008,1.005713325491514
1660,AAPL,2017-01-31,119.23,119.47,118.71,119.43,40551991,0.0608724776019424,119.7,120.02,120.01,-0.2255639097744288,-0.2666222296283882,0.0083326389467508,119.33857142857144,116.70633333333332,0.8521038389777681,2.0213779583659104,30221237.0,27412920.42857143,0.3418375627708423,0.5145089382395254,1.0225543723297343,1.0064021565158792,1.0016774301769689
1661,AAPL,2017-02-01,125.02,128.43,125.0,126.7,112035964,-0.0015785319652723,119.43,119.7,120.02,6.087247760194248,-0.2255639097744288,-0.2666222296283882,120.55428571428573,117.125,2.7952987743915942,2.668603858146981,40551991.0,40593203.0,1.762773448041059,1.1986224764937468,1.0292788534837627,1.02744,1.013437849944009
1662,AAPL,2017-02-02,125.95,127.34,125.76,126.5,32642923,0.0041897233201582,126.7,119.43,119.7,-0.1578531965272356,6.087247760194248,-0.2255639097744288,121.75857142857144,117.515,3.3143598103406124,3.1318384487323607,112035964.0,41977089.0,-0.7086388884911992,1.2014325840061109,1.0361108916186992,1.012563613231552,1.004366812227074
1663,AAPL,2017-02-03,126.28,127.14,126.14,127.03,24901403,0.0094465874202942,126.5,126.7,119.43,0.4189723320158212,-0.1578531965272356,6.087247760194248,122.77,117.91233333333334,3.72527403913953,3.545073982334173,32642923.0,40937112.71428572,-0.237157683458678,1.2014806372243745,1.041197273680729,1.0079276993816395,1.005939182768451
1664,AAPL,2017-02-06,127.08,128.44,126.87,128.23,26535136,0.0094361693831397,127.03,126.5,126.7,0.944658742029425,0.4189723320158212,-0.1578531965272356,123.94428571428573,118.34633333333332,3.995984889625552,3.9738797886581088,24901403.0,41047317.28571428,0.0656080703565176,1.2055536625817131,1.0473014433424417,1.0123748719161343,1.0090494176896443
1665,AAPL,2017-02-07,128.48,130.0,128.39,129.44,36819227,0.0039400494437575,128.23,127.03,126.5,0.9436169383139736,0.944658742029425,0.4189723320158212,125.29,118.846,4.040082507410887,4.387906263732521,26535136.0,43386840.14285714,0.3875650382948856,1.194076329617221,1.0542214294128536,1.012539917439053,1.0074719800747198
1666,AAPL,2017-02-08,129.27,130.13,129.14,129.95,21807865,0.0072335513659098,129.44,128.23,127.03,0.3940049443757587,0.9436169383139736,0.944658742029425,126.75428571428571,119.355,3.4974317107628656,4.758037664183191,36819227.0,42184929.85714286,-0.4077044311658145,1.193387568879255,1.061993931668432,1.007666098807496,1.0052603078827258
1667,AAPL,2017-02-09,130.13,130.91,129.6,130.89,24315896,-0.0022156008862402,129.95,129.44,128.23,0.7233551365909863,0.3940049443757587,0.9436169383139736,128.39142857142858,119.871,1.7363508532942802,5.139550060810665,21807865.0,39865487.71428572,0.1150058018059081,1.1940251933922288,1.071079982409662,1.010108024691358,1.005840313532621
1668,AAPL,2017-02-10,130.93,131.4,130.53,130.6,19547142,0.0088055130168454,130.89,129.95,129.44,-0.2215600886240287,0.7233551365909863,0.3940049443757587,128.94857142857143,120.39366666666666,1.7288476756891908,5.408925881854454,24315896.0,26652798.85714286,-0.1961167295665353,1.1895989496985375,1.071057764073177,1.0066651344518502,0.9974795692354692
1669,AAPL,2017-02-13,131.54,132.27,131.21,131.75,22372021,0.0129032258064514,130.6,130.89,129.95,0.8805513016845401,-0.2215600886240287,0.7233551365909863,129.69857142857143,120.95566666666669,1.625242839004717,5.6861554088264255,19547142.0,25185527.14285714,0.1445162162325315,1.1890268539259543,1.072281894704435,1.0080786525417271,1.0015964725558766
1670,AAPL,2017-02-14,131.93,133.52,131.71,133.45,31422950,0.0036717871862121,131.75,130.6,130.89,1.2903225806451424,0.8805513016845401,-0.2215600886240287,130.6157142857143,121.60433333333334,1.678906957353691,5.967161101326833,22372021.0,26117176.714285716,0.4045646568989005,1.174189770205344,1.0741041104816518,1.013742312656594,1.0115212612749185
1671,AAPL,2017-02-15,133.95,134.7,133.07,133.94,34025535,-0.0011945647304762,133.45,131.75,130.6,0.3671787186212194,1.2903225806451424,0.8805513016845401,131.43142857142857,122.25866666666668,1.7133731698231636,6.211002880501815,31422950.0,27187233.714285716,0.0828243369893659,1.173654687793029,1.0750274982940151,1.0122491921545052,0.999925345278089
1672,AAPL,2017-02-16,134.1,134.33,133.28,133.78,21789666,0.0027657347884586,133.94,133.45,131.75,-0.1194564730476299,0.3671787186212194,1.2903225806451424,132.05142857142854,122.91166666666666,1.6569593494520924,6.361429075691256,34025535.0,25040153.57142857,-0.3596084234972352,1.1739303450751863,1.0743604098181232,1.0078781512605044,0.997613721103654
1673,AAPL,2017-02-17,133.53,134.26,133.53,134.15,21373610,0.0072307118896757,133.78,133.94,133.45,0.2765734788458651,-0.1194564730476299,0.3671787186212194,132.65142857142857,123.55766666666666,1.5243078054437884,6.488875192539956,21789666.0,24978117.14285714,-0.0190941889609506,1.1748780520173396,1.0735993334132394,1.0054669362690032,1.0046431513517562
1674,AAPL,2017-02-21,134.66,135.17,134.41,135.12,22189166,0.0030343398460628,134.15,133.78,133.94,0.7230711889675723,0.2765734788458651,-0.1194564730476299,133.25571428571428,124.19366666666666,1.547911034734001,6.659442082529687,21373610.0,24674298.57142857,0.0381571479969926,1.1704429066396806,1.072967067180406,1.0056543411948515,1.0034160106935988
1675,AAPL,2017-02-22,134.86,135.54,134.54,135.53,17802516,-0.0045008485206228,135.12,134.15,133.78,0.3034339846062828,0.7230711889675723,0.2765734788458651,133.96,124.80766666666666,1.2263495967122144,6.830764930827478,22189166.0,24425066.285714287,-0.1976933247513673,1.1684736591358649,1.0733314994004108,1.0074327337594768,1.0049681150823075
1676,AAPL,2017-02-23,135.79,135.88,134.73,134.92,18825464,0.0011858879335904,135.53,135.12,134.15,-0.4500848520622824,0.3034339846062828,0.7230711889675723,134.41285714285715,125.39733333333334,0.7773397859881689,6.91706581869961,17802516.0,23918415.285714287,0.0574608667673715,1.1791722189876022,1.0718956581441696,1.0085355896979145,0.9935930480889608
1677,AAPL,2017-02-24,134.34,135.08,133.71,135.08,21476672,0.0019988155167307,134.92,135.53,135.12,0.1185887933590423,-0.4500848520622824,0.3034339846062828,134.6457142857143,125.97133333333332,0.6787207855848751,6.984185452633273,18825464.0,22497518.42857143,0.1408309510990009,1.1808991596235092,1.068859959824571,1.010246054894922,1.0055084114932262
1678,AAPL,2017-02-27,135.56,135.84,134.71,135.35,19361217,0.0004432951606945,135.08,134.92,135.53,0.1998815516730756,0.1185887933590423,-0.4500848520622824,134.84714285714284,126.57066666666668,0.6426433507113958,6.992081695516311,21476672.0,20402615.85714286,-0.0985001307465142,1.1704205315570897,1.065390160362139,1.0083883898745454,0.9984508704632634
1679,AAPL,2017-02-28,135.5,135.84,135.12,135.41,21396929,0.0204563916992837,135.35,135.08,134.92,0.0443295160694523,0.1998815516730756,0.1185887933590423,135.07999999999998,127.179,0.4612302389875145,6.938791681553253,19361217.0,20346510.57142857,0.1051438037185368,1.1667732078797413,1.0621250363660666,1.0053285968028418,0.9993357933579337
1680,AAPL,2017-03-01,136.29,138.52,136.0,138.18,35409768,-0.0059342886090606,135.41,135.35,135.08,2.0456391699283705,0.0443295160694523,0.1998815516730756,135.65571428571428,127.84833333333331,1.1329439106969106,7.001013760745907,21396929.0,22351676.0,0.6548995418922032,1.1998585968224305,1.0610675223432526,1.018529411764706,1.0138674884437595
1681,AAPL,2017-03-02,138.37,138.65,137.16,137.36,25867137,0.0058969132207336,138.18,135.41,135.35,-0.5934288609060645,2.0456391699283705,0.0443295160694523,135.9757142857143,128.49066666666667,1.2650541114060323,6.958697328217385,35409768.0,22877100.42857143,-0.2694914860780788,1.2136108542961714,1.0582536289461826,1.0108632254301546,0.9927007299270074
1682,AAPL,2017-03-03,137.18,138.22,136.99,138.17,20213907,-0.0031844828834044,137.36,138.18,135.41,0.5896913220733602,-0.5934288609060645,2.0456391699283705,136.35285714285712,129.16666666666666,1.4845169167826917,6.877967489135276,25867137.0,23221584.85714286,-0.2185487323162204,1.2068085103266912,1.0556350230414746,1.0089787575735454,1.007216795451232
1683,AAPL,2017-03-06,137.75,138.16,137.0,137.73,19165899,0.0013069048137661,138.17,137.36,138.18,-0.3184482883404449,0.5896913220733602,-0.5934288609060645,136.75428571428571,129.821,1.41056557384578,6.720790363003514,20213907.0,23270218.42857143,-0.0518458900597494,1.215281052818167,1.0534065036803424,1.0084671532846714,0.9998548094373864
1684,AAPL,2017-03-07,137.46,138.35,137.19,137.91,16882562,-0.003698063954753,137.73,138.17,137.36,0.1306904813766163,-0.3184482883404449,0.5896913220733602,137.15857142857143,130.47833333333332,1.2467615191920485,6.504880970223381,19165899.0,22613917.0,-0.1191353977186251,1.2146343063572154,1.051198064265368,1.0084554267803776,1.003273679615888
1685,AAPL,2017-03-08,137.35,138.19,137.22,137.4,18180205,-0.0023289665211062,137.91,137.73,138.17,-0.3698063954753028,0.1306904813766163,-0.3184482883404449,137.45142857142858,131.12266666666667,0.9586001699030492,6.182786411973539,16882562.0,22445201.0,0.0768629192654526,1.2203618248471766,1.0482659639683087,1.007068940387699,1.0003640334910813
1686,AAPL,2017-03-09,137.14,137.19,135.47,137.08,20855801,0.0033557046979864,137.4,137.91,137.73,-0.2328966521106257,-0.3698063954753028,0.1306904813766163,137.69,131.69366666666667,0.425362590453454,5.899908522570952,18180205.0,22367897.0,0.1471708377325777,1.21018774266949,1.0455324351208992,1.0126965379788884,0.999562490885227
1687,AAPL,2017-03-10,137.65,137.74,137.04,137.54,18704430,0.0004362367311327,137.08,137.4,137.91,0.3355704697986406,-0.2328966521106257,-0.3698063954753028,137.59857142857143,132.278,0.367306800560785,5.561216934547347,20855801.0,19981420.14285714,-0.1031545611698155,1.2080314876174925,1.040222647972992,1.0051079976649155,0.999200871776244
1688,AAPL,2017-03-13,137.56,137.82,137.22,137.6,17625458,-0.0015261627906977,137.54,137.08,137.4,0.0436236731132799,0.3355704697986406,-0.2328966521106257,137.63285714285715,132.864,0.3522174653265613,5.134904625914114,18704430.0,18804037.42857143,-0.0576853718611045,1.2075912449895918,1.0358927711257913,1.004372540445999,1.0002907822041291
1689,AAPL,2017-03-14,137.7,138.04,137.24,137.39,15488099,0.0104811121624575,137.6,137.54,137.08,-0.1526162790697727,0.0436236731132799,0.3355704697986406,137.52142857142857,133.45366666666666,0.2670473473715573,4.55393992610438,17625458.0,18128922.0,-0.1212654445631994,1.2053917270194778,1.0304807054490466,1.005829204313611,0.997748729121278
1690,AAPL,2017-03-15,137.8,139.12,137.42,138.83,25992231,0.0016567024418352,137.39,137.6,137.54,1.0481112162457509,-0.1526162790697727,0.0436236731132799,137.67857142857142,134.10033333333334,0.5662575554211724,3.810643427733206,15488099.0,19104112.285714287,0.6782066669382731,1.2025732352997265,1.026683290088054,1.0123708339397468,1.0074746008708273
1691,AAPL,2017-03-16,139.09,139.39,138.63,139.06,19456910,-0.0050337983604198,138.83,137.39,137.6,0.1656702441835245,1.0481112162457509,-0.1526162790697727,137.84285714285716,134.51233333333332,0.7734923892414591,3.6476262317334234,25992231.0,19471876.285714287,-0.2514336303028394,0.5807410626875101,1.0247599883742298,1.0054822188559474,0.9997843123157668
1692,AAPL,2017-03-17,139.37,139.37,138.27,138.36,38384215,0.0106244579358196,139.06,138.83,137.39,-0.5033798360419839,0.1656702441835245,1.0481112162457509,137.98,134.90766666666667,0.766963710586983,3.3823504206112536,19456910.0,22358163.42857143,0.9727806213833544,0.5936709337963788,1.022773600709621,1.0079554494828955,0.9927531032503408
1693,AAPL,2017-03-20,138.77,139.87,138.6,139.83,21793966,-0.011442465851391,138.36,139.06,138.83,1.0624457935819676,-0.5033798360419839,0.1656702441835245,138.37285714285716,135.33433333333332,0.9184718156887548,3.153973611212206,38384215.0,22492187.0,-0.4322154041706988,0.6094986102858407,1.0224519804744585,1.0091630591630592,1.0076385385890323
1694,AAPL,2017-03-21,140.48,141.14,138.12,138.23,39992202,0.0112855385950951,139.83,138.36,139.06,-1.1442465851391082,1.0624457935819676,-0.5033798360419839,138.47142857142856,135.66766666666666,0.8485561967670517,2.895054860217895,21793966.0,25533297.285714287,0.8350125901820715,0.6536684787613857,1.0206663973343826,1.0218650448885027,0.983983485193622
1695,AAPL,2017-03-22,138.23,139.97,138.15,139.79,26162591,-0.0035767937620716,138.23,139.83,138.36,1.128553859509518,-1.1442465851391082,1.0624457935819676,138.78428571428572,136.01266666666666,0.8769617464782089,2.7398589610470645,39992202.0,26752887.714285716,-0.3458076902092063,0.6612374165485988,1.0203776539019829,1.0131740861382554,1.0112855385950952
1696,AAPL,2017-03-23,139.63,139.95,138.98,139.29,20584245,-0.0020101945581161,139.79,138.23,139.83,-0.357679376207165,1.128553859509518,-1.1442465851391082,139.0557142857143,136.324,0.6338206145691565,2.5513696119035463,26162591.0,27480908.57142857,-0.213218407916861,0.6701212744788766,1.0200383959223194,1.0069794214994965,0.9975649931963044
1697,AAPL,2017-03-24,139.87,140.11,138.72,139.01,21671446,0.0017264944967989,139.29,139.79,138.23,-0.2010194558116129,-0.357679376207165,1.128553859509518,139.08142857142855,136.59466666666668,0.6267489814419673,2.379970636347892,20584245.0,26863653.57142857,0.0528171424310195,0.6680830736663982,1.018205409958138,1.010020184544406,0.99385143347394
1698,AAPL,2017-03-27,137.78,139.59,137.02,139.25,22479436,0.0207540394973069,139.01,139.29,139.79,0.1726494496798958,-0.2010194558116129,-0.357679376207165,139.10857142857142,136.88299999999998,0.6297732018262997,2.1406108538404025,21671446.0,27295443.0,0.0372836219604357,0.6633047601600319,1.0162589322894109,1.0187563859290614,1.0106691827551169
1699,AAPL,2017-03-28,139.28,142.38,138.99,142.14,33139331,0.0022513015336993,139.25,139.01,139.29,2.075403949730692,0.1726494496798958,-0.2010194558116129,139.64857142857142,137.22933333333333,1.2225441855976635,2.121923222200244,22479436.0,26546173.85714286,0.4742065147897838,0.7364197774027308,1.0176291616119837,1.0243902439024388,1.0205341757610566
1700,AAPL,2017-03-29,142.02,142.83,141.53,142.46,28380855,-0.0013337077074265,142.14,139.25,139.01,0.2251301533699345,2.075403949730692,0.1726494496798958,140.0242857142857,137.52966666666669,1.6253600333832805,2.2045775001156374,33139331.0,27487158.0,-0.1435899837567632,0.7100340240403078,1.0181387704055538,1.0091853317317885,1.00309815518941
1701,AAPL,2017-03-30,142.53,142.84,141.84,142.27,18920203,-0.0018977999578266,142.46,142.14,139.25,-0.1333707707426579,0.2251301533699345,2.075403949730692,140.60142857142858,137.80733333333333,1.5991083825282824,2.260735207438956,28380855.0,24476872.42857143,-0.3333462645857569,0.7123443187415043,1.020275374107536,1.0070501974055273,0.9981758226338316
1702,AAPL,2017-03-31,142.06,142.61,141.35,142.0,19012588,0.0002816901408451,142.27,142.46,142.14,-0.1897799957826684,-0.1333707707426579,0.2251301533699345,140.91714285714286,138.08133333333336,1.6300686517900012,2.2539126644224106,18920203.0,23455443.42857143,0.0048828757281305,0.7135592572636157,1.020537240301437,1.0089140431552883,0.9995776432493312
1703,AAPL,2017-04-03,142.05,142.46,141.39,142.04,20219441,0.007462686567164,142.0,142.27,142.46,0.0281690140845114,-0.1897799957826684,-0.1333707707426579,141.31,138.34433333333334,1.498643831388252,2.239643880762485,19012588.0,23403328.57142857,0.0634765240797308,0.7140980246530754,1.021436849599911,1.0075677204894269,0.9999296022527278
1704,AAPL,2017-04-04,141.59,143.22,141.51,143.1,19657127,-0.0051712089447937,142.04,142.0,142.27,0.746268656716409,0.0281690140845114,-0.1897799957826684,141.8942857142857,138.61033333333336,1.2247429273607016,2.3160720067007987,20219441.0,23115568.714285716,-0.0278105611327237,0.7147039525372818,1.0236919737654409,1.0120839516641933,1.010664594957271
1705,AAPL,2017-04-05,142.56,143.77,142.15,142.36,27332311,-0.0025288002247823,143.1,142.04,142.0,-0.5171208944793726,0.746268656716409,0.0281690140845114,142.33857142857144,138.83800000000002,0.3748078873314244,2.3384203332945965,19657127.0,23808836.57142857,0.3904529893915829,0.7259800732161772,1.025213352458055,1.011396412240591,0.9985970819304152
1706,AAPL,2017-04-06,142.63,142.86,141.79,142.0,20534685,-0.0022535211267604,142.36,143.1,142.04,-0.2528800224782301,-0.5171208944793726,0.746268656716409,142.31857142857143,139.074,0.3905734490112038,2.2860500492288924,27332311.0,22008172.85714286,-0.2487029362427494,0.7210803938863084,1.0233298203012169,1.0075463713943158,0.995582976933324
1707,AAPL,2017-04-07,142.07,142.52,141.61,141.68,16867174,-0.0011998870694523,142.0,142.36,143.1,-0.2253521126760471,-0.2528800224782301,-0.5171208944793726,142.20714285714286,139.29399999999998,0.4502115904942261,2.2045557844812618,20534685.0,20363361.285714287,-0.1786007917822941,0.7247024976381916,1.020913627702147,1.0064260998517054,0.9972548743577112
1708,AAPL,2017-04-10,141.94,142.22,141.24,141.51,16881122,-0.0106706239841706,141.68,142.0,142.36,-0.1199887069452398,-0.2253521126760471,-0.2528800224782301,142.09857142857143,139.49933333333334,0.5189228771270333,2.1093599835549983,16867174.0,20072064.0,0.0008269316484195,0.7264716857886946,1.01863262019344,1.0069385443217218,0.9969705509370156
1709,AAPL,2017-04-11,141.28,141.69,138.43,140.0,30734653,0.0012142857142856,141.51,141.68,142.0,-1.0670623984170624,-0.1199887069452398,-0.2253521126760471,141.81285714285715,139.65233333333336,0.9520629231036104,1.9639714924055744,16881122.0,21746644.714285716,0.8206522647013628,0.7596775986240607,1.0154707319094116,1.023549808567507,0.9909399773499432
1710,AAPL,2017-04-12,139.97,140.51,139.38,140.17,20112357,-0.0053506456445744,140.0,141.51,141.68,0.1214285714285612,-1.0670623984170624,-0.1199887069452398,141.54571428571427,139.71866666666665,1.124453306331555,1.9460530051475613,30734653.0,21731347.0,-0.3456130121267352,0.6664732224408955,1.0130766179110948,1.0081073324723775,1.001428877616632
1711,AAPL,2017-04-13,140.28,140.73,139.42,139.42,17342580,0.0055946062257925,140.17,140.0,141.51,-0.5350645644574437,0.1214285714285612,-1.0670623984170624,141.02,139.78733333333332,1.1368523797564685,1.8956482529319263,20112357.0,21400697.42857143,-0.1377151867381829,0.6646134082589598,1.0088181571053172,1.0093960694304978,0.9938694040490448
1712,AAPL,2017-04-17,139.85,140.25,139.24,140.2,15807795,-0.004493580599144,139.42,140.17,140.0,0.5594606225792553,-0.5350645644574437,0.1214285714285612,140.71142857142857,139.85500000000002,0.9970695156668612,1.8720093390553727,17342580.0,19754338.0,-0.0884980781406227,0.6637920745762238,1.006123689331297,1.0072536627405917,1.002502681444405
1713,AAPL,2017-04-18,139.78,140.41,139.48,139.57,14228494,-0.0037257290248619,140.2,139.42,140.17,-0.4493580599144064,0.5594606225792553,-0.5350645644574437,140.3642857142857,139.9163333333333,0.8910453999580155,1.829649454521297,15807795.0,18853453.57142857,-0.0999064701939771,0.6667266090168047,1.0032015731850634,1.006667622598222,0.9984976391472312
1714,AAPL,2017-04-19,140.25,140.37,138.82,139.05,16712357,0.0125134843581444,139.57,140.2,139.42,-0.3725729024861901,-0.4493580599144064,0.5594606225792553,139.98857142857142,139.95433333333332,0.7928730157294618,1.7981095117053507,14228494.0,18831336.85714286,0.1745696347062451,0.6708507913119098,1.0002446376215914,1.0111655381069011,0.9914438502673798
1715,AAPL,2017-04-20,139.59,141.26,139.53,140.79,22650719,-0.0011364443497406,139.05,139.57,140.2,1.2513484358144478,-0.3725729024861901,-0.4493580599144064,139.88571428571427,140.06733333333335,0.5810007786450798,1.7375506607992428,16712357.0,19655565.0,0.3553276177621145,0.7021319831981273,0.9987033447178804,1.0123987672901884,1.008596604341285
1716,AAPL,2017-04-21,140.79,141.02,140.22,140.63,16824648,0.0095996586788025,140.79,139.05,139.57,-0.1136444349740695,1.2513484358144478,-0.3725729024861901,139.97571428571428,140.18566666666666,0.6467317100515633,1.6455345705824072,22650719.0,17668421.42857143,-0.2572135127366155,0.7006140174284936,0.9985023263366032,1.0057053202110968,0.9988635556502592
1717,AAPL,2017-04-24,141.84,142.29,141.52,141.98,17318652,0.0062684885195098,140.63,140.79,139.05,0.9599658678802524,-0.1136444349740695,1.2513484358144478,140.2342857142857,140.3336666666667,1.0017460946365793,1.598368744586646,16824648.0,17269320.714285713,0.0293619218660621,0.7173093450305699,0.999291823874188,1.0054409270774447,1.0009870276367738
1718,AAPL,2017-04-25,142.25,143.23,142.21,142.87,18890350,-0.0059494645481906,141.98,140.63,140.79,0.6268488519509896,0.9599658678802524,-0.1136444349740695,140.7271428571429,140.50933333333333,1.3294449253535745,1.5770223651626591,17318652.0,17490430.714285713,0.090751751348777,0.7233699999529614,1.0015501427459828,1.0071724913859783,1.0043585237258348
1719,AAPL,2017-04-26,142.81,142.94,141.72,142.02,20251016,0.0007745387973523,142.87,141.98,140.63,-0.5949464548190675,0.6268488519509896,0.9599658678802524,140.98714285714286,140.66366666666667,1.3859378808404246,1.485101838682358,18890350.0,18125176.57142857,0.0720296871153789,0.7337183569798787,1.0022996428156727,1.0086085238498448,0.9944681744975844
1720,AAPL,2017-04-27,142.26,142.5,141.65,142.13,14373797,-0.0009850137198338,142.02,142.87,141.98,0.0774538797352342,-0.5949464548190675,0.6268488519509896,141.35285714285712,140.77366666666666,1.2836499300361766,1.4667004567662834,20251016.0,18145934.14285714,-0.2902184759520213,0.7121511596376748,1.0041143382132818,1.0060007059654077,0.9990861802333756
1721,AAPL,2017-04-28,142.43,142.64,141.61,141.99,21104313,0.0204239735192617,142.13,142.02,142.87,-0.0985013719833838,0.0774538797352342,-0.5949464548190675,141.7728571428571,140.87133333333333,0.7910481293082139,1.4460617941972809,14373797.0,18773356.42857143,0.4682489950289406,0.7126982958737215,1.006399625730741,1.0072734976343476,0.996910763181914
1722,AAPL,2017-05-01,143.41,145.5,143.28,144.89,33919167,0.0063496445579405,141.99,142.13,142.02,2.042397351926173,-0.0985013719833838,0.0774538797352342,142.35857142857142,141.089,1.2976700732746556,1.5432083686135596,21104313.0,20383134.714285716,0.6072149327959646,0.7892759826164422,1.008998372860899,1.015494137353434,1.010320061362527
1723,AAPL,2017-05-02,145.84,146.37,145.15,145.81,44952316,-0.0030176256772511,144.89,141.99,142.13,0.6349644557940515,2.042397351926173,-0.0985013719833838,143.09857142857143,141.28833333333336,1.5913770616689746,1.7476488310799294,33919167.0,24401373.0,0.3252777109768054,0.7761115057276454,1.0128123678192684,1.0084050981743025,0.9997942951179376
1724,AAPL,2017-05-03,143.9,145.79,142.61,145.37,46142971,-0.0036458691614501,145.81,144.89,141.99,-0.3017625677251168,0.6349644557940515,2.042397351926173,143.58285714285714,141.52633333333333,1.7059378094025432,1.8021184532470924,44952316.0,28519132.85714286,0.0264870668732619,0.7424558100666221,1.014531032925725,1.0222985765374095,1.0102154273801252
1725,AAPL,2017-05-04,144.83,145.45,144.12,144.84,23619320,0.0165700082850042,145.37,145.81,144.89,-0.3645869161450155,-0.3017625677251168,0.6349644557940515,143.8642857142857,141.69466666666668,1.7310484024006858,1.8689545913053376,46142971.0,29194700.0,-0.4881274549920074,0.7258907744352379,1.0153119316249426,1.0092284207604774,1.000069046468273
1726,AAPL,2017-05-05,145.07,147.26,145.07,147.24,27647313,0.0271665308340125,144.84,145.37,145.81,1.6570008285004212,-0.3645869161450155,-0.3017625677251168,144.61,141.95966666666666,1.9183586734564384,2.0691352238812657,23619320.0,30251313.85714286,0.1705380595207652,0.771829484275989,1.0186696221227156,1.015096160474254,1.014958295995037
1727,AAPL,2017-05-08,147.31,151.92,147.31,151.24,49253481,0.0064136471832847,147.24,144.84,145.37,2.7166530834012548,1.6570008285004212,-0.3645869161450155,145.9114285714286,142.3673333333333,2.8293428481551546,2.603688276977828,27647313.0,35234125.85714286,0.7814925088741898,0.8950939865524729,1.0248940199631136,1.0312945489104608,1.0266784332360328
1728,AAPL,2017-05-09,152.09,153.09,151.67,152.21,39488435,-0.0047303068129558,151.24,147.24,144.84,0.6413647183284743,2.7166530834012548,1.6570008285004212,147.3714285714286,142.79933333333335,3.0931183217599334,3.0970407826163835,49253481.0,37860429.0,-0.1982610325552422,0.8971481287653793,1.032017623131494,1.00936243159491,1.0007890065093037
1729,AAPL,2017-05-10,151.85,152.16,150.35,151.49,26082077,0.0086474354742887,152.21,151.24,147.24,-0.4730306812955831,0.6413647183284743,2.7166530834012548,148.31428571428572,143.111,3.21420211531904,3.4757141166504795,39488435.0,36740844.71428572,-0.3395008690519135,0.8423107752585083,1.0363583911389462,1.0120385766544728,0.997629239380968
1730,AAPL,2017-05-11,151.31,152.92,151.17,152.8,27444703,0.0139397905759162,151.49,152.21,151.24,0.86474354742887,-0.4730306812955831,0.6413647183284743,149.31285714285715,143.45566666666667,3.3876428102074314,3.896179103838687,26082077.0,34239757.14285714,0.0522437687765433,0.8506044107578975,1.0408292722921866,1.0115763709730767,1.0098473332892737
1731,AAPL,2017-05-12,153.54,155.25,153.51,154.93,32675245,-0.0025818111405151,152.8,151.49,152.21,1.393979057591621,0.86474354742887,-0.4730306812955831,150.67857142857142,143.87766666666667,3.459448070488617,4.414467346579529,27444703.0,32315796.285714287,0.1905847550982788,0.8730654113954457,1.04726866176987,1.0113347664647254,1.0090530155008468
1732,AAPL,2017-05-15,154.84,155.48,153.89,154.53,26110341,-0.0014236717789426,154.93,152.8,151.49,-0.2581811140515144,1.393979057591621,0.86474354742887,152.06285714285715,144.29533333333333,2.554001528885686,4.806071399682339,32675245.0,32671656.42857143,-0.2009136886349284,0.8744449757651571,1.0538307347166955,1.0103320553642212,0.9979979333505554
1733,AAPL,2017-05-16,154.77,154.89,153.56,154.31,20146922,-0.0336335947119434,154.53,154.93,152.8,-0.1423671778942647,-0.2581811140515144,1.393979057591621,153.07285714285717,144.70433333333332,1.5158354603596904,5.119401691424007,26110341.0,31600172.0,-0.2283929957100139,0.8767297355415679,1.0578318811658982,1.0086611096639748,0.9970278477741163
1734,AAPL,2017-05-17,152.45,153.42,148.59,149.12,51061768,0.0152896995708153,154.31,154.53,154.93,-3.3633594711943493,-0.1423671778942647,-0.2581811140515144,152.77,144.90500000000003,2.0579196615417312,5.172060717833814,20146922.0,31858498.714285716,1.5344699304439655,1.0952362789341004,1.0542769400641798,1.0325055521905917,0.9781567727123648
1735,AAPL,2017-05-18,150.14,152.19,150.0,151.4,33821183,0.0033685601056803,149.12,154.31,154.53,1.5289699570815385,-3.3633594711943493,-0.1423671778942647,152.65428571428575,145.20633333333333,2.1165920496847264,5.280870149911288,51061768.0,31048891.285714287,-0.337641755765292,1.1162015058457704,1.0512922006222347,1.0146,1.0083921673105103
1736,AAPL,2017-05-19,152.23,152.83,151.49,151.91,27091159,0.0061220459482589,151.4,149.12,154.31,0.3368560105680318,1.5289699570815385,-3.3633594711943493,152.71428571428572,145.53666666666666,2.0837854747522844,5.382362853343476,33821183.0,31193045.85714286,-0.198988426868451,1.112930010956983,1.0493182866696988,1.0088454683477457,0.997897917624647
1737,AAPL,2017-05-22,152.85,153.43,151.76,152.84,23107230,-0.0012431300706621,151.91,151.4,149.12,0.6122045948258936,0.3368560105680318,1.5289699570815385,152.72,145.90866666666668,2.0841145202123688,5.491178966012304,27091159.0,30573406.85714286,-0.147056425308345,1.111588723708727,1.0466821710385037,1.011004217185029,0.999934576382074
1738,AAPL,2017-05-23,153.74,153.74,152.16,152.65,20058989,-0.0030134294136915,152.84,151.91,151.4,-0.1243130070662124,0.6122045948258936,0.3368560105680318,152.3942857142857,146.28,1.845687380026356,5.559704159829191,23107230.0,28771084.57142857,-0.1319171964791972,1.1116398476774492,1.0417985077542091,1.0103838065194533,0.9929101079745024
1739,AAPL,2017-05-24,152.69,153.02,151.53,152.19,19351686,0.0034824889940205,152.65,152.84,151.91,-0.3013429413691537,-0.1243130070662124,0.6122045948258936,152.06,146.68633333333335,1.58837443109613,5.5302787130191415,20058989.0,27805562.42857143,-0.0352611490040699,1.0886991402296304,1.0366337241142665,1.0098330363624366,0.9967253913157378
1740,AAPL,2017-05-25,152.58,153.2,151.88,152.72,19363914,-0.0017024620220009,152.19,152.65,152.84,0.3482488994020594,-0.3013429413691537,-0.1243130070662124,151.83285714285714,147.10466666666667,1.3006115777652771,5.49491284065829,19351686.0,27693704.14285714,0.0006318829274101,1.0883157123687208,1.0321416756064197,1.0086910718988675,1.0009175514484203
1741,AAPL,2017-05-26,152.85,153.09,152.16,152.46,22056974,0.0003935458480912,152.72,152.19,152.65,-0.1702462022000972,0.3482488994020594,-0.3013429413691537,152.31,147.53933333333333,0.514716750611421,5.380633813026095,19363914.0,23550162.14285714,0.1390762218836543,1.0807678440078254,1.0323348801901415,1.0061119873817037,0.9974484789008832
1742,AAPL,2017-05-30,152.27,153.28,152.18,152.52,20270624,-0.0059664306320482,152.46,152.72,152.19,0.0393545848091259,-0.1702462022000972,0.3482488994020594,152.47,147.95,0.3231098884693207,5.2701737195729645,22056974.0,21614368.0,-0.0809879904650565,1.080702551783318,1.0305508617776276,1.0072282822972796,1.0016418204505155
1743,AAPL,2017-05-31,152.82,153.02,151.24,151.61,24640098,0.0027702658136006,152.52,152.46,152.72,-0.596643063204827,0.0393545848091259,-0.1702462022000972,152.42714285714283,148.35133333333337,0.4162416880657102,5.064434293446659,20270624.0,21264216.42857143,0.2155569557207513,1.0844900820079824,1.027474033648565,1.011769373181698,0.9920821881952624
1744,AAPL,2017-06-01,152.02,152.18,151.08,152.03,16507879,0.0148654870749194,151.61,152.52,152.46,0.2770265813600625,-0.596643063204827,0.0393545848091259,152.3114285714286,148.78400000000002,0.3943529963635689,4.78938524598698,24640098.0,20321452.0,-0.3300400428602191,1.0774342548529658,1.023708386462446,1.007280910775748,1.000065780818313
1745,AAPL,2017-06-02,152.43,154.29,151.74,154.29,27913007,-0.0097867651824485,152.03,151.61,152.52,1.4865487074919417,0.2770265813600625,-0.596643063204827,152.54571428571427,149.234,0.8513686460372006,4.644407538029526,16507879.0,21443454.57142857,0.690889968359957,1.0853951040977212,1.0221914194199329,1.016805061289047,1.0122023223774848
1746,AAPL,2017-06-05,153.19,153.3,152.31,152.78,25475184,0.0034035868569184,154.29,152.03,151.61,-0.9786765182448588,1.4865487074919417,0.2770265813600625,152.63000000000002,149.639,0.8394045508732049,4.391094710731703,27913007.0,22318240.0,-0.0873364521421858,1.108323765921313,1.0199881047053243,1.0064999015166438,0.9973235850904106
1747,AAPL,2017-06-06,152.75,154.64,152.63,153.3,26794401,0.0059360730593607,152.78,154.29,152.03,0.3403586856918439,-0.9786765182448588,1.4865487074919417,152.71285714285713,150.01633333333334,0.8775289983150353,4.19211450499433,25475184.0,23379738.14285714,0.0517843953551031,1.1010140015741607,1.0179748681334064,1.0131691017493285,1.0036006546644844
1748,AAPL,2017-06-07,153.86,154.81,153.33,154.21,21178774,-0.0024641722326697,153.3,152.78,154.29,0.5936073059360725,0.3403586856918439,-0.9786765182448588,152.96285714285713,150.39433333333332,1.0295907647622828,4.033784637997249,26794401.0,23254281.0,-0.2095821063512485,1.1006507227822997,1.0170785943366027,1.009652383747473,1.002274795268426
1749,AAPL,2017-06-08,154.09,154.38,153.25,153.83,21306003,-0.0387440681271533,154.21,153.3,152.78,-0.2464172232669703,0.5936073059360725,0.3403586856918439,153.15,150.788,1.054435077830763,3.754979590375096,21178774.0,23402192.285714287,0.0060073826747477,1.0931203652666872,1.0156643764755815,1.007373572593801,0.9983126744110584
1750,AAPL,2017-06-09,154.03,154.03,144.93,147.87,65276866,-0.0239399472509636,153.83,154.21,153.3,-3.874406812715336,-0.2464172232669703,0.5936073059360725,152.6157142857143,150.97933333333333,2.242750224937061,3.430852847961197,21306003.0,29207444.85714286,2.0637781286335124,1.32989448980604,1.0108384433568014,1.062788932588146,0.9600077906901252
1751,AAPL,2017-06-12,144.65,145.0,141.44,144.33,72746935,0.0081064227811264,147.87,153.83,154.21,-2.39399472509636,-3.874406812715336,-0.2464172232669703,151.5157142857143,151.05733333333333,3.873404433413664,3.240768250055899,65276866.0,37241595.71428572,0.1144366979873083,1.4078804457382657,1.0030344832803944,1.0251696832579185,0.9977877635672312
1752,AAPL,2017-06-13,146.05,146.34,144.06,145.5,34353487,-0.009828178694158,144.33,147.87,153.83,0.8106422781126499,-2.39399472509636,-3.874406812715336,150.26000000000002,151.07766666666666,4.232296460948849,3.202425463702532,72746935.0,38161664.28571428,-0.5277672248322214,1.3655230676577834,0.9945877727349952,1.015826738858809,0.9962341663813762
1753,AAPL,2017-06-14,146.39,146.39,142.77,144.07,31693046,-0.0058999097660858,145.5,144.33,147.87,-0.9828178694158084,0.8106422781126499,-2.39399472509636,149.0157142857143,151.01966666666667,4.62965030048586,3.3149010317912,34353487.0,39049930.28571428,-0.0774431137077875,1.3724533433589838,0.9867305204336364,1.025355466834769,0.9841519229455564
1754,AAPL,2017-06-15,142.25,143.39,141.14,143.22,31901027,-0.014104175394498,144.07,145.5,144.33,-0.5899909766085898,-0.9828178694158084,0.8106422781126499,147.57571428571427,150.94799999999998,4.642592153612992,3.4612658637131557,31693046.0,39779448.28571428,0.0065623544041806,1.3754210712165873,0.9776592885345567,1.0159416182513816,1.0068189806678385
1755,AAPL,2017-06-16,142.71,143.41,141.13,141.2,50646574,0.0286827195467422,143.22,144.07,145.5,-1.4104175394498042,-0.5899909766085898,-0.9828178694158084,145.71714285714285,150.82666666666668,4.118615116300343,3.735683783904753,31901027.0,43989134.0,0.5876157842818039,1.3970047499066631,0.9661232067084258,1.0161553177921063,0.9894191016747248
1756,AAPL,2017-06-19,142.59,145.65,142.59,145.25,32710986,-0.0091566265060242,141.2,143.22,144.07,2.868271954674229,-1.4104175394498042,-0.5899909766085898,144.49142857142857,150.7603333333333,2.068054065800732,3.8183210639130407,50646574.0,45618417.28571428,-0.3541323051782338,1.4646626195814554,0.958418075741156,1.02146013044393,1.018654884634266
1757,AAPL,2017-06-20,145.78,145.78,143.85,143.92,25073708,0.00597554196776,145.25,141.2,143.22,-0.9156626506024224,2.868271954674229,-1.4104175394498042,143.92714285714283,150.51633333333334,1.4343374113336085,4.015408669314332,32710986.0,39875109.0,-0.2334774622813265,1.3768614745403005,0.9562227544993536,1.013416753562739,0.9872410481547536
1758,AAPL,2017-06-21,144.43,144.98,143.52,144.78,21426008,-0.0016576875259014,143.92,145.25,141.2,0.5975541967760067,-0.9156626506024224,2.868271954674229,143.99142857142857,150.2686666666667,1.4651556068924314,4.134708206635433,25073708.0,32543548.0,-0.1454790811155654,1.3760095784434472,0.958226566891935,1.0101727982162765,1.0024233192550025
1759,AAPL,2017-06-22,144.68,145.61,144.03,144.54,19229949,0.0044970250449702,144.78,143.92,145.25,-0.1657687525901452,0.5975541967760067,-0.9156626506024224,143.8542857142857,150.037,1.3399982231789085,4.256817776955248,21426008.0,30383042.57142857,-0.1024950144702643,1.374722536405126,0.9587920693847898,1.0109699368187184,0.9990323472491014
1760,AAPL,2017-06-23,144.04,146.05,144.02,145.19,35690628,-0.0031682622770163,144.54,144.78,143.92,0.4497025044970293,-0.1657687525901452,0.5975541967760067,144.0142857142857,149.78333333333333,1.4336417165582018,4.312864743861766,19229949.0,30954125.714285716,0.8559918177630113,1.366249759652865,0.9614840483873532,1.0140952645465908,1.0079838933629548
1761,AAPL,2017-06-26,146.06,147.17,144.29,144.73,25872700,-0.0143024942997305,145.19,144.54,144.78,-0.3168262277016387,0.4497025044970293,-0.1657687525901452,144.23,149.44333333333333,1.4075747463967996,4.295158728818092,35690628.0,30092936.14285714,-0.2750842041781949,1.334439412389407,0.965114982267526,1.019959803174163,0.990894153087772
1762,AAPL,2017-06-27,143.92,145.07,142.55,142.66,24917773,0.0145801205663818,144.73,145.19,144.54,-1.4302494299730515,-0.3168262277016387,0.4497025044970293,144.4385714285714,149.0476666666667,0.9006558457081538,4.356707617497736,25872700.0,26417393.14285714,-0.0369086720751989,1.3526870768136778,0.9690763677072304,1.0176780077165906,0.9912451361867703
1763,AAPL,2017-06-28,143.4,145.02,142.09,144.74,22222273,-0.0147160425590714,142.66,144.73,145.19,1.4580120566381805,-1.4302494299730515,-0.3168262277016387,144.3657142857143,148.72866666666667,0.8428494753647101,4.3082004670584535,24917773.0,24919005.57142857,-0.1081757988565029,1.388453650146715,0.9706650205455636,1.0206207333380253,1.0093444909344491
1764,AAPL,2017-06-29,143.62,144.04,141.21,142.61,31691561,0.0023841245354461,144.74,142.66,144.73,-1.471604255907144,1.4580120566381805,-1.4302494299730515,144.17857142857142,148.51166666666666,1.0724648956531415,4.449445593773319,22222273.0,25864413.14285714,0.4261169863226863,1.27862391783335,0.9708231997165526,1.0200410735783585,0.992967553265562
1765,AAPL,2017-06-30,143.36,143.87,142.71,142.95,23177479,-0.0036376355369008,142.61,144.74,142.66,0.2384124535446119,-1.471604255907144,1.4580120566381805,143.91714285714286,148.23000000000002,1.1232647993911395,4.5270794421853,31691561.0,26114623.285714287,-0.2686545481303366,1.241687080328994,0.970904289665674,1.00812837222339,0.9971400669642856
1766,AAPL,2017-07-03,143.79,144.21,142.03,142.43,14385444,0.0041423857333426,142.95,142.61,144.74,-0.3637635536900885,0.2384124535446119,-1.471604255907144,143.6157142857143,147.91400000000002,1.2081646844653988,4.591750173427014,23177479.0,25422551.14285714,-0.3793352590245039,1.2381413454219363,0.9709406431150146,1.0153488699570514,0.9905417622922318
1767,AAPL,2017-07-05,142.62,143.7,141.66,143.02,21713608,-0.0095091595581038,142.43,142.95,142.61,0.414238573334269,-0.3637635536900885,0.2384124535446119,143.3057142857143,147.58666666666667,0.9968091951101316,4.578481402606925,14385444.0,23425834.0,0.509415211654225,1.2341452214178894,0.9709936373139916,1.0144006776789496,1.0028046557285093
1768,AAPL,2017-07-06,141.95,142.43,141.34,141.66,24292414,0.0102357758012143,143.02,142.43,142.95,-0.950915955810383,0.414238573334269,-0.3637635536900885,142.86714285714285,147.22033333333334,0.939427383862874,4.599004002616906,21713608.0,23200078.85714286,0.1187645093344229,1.2412873045612802,0.9704307796509734,1.0077119003820574,0.9979570271222262
1769,AAPL,2017-07-07,141.83,143.66,141.83,143.11,18860161,0.0060093634267346,141.66,143.02,142.43,1.0235775801214375,-0.950915955810383,0.414238573334269,142.9314285714286,146.91766666666666,0.9382861783105276,4.559277531494399,24292414.0,22334705.714285716,-0.2236193158901375,1.262464998793438,0.9728675374059526,1.012902770922936,1.0090248889515618
1770,AAPL,2017-07-10,143.04,144.86,142.3,143.97,21239601,0.0032645690074319,143.11,141.66,143.02,0.6009363426734637,1.0235775801214375,-0.950915955810383,142.82142857142858,146.626,0.7077294344653106,4.453951829167655,18860161.0,22194324.0,0.1261622315949477,1.2670634517908632,0.9740525457383314,1.0179901616303584,1.006501677852349
1771,AAPL,2017-07-11,143.64,144.76,143.3,144.44,19871415,0.0014538908889505,143.97,143.11,141.66,0.3264569007431994,0.6009363426734637,1.0235775801214375,143.08285714285714,146.35866666666664,0.9221300393932484,4.330692174772732,21239601.0,20505731.714285716,-0.0644167468117692,1.270552938853915,0.9776179327236548,1.0101884159106769,1.0055694792536898
1772,AAPL,2017-07-12,144.78,145.09,143.73,144.65,25050830,0.0138956100933287,144.44,143.97,143.11,0.1453890888950537,0.3264569007431994,0.6009363426734637,143.32571428571427,146.09633333333335,1.0899060684860749,4.180351811075454,19871415.0,20773353.285714287,0.2606465115846053,1.271308761713998,0.9810356702019508,1.0094621860432758,0.9991020859234702
1773,AAPL,2017-07-13,144.41,147.38,144.35,146.66,25270495,0.0086594845220238,144.65,144.44,143.97,1.3895610093328736,0.1453890888950537,0.3264569007431994,143.93,145.93133333333333,1.5751402054084165,4.050906014735944,25050830.0,22328360.57142857,0.0087687713341235,1.299650098173632,0.9862857873794524,1.020990647731209,1.0155806384599404
1774,AAPL,2017-07-14,146.86,148.22,146.22,147.93,20268831,0.0034475765564794,146.66,144.65,144.44,0.8659484522023808,1.3895610093328736,0.1453890888950537,144.6314285714286,145.79466666666667,2.1061135500588684,3.9045770960303097,25270495.0,22121963.85714286,-0.1979250505381868,1.3099850408601104,0.9920213947338854,1.0136780194227877,1.0072858504698352
1775,AAPL,2017-07-17,147.71,149.77,147.46,148.44,23949714,0.0034357316087307,147.93,146.66,144.65,0.3447576556479426,0.8659484522023808,1.3895610093328736,145.6,145.59966666666665,2.0705554810309024,3.599867318754613,20268831.0,22073006.714285716,0.1816031225481134,1.2790404161281883,1.0000022893825309,1.015665265156653,1.0049421163089838
1776,AAPL,2017-07-18,148.09,149.0,147.56,148.95,17984885,0.006310842564619,148.44,147.93,146.66,0.3435731608730785,0.3447576556479426,0.8659484522023808,146.43428571428572,145.472,2.0765906123874096,3.398736479217861,23949714.0,21947967.285714287,-0.249056377040661,1.2712172675842268,1.0066149204952548,1.00975874220656,1.0058072793571475
1777,AAPL,2017-07-19,149.35,150.29,148.82,149.89,21068251,-0.0045366602174926,148.95,148.44,147.93,0.6310842564619001,0.3435731608730785,0.3447576556479426,147.28,145.35833333333332,2.110923968319738,3.177748154484098,17984885.0,21923488.714285716,0.1714420748311707,1.2756070404433957,1.013220202946741,1.0098777046095957,1.003615667894208
1778,AAPL,2017-07-20,150.37,150.61,149.06,149.21,17330058,-0.0004691374572751,149.89,148.95,148.44,-0.453666021749266,0.6310842564619001,0.3435731608730785,147.96142857142857,145.19166666666666,1.7862850516479425,2.806976632621949,21068251.0,21560437.714285716,-0.1774325263164939,1.2712266413116666,1.0190765900574774,1.0103984972494298,0.9922856952849638
1779,AAPL,2017-07-21,148.86,149.31,147.77,149.14,25310545,0.0122032989137723,149.21,149.89,148.95,-0.046913745727517,-0.453666021749266,0.6310842564619001,148.60285714285715,145.03533333333334,1.0558048160291238,2.412108440023047,17330058.0,21597539.85714286,0.4604997282755776,1.2709666152346888,1.0245976185770167,1.0104216011369018,1.001880961977697
1780,AAPL,2017-07-24,149.45,151.3,148.78,150.96,21630982,0.0042395336512983,149.14,149.21,149.89,1.2203298913772365,-0.046913745727517,-0.453666021749266,149.21714285714285,145.13833333333332,0.9855914347318792,2.596269317272336,25310545.0,21077609.42857143,-0.1453766799569112,1.0736548848403769,1.0281029100316448,1.0169377604516736,1.0101037136165942
1781,AAPL,2017-07-25,150.67,152.69,150.67,151.6,18971925,0.0046833773087071,150.96,149.14,149.21,0.4239533651298366,1.2203298913772365,-0.046913745727517,149.74142857142857,145.38066666666666,1.1493103522289163,2.845539683776659,21630982.0,20892337.14285714,-0.1229281684946157,0.9683456506074148,1.0299954732960497,1.0134067830357736,1.0061724298134995
1782,AAPL,2017-07-26,152.2,152.78,151.91,152.31,15852949,-0.0189088044120543,151.6,150.96,149.14,0.4683377308707159,0.4239533651298366,1.2203298913772365,150.2942857142857,145.6076666666667,1.334776599830375,3.114323619855396,18971925.0,19735656.42857143,-0.1643995535508389,0.962516970008028,1.0321866228263097,1.0057270752419196,1.0007227332457294
1783,AAPL,2017-07-27,152.6,152.84,146.19,149.43,32678443,-0.0069597804992305,152.31,151.6,150.96,-1.8908804412054336,0.4683377308707159,0.4239533651298366,150.36285714285714,145.78633333333332,1.264696462746413,3.176201899398242,15852949.0,21834736.14285714,1.0613478918023391,1.012575463888048,1.031391994742469,1.0454887475203505,0.9792267365661862
1784,AAPL,2017-07-28,148.77,149.1,148.08,148.39,17325849,-0.0051890289103038,149.43,152.31,151.6,-0.6959780499230517,-1.8908804412054336,0.4683377308707159,150.14857142857142,145.9586666666667,1.468779862927215,3.1724109545205126,32678443.0,21300107.285714287,-0.4698080015623755,1.0153436488344365,1.0287061046636814,1.0068881685575364,0.9974457215836524
1785,AAPL,2017-07-31,148.78,149.2,147.02,147.62,19862378,0.0088063947974528,148.39,149.43,152.31,-0.5189028910303817,-0.6959780499230517,-1.8908804412054336,149.92142857142858,146.1726666666667,1.736638789656772,3.0546899310251856,17325849.0,21661867.285714287,0.1464014259849546,0.981387000638324,1.025646121058396,1.014827914569446,0.99220325312542
1786,AAPL,2017-08-01,147.99,149.09,147.3,148.92,34393966,0.0473408541498792,147.62,148.39,149.43,0.8806394797452821,-0.5189028910303817,-0.6959780499230517,149.89,146.29500000000002,1.7550308639336216,3.089751412832026,19862378.0,22959498.85714286,0.7316137070797868,0.8500593038408568,1.0245736354625927,1.012152070604209,1.0062842083924588
1787,AAPL,2017-08-02,158.09,158.56,154.99,155.97,70262267,-0.0100660383407065,148.92,147.62,148.39,4.734085414987921,0.8806394797452821,-0.5189028910303817,150.6057142857143,146.6966666666667,2.907363394002888,3.5232002823965685,34393966.0,29906825.285714287,1.0428660945934527,1.1815356800433998,1.0266471468498326,1.0230337441125232,0.9865899171358088
1788,AAPL,2017-08-03,155.88,156.04,153.86,154.4,26825418,0.0053108808290154,155.97,148.92,147.62,-1.0066038340706518,4.734085414987921,0.8806394797452821,151.00571428571428,147.0173333333333,3.240487911532445,3.77175613843345,70262267.0,31028752.85714286,-0.6182101838530203,1.2025486679043451,1.027128644371056,1.0141687248147666,0.9905055170644086
1789,AAPL,2017-08-04,154.9,156.22,154.52,155.22,20675691,0.0154619250096637,154.4,155.97,148.92,0.531088082901543,-1.0066038340706518,4.734085414987921,151.42142857142858,147.3733333333333,3.60217262482984,4.025362124067783,26825418.0,31717716.0,-0.2292499971482271,1.201538769856648,1.0274683020770057,1.0110018120631632,1.0020658489347969
1790,AAPL,2017-08-07,155.89,157.73,155.5,157.62,21994093,0.00799390940236,155.22,154.4,155.97,1.5461925009663702,0.531088082901543,-1.0066038340706518,152.5914285714286,147.78766666666667,4.137795018977281,4.413848647728199,20675691.0,30191380.285714287,0.0637658011043016,1.2244456060299873,1.0325044843937945,1.0143408360128616,1.011097568798512
1791,AAPL,2017-08-08,157.41,160.62,157.09,158.88,36405476,0.0061681772406849,157.62,155.22,154.4,0.799390940236,1.5461925009663702,0.531088082901543,154.09,148.25933333333333,4.260324713762065,4.813759684367855,21994093.0,32917041.285714287,0.6552387952528891,1.2226001351702347,1.0393274847227156,1.0224711948564518,1.0093386697160285
1792,AAPL,2017-08-09,158.07,160.06,157.92,159.86,26260901,-0.0319029150506694,158.88,157.62,155.22,0.6168177240684969,0.799390940236,1.5461925009663702,155.83857142857144,148.83266666666665,3.627020947334832,5.137280196376962,36405476.0,33831116.0,-0.2786551946196226,1.1779404121603017,1.0470723593066809,1.01355116514691,1.0113240969190866
1793,AAPL,2017-08-10,159.33,159.43,154.08,154.76,39801107,0.0139570948565521,159.86,158.88,157.62,-3.1902915050669445,0.6168177240684969,0.799390940236,156.67285714285714,149.16666666666666,2.1352651223868158,5.187499785347812,26260901.0,34603564.71428572,0.5156032536735888,1.3282927953053896,1.050320830007981,1.034722222222222,0.9713173915772296
1794,AAPL,2017-08-11,156.04,158.0,155.51,156.92,26331467,0.0150395105786389,154.76,159.86,158.88,1.3957094856552166,-3.1902915050669445,0.6168177240684969,156.80857142857144,149.6436666666667,2.113223671488345,5.221615870479734,39801107.0,28327736.14285714,-0.3384237528870742,1.3044393877185336,1.0478797728063205,1.016011832036525,1.0056395795949755
1795,AAPL,2017-08-14,158.75,159.64,158.18,159.28,22154486,0.0109241587142139,156.92,154.76,159.86,1.5039510578638948,1.3957094856552166,-3.1902915050669445,157.50571428571428,150.188,1.9874175634357167,5.349372119133326,26331467.0,27660460.14285714,-0.1586307743507037,1.3218093806150777,1.0487236948738534,1.0092299911493234,1.0033385826771657
1796,AAPL,2017-08-15,160.08,161.61,159.57,161.02,29485832,-0.0040367656191777,159.28,156.92,154.76,1.0924158714213927,1.5039510578638948,1.3957094856552166,158.33428571428573,150.80766666666668,2.082425325940688,5.494460334538034,22154486.0,28919051.714285716,0.3309192549084641,1.3206864709727524,1.049908729535981,1.012784357962023,1.005872063968016
1797,AAPL,2017-08-16,161.36,161.93,159.58,160.37,27722910,-0.0192055870798778,161.02,159.28,156.92,-0.4036765619177762,1.0924158714213927,1.5039510578638948,158.7271428571429,151.386,2.1822214544391003,5.55921143006217,29485832.0,29737454.14285714,-0.0597887826261779,1.3291848953693537,1.048492878186509,1.0147261561599197,0.9938646504709964
1798,AAPL,2017-08-17,159.95,160.13,157.27,157.29,27595336,-0.0022251891410769,160.37,161.02,159.28,-1.920558707987785,-0.4036765619177762,1.0924158714213927,158.5,151.907,2.245491779846285,5.344539688575134,27722910.0,28478862.714285716,-0.004601753567717,1.373972747813817,1.0434015548987208,1.018185286450054,0.9833698030634572
1799,AAPL,2017-08-18,157.29,158.93,156.16,156.94,27496898,-0.00184783993883,157.29,160.37,161.02,-0.2225189141076944,-1.920558707987785,-0.4036765619177762,158.08285714285714,152.368,2.221836434772184,5.152593187097205,27595336.0,28655433.714285716,-0.0035671970074943,1.3720092454651105,1.0375069380897377,1.0177382172131149,0.9977748108589232
1800,AAPL,2017-08-21,156.94,157.32,154.55,156.65,26435558,0.0163421640600063,156.94,157.29,160.37,-0.1847839938830087,-0.2225189141076944,-1.920558707987785,158.35285714285715,152.79066666666668,1.8312446977072927,4.95628123477245,27496898.0,26746069.57142857,-0.0385985357330125,1.3739007315320932,1.036403993761773,1.017923002264639,0.99815216006117
1801,AAPL,2017-08-22,157.66,159.43,157.45,159.21,21646375,0.0012562024998428,156.65,156.94,157.29,1.6342164060006326,-0.1847839938830087,-0.2225189141076944,158.68,153.28300000000002,1.7346085053090454,4.830147531122694,26435558.0,26076770.714285716,-0.1811644376865432,1.3956447362718318,1.0352093839499488,1.012575420768498,1.00983128250666
1802,AAPL,2017-08-23,158.5,159.9,158.31,159.41,19448353,-0.0044539238441754,159.21,156.65,156.94,0.1256202499842817,1.6342164060006326,-0.1847839938830087,158.6985714285714,153.775,1.7427796626093488,4.669523161064868,21646375.0,25690180.285714287,-0.1015422674697265,1.3957417306066449,1.0320180226211764,1.0100435853704757,1.0057413249211355
1803,AAPL,2017-08-24,159.86,160.16,157.98,158.7,19874496,0.0037177063642093,159.41,159.21,156.65,-0.4453923844175422,0.1256202499842817,1.6342164060006326,158.36714285714285,154.17633333333333,1.4180822059672944,4.552866837145461,19448353.0,24317132.285714287,0.0219115212480973,1.3880635719055603,1.0271819249634695,1.0137992150905175,0.9927436506943574
1804,AAPL,2017-08-25,159.08,159.98,158.7,159.29,25559215,0.0100445727917635,158.7,159.41,159.21,0.3717706364209316,-0.4453923844175422,0.1256202499842817,158.21285714285713,154.55499999999998,1.2068790920722434,4.487379044570749,19874496.0,24008033.0,0.2860308507949083,1.3837047239098994,1.0236670256080822,1.0080655324511658,1.0013200905204926
1805,AAPL,2017-08-28,159.57,161.42,159.36,160.89,25790449,0.0089502144322208,159.29,158.7,159.41,1.0044572791763515,0.3717706364209316,-0.4453923844175422,158.72714285714284,154.97,1.4834274983567366,4.47804144380236,25559215.0,23750192.0,0.0090469914666784,1.390387716338843,1.0242443237861705,1.0129267068273091,1.0082722316224857
1806,AAPL,2017-08-29,159.53,162.54,159.43,162.33,29563743,0.0026489250292611,160.89,159.29,158.7,0.8950214432220882,1.0044572791763515,0.3717706364209316,159.49714285714285,155.41600000000005,1.7719924217898508,4.523862097352221,25790449.0,24045455.57142857,0.1463058669509787,1.3949207581818155,1.0262594768694524,1.0195069936649312,1.017551557700746
1807,AAPL,2017-08-30,163.21,163.3,162.03,162.76,27320985,0.0039936102236421,162.33,160.89,159.29,0.2648925029261173,0.8950214432220882,1.0044572791763515,160.36999999999998,155.845,1.635369479156471,4.591487438352621,29563743.0,24171945.14285714,-0.0758617743362198,1.3934934291440644,1.0290352593923449,1.007838054681232,0.9972428160039212
1808,AAPL,2017-08-31,163.05,163.93,162.89,163.41,26842382,0.0003059788262653,162.76,162.33,160.89,0.3993610223642196,0.2648925029261173,0.8950214432220882,160.97,156.31833333333333,1.8895590314558235,4.615773617927169,27320985.0,24914231.85714286,-0.0175177798311444,1.386602147463966,1.0297576526532397,1.0063846767757385,1.0022079116835323
1809,AAPL,2017-09-01,164.21,164.35,163.04,163.46,16635257,-0.0119907010889515,163.41,162.76,162.33,0.0305978826265373,0.3993610223642196,0.2648925029261173,161.54857142857142,156.79566666666668,1.951319455924718,4.588197515013962,26842382.0,24512361.0,-0.3802615207547527,1.3859809840888475,1.0303127303384538,1.0080348380765456,0.9954326776688388
1810,AAPL,2017-09-05,163.16,163.66,159.98,161.5,29611447,-0.0010526315789473,163.46,163.41,162.76,-1.1990701088951503,0.0305978826265373,0.3993610223642196,161.9485714285714,157.147,1.5063136965464734,4.529093043105023,16635257.0,25903354.0,0.780041450516815,1.401803256700787,1.030554649013799,1.02300287535942,0.9898259377298356
1811,AAPL,2017-09-06,162.13,162.41,159.95,161.33,21690060,-0.0040290088638195,161.5,163.46,163.41,-0.1052631578947305,-1.1990701088951503,0.0305978826265373,162.24,157.47133333333335,1.0274564062231968,4.466118991985518,29611447.0,25350617.57142857,-0.26751097303688,1.4026686514240143,1.0302827604601048,1.0153798061894344,0.9950656880281256
1812,AAPL,2017-09-07,161.51,161.66,159.79,160.68,21986050,-0.0163057007717202,161.33,161.5,163.46,-0.4029008863819516,-0.1052631578947305,-1.1990701088951503,162.21,157.75033333333332,1.0753914016250494,4.393417084475374,21690060.0,24807132.0,0.0136463430714346,1.4063003929434534,1.02827041041646,1.011702860003755,0.9948609993189276
1813,AAPL,2017-09-08,160.28,160.57,157.96,158.06,28527517,0.0180943945337213,160.68,161.33,161.5,-1.6305700771720222,-0.4029008863819516,-0.1052631578947305,161.6,158.038,1.8948262893176573,4.10276055088892,21986050.0,24659099.714285716,0.2975280689346198,1.3937786382401136,1.0225388830534428,1.016523170422892,0.986149238832044
1814,AAPL,2017-09-11,159.93,161.47,159.32,160.92,31630174,-0.0039771314939098,158.06,160.68,161.33,1.8094394533721303,-1.6305700771720222,-0.4029008863819516,161.33714285714288,158.45566666666667,1.8337276632258963,3.7052401693605774,28527517.0,25274698.14285714,0.1087601490168246,1.413371847586044,1.0181847468827845,1.0134948531257846,1.0061902082160945
1815,AAPL,2017-09-12,162.03,163.37,158.2,160.28,71864833,-0.0074868979286247,160.92,158.06,160.68,-0.397713149390988,1.8094394533721303,-1.6305700771720222,160.89,158.87766666666667,1.612275824217514,3.100107543555375,31630174.0,31706476.85714286,1.2720340710108011,1.4111806947379228,1.0126659295516678,1.0326801517067006,0.9891995309510584
1816,AAPL,2017-09-13,159.3,159.39,157.34,159.08,45029308,-0.0086120191098818,160.28,160.92,158.06,-0.748689792862478,-0.397713149390988,1.8094394533721303,160.2642857142857,159.21633333333332,1.2601039261842846,2.464606680984601,71864833.0,35762769.85714286,-0.3734166473329173,1.418767844019826,1.0065819401754366,1.013029108936062,0.998618957940992
1817,AAPL,2017-09-14,158.42,158.83,157.52,157.71,23724888,0.010145203221102,159.08,160.28,160.92,-0.8612019109881852,-0.748689792862478,-0.397713149390988,159.72285714285712,159.27433333333332,1.4417895626201744,2.4053370017429905,45029308.0,34921832.85714286,-0.4731234155319465,1.14821306751483,1.002816045750354,1.008316404266125,0.9955182426461306
1818,AAPL,2017-09-15,157.9,160.39,157.43,159.31,49024732,-0.007595254535183,157.71,159.08,160.28,1.0145203221102015,-0.8612019109881852,-0.748689792862478,159.43428571428572,159.43800000000002,1.2567929707998842,2.222318453855084,23724888.0,38826786.0,1.0663841279250716,1.1437663957776236,0.9999767038866876,1.0188020072413135,1.0089297023432553
1819,AAPL,2017-09-18,159.54,159.93,157.43,158.1,28260649,0.0003795066413663,159.31,157.71,159.08,-0.759525453518306,1.0145203221102015,-0.8612019109881852,159.06571428571428,159.534,1.2079439438368484,2.092223038153291,49024732.0,39723157.28571428,-0.4235430190622969,1.1516561762452533,0.9970646651228848,1.0158800736835418,0.9909740503948852
1820,AAPL,2017-09-19,158.94,159.2,157.87,158.16,20668366,-0.0167551846231664,158.1,159.31,157.71,0.0379506641366322,-0.759525453518306,1.0145203221102015,159.07999999999998,159.55200000000002,1.1945850046593072,2.077459323640152,28260649.0,38600421.42857143,-0.2686521105725491,1.117297964249745,0.9970417168070596,1.008424653195667,0.9950924877312192
1821,AAPL,2017-09-20,157.33,157.69,153.28,155.51,52386815,-0.0171693138704905,158.16,158.1,159.31,-1.6755184623166497,0.0379506641366322,-0.759525453518306,158.30714285714285,159.43966666666665,1.5132934754636782,2.20240383301478,20668366.0,41565655.85714286,1.534637474486372,1.1485058375546116,0.9928968503685376,1.0287708768267223,0.9884319583042012
1822,AAPL,2017-09-21,155.24,155.24,152.2,152.84,37504252,-0.0097487568699293,155.51,158.16,158.1,-1.7169313870490588,-1.6755184623166497,0.0379506641366322,157.24428571428572,159.20566666666667,2.3032647636458803,2.5079400577631943,52386815.0,36657001.42857143,-0.2840898611606757,1.1793512926606702,0.9876802064056706,1.0199737187910645,0.984540066993043
1823,AAPL,2017-09-22,151.48,151.72,150.02,151.35,46750753,-0.0088536504790222,152.84,155.51,158.16,-0.9748756869929376,-1.7169313870490588,-1.6755184623166497,156.14,159.092,3.0184653937651604,2.7790042870758724,37504252.0,36902922.14285714,0.2465454050383406,1.0434832031268146,0.9814446986649236,1.0113318224236767,0.9991418008978084
1824,AAPL,2017-09-25,149.45,151.29,148.63,150.01,44528320,0.0171988534097726,151.35,152.84,155.51,-0.8853650479022201,-0.9748756869929376,-1.7169313870490588,155.04,158.86166666666665,3.681231677943073,3.217069863361208,46750753.0,39874841.0,-0.0475379081059934,1.0158163843307562,0.9759434308675264,1.0178967906882863,1.0037470725995317
1825,AAPL,2017-09-26,151.24,153.37,151.15,152.59,36757890,0.0071433252506718,150.01,151.35,152.84,1.7198853409772674,-0.8853650479022201,-0.9748756869929376,154.07999999999998,158.6386666666667,3.230768742372605,3.4129749722081493,44528320.0,38122435.0,-0.1745053485062989,1.0285881396672891,0.9712638364753444,1.0146873966258685,1.008926209997355
1826,AAPL,2017-09-27,153.25,154.16,152.99,153.68,25494693,-0.0061816762103072,152.59,150.01,151.35,0.714332525067185,1.7198853409772674,-0.8853650479022201,153.44857142857146,158.39399999999998,2.702957815506254,3.498400225521747,36757890.0,37727298.42857143,-0.3064157654315849,1.015224399714227,0.9687776773651242,1.0076475586639648,1.0028058727569331
1827,AAPL,2017-09-28,153.34,153.73,152.15,152.73,22063341,0.0054999017874681,153.68,152.59,150.01,-0.6181676210307296,0.714332525067185,1.7198853409772674,152.67285714285714,158.13933333333333,1.7292841899321842,3.625370310058952,25494693.0,37926580.571428575,-0.134590834257153,1.0178214369634762,0.9654325329742368,1.010384488991127,0.9960219120907786
1828,AAPL,2017-09-29,152.66,153.58,151.46,153.57,26359485,-0.0020186234290551,152.73,153.68,152.59,0.5499901787468175,-0.6181676210307296,0.714332525067185,152.3957142857143,158.01533333333333,1.301305205599715,3.717860650440166,22063341.0,34208390.571428575,0.1947186511779879,0.9690360077781074,0.964436242173002,1.0139970949425592,1.0059609589938423
1829,AAPL,2017-10-02,153.71,153.9,152.17,153.26,18749860,0.0043064074122405,153.57,152.73,153.68,-0.2018623429055122,0.5499901787468175,-0.6181676210307296,152.4557142857143,157.89266666666668,1.334464401219042,3.81402849141596,26359485.0,31529191.714285716,-0.2886864064301712,0.9689350642872684,0.9655655167796326,1.0113688637707827,0.9970724090820376
1830,AAPL,2017-10-03,153.46,154.53,153.36,153.92,16277486,-0.0064319126819125,153.26,153.57,152.73,0.4306407412240531,-0.2018623429055122,0.5499901787468175,152.82285714285717,157.80166666666665,1.333088072690378,3.876752180790475,18749860.0,27175867.85714286,-0.1318609312282864,0.9730264041871588,0.9684489420867364,1.0076291079812203,1.0029975237846995
1831,AAPL,2017-10-04,153.08,153.31,151.91,152.93,20188277,0.0124239848296605,153.92,153.26,153.57,-0.6431912681912566,0.4306407412240531,-0.2018623429055122,153.24,157.59233333333333,0.5072803301516062,3.9665938513551446,16277486.0,23698718.85714286,0.2402576786120411,0.9243966042485192,0.9723823282435484,1.0092159831479166,0.999020120198589
1832,AAPL,2017-10-05,153.63,154.88,153.5,154.83,21341803,-0.0005812826971517,152.93,153.92,153.26,1.2423984829660562,-0.6431912681912566,0.4306407412240531,153.56,157.43966666666665,0.6991423317360262,3.982329489246052,20188277.0,21496420.714285716,0.0571384076015997,0.9569556480072836,0.9753577560928104,1.0089902280130292,1.0078109744190589
1833,AAPL,2017-10-06,154.41,154.93,154.01,154.74,17448243,0.0034897246994958,154.83,152.93,153.92,-0.0581282697151741,1.2423984829660562,-0.6431912681912566,153.71142857142857,157.30766666666665,0.8316936249241828,4.004680609188243,21341803.0,20346927.85714286,-0.1824381941863112,0.954643152607464,0.9771388250080748,1.0059736380754498,1.002137167281912
1834,AAPL,2017-10-09,155.25,156.17,154.93,155.28,16302190,0.0003863987635239,154.74,154.83,152.93,0.3489724699495822,-0.0581282697151741,1.2423984829660562,154.07571428571427,157.174,0.8868080803948984,4.003155307228559,17448243.0,19523906.285714287,-0.0656830031539565,0.9542802995524892,0.9802875430142024,1.0080036145355966,1.000193236714976
1835,AAPL,2017-10-10,155.5,157.43,154.54,155.34,15659866,0.0041843697695378,155.28,154.74,154.83,0.0386398763523976,0.3489724699495822,-0.0581282697151741,154.32857142857142,156.989,0.9672715677302328,3.953437918990172,16302190.0,17995389.285714287,-0.0394010866024748,0.9324559133618738,0.9830534077455836,1.018700660023295,0.9989710610932476
1836,AAPL,2017-10-11,155.41,156.42,155.19,155.99,16942261,-0.0035258670427592,155.34,155.28,154.74,0.4184369769537843,0.0386398763523976,0.3489724699495822,154.71857142857144,156.77766666666668,1.0138610781261648,3.825469710472955,15659866.0,17737160.85714286,0.081890547467009,0.9186522635455404,0.986866144382202,1.007925768412913,1.0037320635737728
1837,AAPL,2017-10-12,155.79,156.81,155.17,155.44,16440001,0.0063690169840453,155.99,155.34,155.28,-0.3525867042759256,0.4184369769537843,0.0386398763523976,154.93571428571428,156.53366666666665,0.9764025321488414,3.660635410580275,16942261.0,17760377.285714287,-0.0296453938467834,0.916445985478888,0.9897916377033756,1.0105690532963847,0.9977533859682908
1838,AAPL,2017-10-13,156.17,156.72,155.85,156.43,16432666,0.018410790769034,155.44,155.99,155.34,0.636901698404535,-0.3525867042759256,0.4184369769537843,155.43571428571428,156.301,0.6027950769427728,3.4225926349518017,16440001.0,17223861.42857143,-0.0004461678560725,0.9223561691197786,0.9944639783860264,1.0055822906641,1.0016648524044311
1839,AAPL,2017-10-16,157.33,159.43,157.09,159.31,24182814,0.0037034712196346,156.43,155.44,155.99,1.8410790769034069,0.636901698404535,-0.3525867042759256,156.07571428571427,156.16266666666667,1.5251323127692349,3.199885701981526,16432666.0,17629720.14285714,0.4716305923822708,0.9906891568630029,0.9994431935442164,1.0148959195365714,1.0125850123943303
1840,AAPL,2017-10-17,159.21,160.29,158.66,159.9,19040557,-0.0044402751719825,159.31,156.43,155.44,0.3703471219634657,1.8410790769034069,0.636901698404535,156.81285714285715,156.10933333333332,1.9576151672075648,3.120201069264981,24182814.0,17857193.57142857,-0.2126409689128816,0.9708482976275932,1.0045066095312931,1.01027354090508,1.0043338986244583
1841,AAPL,2017-10-18,159.85,160.13,159.03,159.19,16314850,-0.0236823921100571,159.9,159.31,156.43,-0.4440275171982533,0.3703471219634657,1.8410790769034069,157.3714285714286,156.03799999999998,2.004606599577915,3.0195711045065714,19040557.0,17859002.14285714,-0.1431526924343652,0.9737361729700842,1.0085455374423449,1.0069169339118405,0.9958711291836096
1842,AAPL,2017-10-19,156.19,156.52,154.46,155.42,42539211,0.0017372281559644,159.19,159.9,159.31,-2.368239211005718,-0.4440275171982533,0.3703471219634657,157.38285714285715,155.86266666666668,1.991278603363728,2.890698440042289,16314850.0,21698908.57142857,1.607392099835426,1.0611842684143278,1.0097533970687258,1.0133367862229703,0.9950701069210576
1843,AAPL,2017-10-20,156.05,157.18,155.4,155.69,23997615,-0.0005138416083241,155.42,159.19,159.9,0.1737228155964443,-2.368239211005718,-0.4440275171982533,157.34,155.78366666666668,2.029121320512177,2.860807076060059,42539211.0,22706816.285714287,-0.4358707076160862,1.0221786552583014,1.0099903498655185,1.0114543114543115,0.9976930471002884
1844,AAPL,2017-10-23,156.33,157.13,154.94,155.61,22039067,0.00597647966069,155.69,155.42,159.19,-0.0513841608324128,0.1737228155964443,-2.368239211005718,157.3642857142857,155.60666666666663,2.003445841074562,2.691305712248252,23997615.0,23506682.85714286,-0.0816142770854519,0.960337805866118,1.0112952682893988,1.0141345036788434,0.9953943580886586
1845,AAPL,2017-10-24,155.73,156.86,155.64,156.54,17701740,-0.0044078190877731,155.61,155.69,155.42,0.5976479660690037,-0.0513841608324128,0.1737228155964443,157.38000000000002,155.482,1.995311170391822,2.550290585200817,22039067.0,23687979.14285714,-0.1968017520886886,0.9671293911288028,1.0122072008335372,1.0078386019018248,1.0052013099595454
1846,AAPL,2017-10-25,156.35,156.99,154.71,155.85,21253629,0.0064164260506898,156.54,155.61,155.69,-0.4407819087773101,0.5976479660690037,-0.0513841608324128,156.8857142857143,155.37433333333334,1.8616019727067927,2.459727603832555,17701740.0,23269524.14285714,0.200651969806358,0.9613404385880572,1.0097273527741453,1.0147372503393446,0.9968020466901184
1847,AAPL,2017-10-26,156.67,157.26,156.22,156.85,16993593,0.0358304112209117,155.85,156.54,155.61,0.6416426050689816,-0.4407819087773101,0.5976479660690037,156.45000000000002,155.34566666666666,1.3152819723126925,2.43646958178978,21253629.0,22977100.714285716,-0.2004380522498063,0.9575081700699666,1.0071088776213049,1.006657278197414,1.0011489117252823
1848,AAPL,2017-10-27,158.72,163.01,158.13,162.47,44561025,0.0224656859727949,156.85,155.85,156.54,3.5830411220911795,0.6416426050689816,-0.4407819087773101,156.9185714285714,155.451,2.502521585468977,2.670802991740133,16993593.0,27012268.57142857,1.6222250350470322,1.1484270904930332,1.0094407332765398,1.0308606842471384,1.0236265120967742
1849,AAPL,2017-10-30,163.3,167.47,163.13,166.12,44861465,0.0139056104021189,162.47,156.85,155.85,2.246568597279497,3.5830411220911795,0.6416426050689816,158.44714285714284,155.71833333333333,4.156130870117898,3.2775559474254927,44561025.0,27344019.14285714,0.0067422147493241,1.203224772313988,1.0175240093147424,1.0266045485195856,1.0172688303735455
1850,AAPL,2017-10-31,167.3,169.04,166.34,168.43,36176411,-0.0127055750163272,166.12,162.47,156.85,1.3905610402118906,2.246568597279497,3.5830411220911795,160.2671428571429,156.06066666666666,5.36204784973795,3.9984384308197183,44861465.0,29083847.14285714,-0.1935971997347835,1.2232035338756222,1.026954108811165,1.016231814356138,1.0067543335325762
1851,AAPL,2017-11-01,169.26,169.33,165.02,166.29,33758685,0.0073365806723193,168.43,166.12,162.47,-1.2705575016327295,1.3905610402118906,2.246568597279497,161.79285714285714,156.42000000000002,5.335424738751223,4.410411662700142,36176411.0,30758078.285714287,-0.0668315604884077,1.203675595018126,1.0343489140957494,1.0261180462974184,0.9824530308401276
1852,AAPL,2017-11-02,167.04,167.9,164.69,167.51,41542177,0.0260879947465824,166.29,168.43,166.12,0.7336580672319348,-1.2705575016327295,1.3905610402118906,163.36,156.90900000000002,5.142991995588481,4.796184798429731,33758685.0,34163855.0,0.2305626537289589,1.1488540992616243,1.041113001803593,1.0194911652195031,1.0028136973180075
1853,AAPL,2017-11-03,173.38,173.64,170.51,171.88,59612161,0.0101815219920875,167.51,166.29,168.43,2.608799474658241,0.7336580672319348,-1.2705575016327295,165.65,157.5933333333333,4.799024206372842,5.402034312427368,41542177.0,39643645.28571428,0.4349792260525971,1.1957544526651018,1.0511231439570203,1.0183566946220162,0.9913484831007036
1854,AAPL,2017-11-06,171.75,174.36,171.1,173.63,34901241,0.0031676553590969,171.88,167.51,166.29,1.018152199208755,2.608799474658241,0.7336580672319348,168.04714285714286,158.38066666666666,3.746112270457846,5.951957622516227,59612161.0,42201880.71428572,-0.4145281698477597,1.1737541982118644,1.0610331828620256,1.019053185271771,1.0109461426491997
1855,AAPL,2017-11-07,173.29,174.51,173.29,174.18,24424877,0.0082098978068665,173.63,171.88,167.51,0.316765535909691,1.018152199208755,2.608799474658241,169.72,159.10033333333334,3.4428282946849618,6.5070192780609455,34901241.0,39325288.14285714,-0.3001716758438475,1.1510066727549657,1.0667482364378034,1.00704022159386,1.0051358993594552
1856,AAPL,2017-11-08,174.03,175.61,173.71,175.61,24451166,-0.0020499971527817,174.18,173.63,171.88,0.820989780686654,0.316765535909691,1.018152199208755,171.07571428571427,159.83133333333333,3.651136157158636,7.0833849950786405,24424877.0,36409531.14285714,0.0010763206709289,1.1520205420441096,1.0703515432041752,1.0109377698462956,1.0090788944434868
1857,AAPL,2017-11-09,174.48,175.46,172.52,175.25,29533086,-0.0033095577746077,175.61,174.18,173.63,-0.2049997152781757,0.820989780686654,0.316765535909691,172.04999999999998,160.582,3.736419855068299,7.486671559143113,24451166.0,35460484.71428572,0.2078395770573886,1.1412045567988185,1.0714152271113824,1.0170415024345003,1.0044131132508023
